"scenario","method","dose","n_replicates","p_eff_true","p_eff_mean","p_eff_bias","p_eff_rmse","p_eff_coverage_95","p_eff_interval_width","q_eff_true","q_eff_mean","q_eff_bias","q_eff_rmse","q_eff_coverage_95","q_eff_interval_width","r_eff_true","r_eff_mean","r_eff_bias","r_eff_rmse","r_eff_coverage_95","r_eff_interval_width"
"sce1","fixed_beta",1,100,0.2,0.181343690035398,-0.0186563099646016,0.144101624408621,0.76,0.411791934477904,0.2,0.20587820652329,0.00587820652329008,0.138078896472518,0.96,0.519963204315435,0,0.0298635820915384,0.0298635820915384,0.0301798403949576,0,0.342204069800086
"sce1","fixed_beta",2,100,0.35,0.323967636781611,-0.0260323632183886,0.15606810510219,0.96,0.584817144627393,0.41,0.407122020561981,-0.00287797943801929,0.149277379245308,0.96,0.613099213161286,0.0923076923076923,0.111358425482067,0.0190507331743748,0.076745271038617,1,0.544360135031636
"sce1","fixed_beta",3,100,0.35,0.336005954073,-0.0139940459270003,0.141125378112493,0.98,0.604090899766487,0.455,0.447889569883961,-0.00711043011603896,0.133814487714411,0.99,0.631405326324109,0.161538461538461,0.154490542051,-0.00704791948746114,0.0908547514720738,1,0.609452319039643
"sce1","fixed_beta",4,100,0.35,0.348903960578609,-0.00109603942139116,0.161080194709504,0.94,0.590822187159072,0.455,0.467378581950896,0.0123785819508959,0.16139265034732,0.98,0.617375305491784,0.161538461538461,0.174694064900507,0.0131556033620459,0.0902678736580842,1,0.627481211967582
"sce1","fixed_beta",5,100,0.35,0.394923135927468,0.0449231359274678,0.153735610710505,0.98,0.627050543347752,0.455,0.526343537892439,0.0713435378924388,0.170642559107583,0.98,0.620240947053217,0.161538461538461,0.210775668899662,0.0492372073612002,0.11968371686949,1,0.666052382504768
"sce1","hierarchical_beta",1,100,0.2,0.261227394700954,0.0612273947009539,0.139329840466337,0.92,0.485633255690918,0.2,0.413970722744567,0.213970722744567,0.240156724045713,0.88,0.778397129944535,0,0.200432690694385,0.200432690694385,0.222390329781748,0,0.80802361618142
"sce1","hierarchical_beta",2,100,0.35,0.338186443785697,-0.0118135562143034,0.128099532290022,1,0.577701702239577,0.41,0.477468470445212,0.0674684704452123,0.153627134925015,0.98,0.62038663236408,0.0923076923076923,0.198144659718572,0.105836967410879,0.165237809206221,1,0.663862069645931
"sce1","hierarchical_beta",3,100,0.35,0.33627337683137,-0.0137266231686303,0.124051745481745,0.98,0.57429631163554,0.455,0.475874162017985,0.0208741620179849,0.131284997307904,0.99,0.622835929299705,0.161538461538461,0.196690810350871,0.0351523488124096,0.133628493794172,1,0.657154461853527
"sce1","hierarchical_beta",4,100,0.35,0.325808553187596,-0.0241914468124044,0.143345657480355,0.94,0.557338623817677,0.455,0.462830226919351,0.00783022691935095,0.14918390287826,0.97,0.615946522112084,0.161538461538461,0.191335469125973,0.0297970075875118,0.13557232257367,1,0.643460504926173
"sce1","hierarchical_beta",5,100,0.35,0.340017432989328,-0.00998256701067156,0.128274959591224,0.98,0.575275434029076,0.455,0.481393369116041,0.0263933691160409,0.150948967409863,1,0.614772480822656,0.161538461538461,0.200474809773886,0.0389363482354247,0.150538094468598,1,0.647636177465195
"sce2","fixed_beta",1,100,0.01,0.028602926974185,0.018602926974185,0.0284966772525093,1,0.183746494903239,0.01,0.0575704638542275,0.0475704638542275,0.0519556655880286,0.98,0.382915843597218,0,0.0297599533468107,0.0297599533468107,0.0301148449225169,0,0.342191465076724
"sce2","fixed_beta",2,100,0.05,0.0782127579228018,0.0282127579228018,0.0608240255786773,1,0.313912968111022,0.053,0.11539726261206,0.0623972626120602,0.0898984777185704,0.98,0.397681483086635,0.00315789473684211,0.0402443005284865,0.0370864057916444,0.0444575770163801,1,0.279386914125748
"sce2","fixed_beta",3,100,0.3,0.295885795691198,-0.00411420430880197,0.14063472630322,0.95,0.568177451460852,0.315,0.394481834900022,0.0794818349000223,0.166457600722183,0.95,0.611624747540229,0.0214285714285714,0.133111260224346,0.111682688795775,0.138324109291361,1,0.555167998517311
"sce2","fixed_beta",4,100,0.6,0.548977965125518,-0.0510220348744819,0.163540042210114,0.99,0.654755705238275,0.69,0.659797932839111,-0.0302020671608886,0.133673385096752,0.99,0.578413455238201,0.225,0.220437995538778,-0.00456200446122233,0.0956088722155017,1,0.742345854112022
"sce2","fixed_beta",5,100,0.6,0.591077759091811,-0.00892224090818896,0.156554562652656,1,0.643024794991373,0.78,0.719280003083307,-0.060719996916693,0.119427309877092,0.99,0.549486467325323,0.45,0.273900871520569,-0.176099128479432,0.202716820397994,1,0.800712554415741
"sce2","hierarchical_beta",1,100,0.01,0.0920221774466047,0.0820221774466047,0.0880651922125606,0.97,0.355048578277889,0.01,0.266461582284707,0.256461582284707,0.270805805718985,0.88,0.853286890756827,0,0.191797370051957,0.191797370051957,0.211679094875297,0,0.838981301718223
"sce2","hierarchical_beta",2,100,0.05,0.111856421636491,0.0618564216364909,0.0892611122750189,0.98,0.382857973570673,0.053,0.200710485175158,0.147710485175158,0.169762576415645,0.88,0.539202362713059,0.00315789473684211,0.0994610698307878,0.0963031750939456,0.112490898987934,1,0.443755656059538
"sce2","hierarchical_beta",3,100,0.3,0.282390708853546,-0.0176092911464543,0.152404776571807,0.94,0.564043178905116,0.315,0.415798303479625,0.100798303479625,0.191198063392359,0.96,0.631597623119076,0.0214285714285714,0.176679596039696,0.155251024611125,0.202179211422751,1,0.604291482376911
"sce2","hierarchical_beta",4,100,0.6,0.497261570396575,-0.102738429603425,0.207426545463334,0.91,0.662354203427175,0.69,0.637987293520698,-0.0520127064793019,0.162373131299605,0.96,0.612495671721495,0.225,0.236652207356058,0.0116522073560581,0.162366530013114,1,0.763793767538321
"sce2","hierarchical_beta",5,100,0.6,0.518678468356622,-0.0813215316433784,0.209980880002002,0.91,0.655048422611235,0.78,0.668593397035409,-0.111406602964591,0.169785668617912,0.99,0.612222590119665,0.45,0.249199466985204,-0.200800533014796,0.259740016113068,0.97,0.787372260113272
"sce3","fixed_beta",1,100,0.05,0.0539578676496602,0.00395786764966023,0.0630008052860229,0.99,0.237281933835055,0.05,0.0820274401172303,0.0320274401172303,0.069796353494112,0.99,0.411331726559082,0,0.0297533974720894,0.0297533974720894,0.0301181616844196,0,0.339159718034597
"sce3","fixed_beta",2,100,0.1,0.113372980846764,0.0133729808467645,0.0708227007159996,1,0.372089605551893,0.115,0.165555897740294,0.0505558977402935,0.10235340137544,1,0.4609364669198,0.0166666666666667,0.0575503173643531,0.0408836506976864,0.0625077670690785,1,0.338055705324199
"sce3","fixed_beta",3,100,0.3,0.285008592654528,-0.0149914073454718,0.146745937597356,0.96,0.550589755965165,0.33,0.372641991280494,0.0426419912804938,0.149412775191082,0.97,0.604221498414826,0.0428571428571428,0.116869005047893,0.0740118621907505,0.0979192666633852,1,0.522471125810182
"sce3","fixed_beta",4,100,0.5,0.472094816209169,-0.0279051837908311,0.147637120559867,0.96,0.64213096796437,0.59,0.580732483690164,-0.00926751630983594,0.131788533032935,0.98,0.609849048903127,0.18,0.191767818365266,0.0117678183652657,0.0847797994845995,1,0.682006657460006
"sce3","fixed_beta",5,100,0.7,0.648362235285734,-0.0516377647142664,0.157716599922666,0.99,0.627836577154485,0.85,0.764348851828342,-0.0856511481716579,0.129963026349829,0.99,0.512520561507241,0.5,0.288293388527832,-0.211706611472168,0.227496434253814,1,0.839253077630152
"sce3","hierarchical_beta",1,100,0.05,0.125733842189793,0.0757338421897935,0.105952035200582,0.98,0.394886856052539,0.05,0.295976674577844,0.245976674577844,0.261735360178888,0.84,0.841642120280669,0,0.19307425319719,0.19307425319719,0.209587594614097,0,0.83617920756622
"sce3","hierarchical_beta",2,100,0.1,0.149432268671494,0.0494322686714942,0.092961439601852,1,0.429202231021125,0.115,0.256799634432964,0.141799634432964,0.178905606131724,0.95,0.568460498171043,0.0166666666666667,0.124036157498102,0.107369490831435,0.139310789450403,1,0.483275276912353
"sce3","hierarchical_beta",3,100,0.3,0.279226369691755,-0.0207736303082446,0.149121921751764,0.93,0.544612124845537,0.33,0.398481051394434,0.0684810513944339,0.164817759894536,0.96,0.617170543009768,0.0428571428571428,0.159222444820325,0.116365301963182,0.154917131427611,1,0.584407736881366
"sce3","hierarchical_beta",4,100,0.5,0.429675810751606,-0.0703241892483937,0.169282439196389,0.95,0.641156342052732,0.59,0.560713746758388,-0.0292862532416119,0.147016600733211,0.99,0.629161464920974,0.18,0.2071360777724,0.0271360777724,0.135732921108005,1,0.694735121044396
"sce3","hierarchical_beta",5,100,0.7,0.568571518604773,-0.131428481395227,0.223043389771171,0.92,0.661444538645605,0.85,0.706191171639726,-0.143808828360274,0.1854462337302,0.92,0.597903844807088,0.5,0.256143514495612,-0.243856485504388,0.278633671595496,0.97,0.849924915906433
"sce4","fixed_beta",1,100,0.01,0.0326247216157827,0.0226247216157827,0.037270608902778,1,0.198401618884059,0.01,0.0612706686476907,0.0512706686476906,0.0587425248069235,0.97,0.396757580920658,0,0.0295806179304538,0.0295806179304538,0.0299540835835736,0,0.350908134388212
"sce4","fixed_beta",2,100,0.05,0.0875634286596207,0.0375634286596207,0.0730531091499776,0.99,0.326830990433357,0.053,0.128360985963015,0.0753609859630154,0.106354400611688,0.96,0.417940603656684,0.00315789473684211,0.0445790985454589,0.0414212038086168,0.0513006542223944,1,0.299243014208073
"sce4","fixed_beta",3,100,0.1,0.146570976481759,0.0465709764817595,0.101528471662735,0.98,0.41481894580633,0.115,0.210727938557679,0.0957279385576794,0.140574301006604,0.98,0.513755578331256,0.0166666666666667,0.0747221335061699,0.0580554668395033,0.0740925178521143,1,0.389373576292941
"sce4","fixed_beta",4,100,0.2,0.23197833665327,0.0319783366532703,0.112472198925191,1,0.517734838048421,0.23,0.326464223717295,0.0964642237172947,0.151402419058207,0.98,0.593038768365948,0.0375,0.120355034806453,0.0828550348064525,0.103872656364137,1,0.50504129456338
"sce4","fixed_beta",5,100,0.4,0.423115300530454,0.0231153005304543,0.152492718402598,0.97,0.625399582617311,0.46,0.541376013200841,0.0813760132008411,0.16621835439174,0.92,0.614091299130097,0.1,0.196843541822598,0.0968435418225984,0.138141737512147,1,0.648192600780553
"sce4","hierarchical_beta",1,100,0.01,0.0726258602496131,0.062625860249613,0.0734820526984106,0.94,0.292086019127723,0.01,0.186159319758282,0.176159319758282,0.185841317616579,0.93,0.719491654500042,0,0.122008538557387,0.122008538557387,0.132729780951894,0,0.692858922264915
"sce4","hierarchical_beta",2,100,0.05,0.0924538423133557,0.0424538423133557,0.0747492539537317,0.97,0.32461786784574,0.053,0.158585514334719,0.105585514334719,0.132187994314997,0.94,0.45366298806782,0.00315789473684211,0.0722533823249824,0.0690954875881403,0.0855902508493242,1,0.36058883466555
"sce4","hierarchical_beta",3,100,0.1,0.12210749067795,0.02210749067795,0.0899804928270617,0.98,0.367835426096775,0.115,0.193266578875211,0.0782665788752111,0.130917442117015,0.97,0.481685014588871,0.0166666666666667,0.0800066691529368,0.0633400024862702,0.0895257427021463,1,0.383404845293799
"sce4","hierarchical_beta",4,100,0.2,0.169990160937144,-0.0300098390628562,0.108577203695582,0.96,0.431389859397762,0.23,0.256909573074252,0.0269095730742515,0.120913230041256,1,0.540261282357619,0.0375,0.100634084309777,0.0631340843097769,0.101789708983035,1,0.439071736326759
"sce4","hierarchical_beta",5,100,0.4,0.319005428626568,-0.0809945713734322,0.175124353678296,0.92,0.578861914798779,0.46,0.42238535081721,-0.03761464918279,0.158854864152263,0.96,0.622764310613721,0.1,0.1378796657682,0.0378796657681997,0.123248455746949,1,0.565025893021499
"sce5","fixed_beta",1,100,0.1,0.099650442294355,-0.000349557705644986,0.0789594646936366,1,0.326038936278365,0.1,0.125722030057894,0.0257220300578936,0.0805592445236522,1,0.458628561323962,0,0.0288989246733608,0.0288989246733608,0.0292263807876218,0,0.330633537010919
"sce5","fixed_beta",2,100,0.2,0.175265503401868,-0.0247344965981319,0.119417484518645,0.99,0.448338652867914,0.23,0.239228156388674,0.0092281563886735,0.126487669865602,0.99,0.523617285971874,0.0375,0.0744580381608363,0.0369580381608363,0.0675034368674736,1,0.403990932382509
"sce5","fixed_beta",3,100,0.4,0.363310188816429,-0.0366898111835709,0.149259936346437,0.98,0.608929003585195,0.46,0.462072471947072,0.00207247194707213,0.133090475554868,0.99,0.630113229162027,0.1,0.14271763143459,0.0427176314345897,0.0829067983642249,1,0.6054577423397
"sce5","fixed_beta",4,100,0.4,0.402128545992574,0.00212854599257444,0.164186898229974,0.92,0.623566077440304,0.52,0.531329550526673,0.0113295505266729,0.150895080835955,0.95,0.621845254357402,0.2,0.19998652085203,-1.34791479703195e-05,0.107142883271023,1,0.673745026245595
"sce5","fixed_beta",5,100,0.4,0.424354672532095,0.0243546725320945,0.154225466950592,0.97,0.630842787169094,0.52,0.551911004329778,0.0319110043297778,0.148189797007427,0.98,0.612240124774349,0.2,0.213785825874961,0.0137858258749605,0.0974359869050808,1,0.678533666833155
"sce5","hierarchical_beta",1,100,0.1,0.183056919563361,0.0830569195633607,0.123632171734365,0.96,0.434308643221067,0.1,0.341756929577397,0.241756929577397,0.26219365625923,0.89,0.79351292704915,0,0.19100423337762,0.19100423337762,0.21481846849731,0,0.793251319922255
"sce5","hierarchical_beta",2,100,0.2,0.21580571376283,0.0158057137628296,0.115323275572287,0.96,0.472259068431644,0.23,0.330207826814968,0.100207826814968,0.160148495378794,0.96,0.594474755469873,0.0375,0.140294617902082,0.102794617902082,0.14111523211466,0.99,0.533727902024848
"sce5","hierarchical_beta",3,100,0.4,0.340654615055933,-0.0593453849440674,0.150186257903928,0.96,0.576998228801545,0.46,0.474122408301341,0.0141224083013412,0.128519471509608,1,0.630708315532641,0.1,0.186168863564468,0.0861688635644683,0.144974120957012,1,0.642625591640318
"sce5","hierarchical_beta",4,100,0.4,0.354062248630053,-0.0459377513699474,0.170807066353612,0.92,0.580623409905704,0.52,0.504663208374988,-0.0153367916250122,0.158432575346279,0.93,0.622062776409073,0.2,0.210395155839037,0.0103951558390371,0.162173263934012,0.99,0.659161665365451
"sce5","hierarchical_beta",5,100,0.4,0.344996009170525,-0.0550039908294753,0.155983905736625,0.93,0.57573269460604,0.52,0.485994087538795,-0.0340059124612049,0.153903476343932,0.96,0.616087999766598,0.2,0.20048012345791,0.000480123457910368,0.144599549795537,1,0.645218010824836
