"scenario","alpha_true","replicate","r_hat_used","r_hat_mean","r_hat_map","r_hat_sd","dose","nR","yR","nI","yI","p_true","q_true","obs_pooled","p_pool_plugin","p_mle_plugin"
"sce1",1.2,1,0.986797325669395,0.986797325669395,0,0.00316377904343186,1,100,35,100,100,0.3,1,0.675,0.675,0.353041512432886
"sce1",1.2,1,0.986797325669395,0.986797325669395,0,0.00316377904343186,2,100,38,100,100,0.35,1,0.69,0.69,0.383146009463653
"sce1",1.2,1,0.986797325669395,0.986797325669395,0,0.00316377904343186,3,100,39,100,100,0.4,1,0.695,0.695,0.39317544721404
"sce1",1.2,1,0.986797325669395,0.986797325669395,0,0.00316377904343186,4,100,33,100,100,0.45,1,0.665,0.665,0.332958328630556
"sce1",1.2,1,0.986797325669395,0.986797325669395,0,0.00316377904343186,5,100,54,100,100,0.5,1,0.77,0.77,0.543295792526915
"sce1",1.2,2,0.986839746835715,0.986839746835715,0,0.00317048938727405,1,100,22,100,100,0.3,1,0.61,0.61,0.222298697292539
"sce1",1.2,2,0.986839746835715,0.986839746835715,0,0.00317048938727405,2,100,34,100,100,0.35,1,0.67,0.67,0.342991506872906
"sce1",1.2,2,0.986839746835715,0.986839746835715,0,0.00317048938727405,3,100,38,100,100,0.4,1,0.69,0.69,0.383135787098532
"sce1",1.2,2,0.986839746835715,0.986839746835715,0,0.00317048938727405,4,100,49,100,100,0.45,1,0.745,0.745,0.493311556513083
"sce1",1.2,2,0.986839746835715,0.986839746835715,0,0.00317048938727405,5,100,52,100,100,0.5,1,0.76,0.76,0.523303641701431
"sce1",1.2,3,0.986765534373035,0.986765534373035,0,0.00315806983416653,1,100,31,100,100,0.3,1,0.655,0.655,0.312871294024032
"sce1",1.2,3,0.986765534373035,0.986765534373035,0,0.00315806983416653,2,100,37,100,100,0.35,1,0.685,0.685,0.373121462730006
"sce1",1.2,3,0.986765534373035,0.986765534373035,0,0.00315806983416653,3,100,42,100,100,0.4,1,0.71,0.71,0.423255518231088
"sce1",1.2,3,0.986765534373035,0.986765534373035,0,0.00315806983416653,4,100,39,100,100,0.45,1,0.695,0.695,0.393183177121122
"sce1",1.2,3,0.986765534373035,0.986765534373035,0,0.00315806983416653,5,100,53,100,100,0.5,1,0.765,0.765,0.533314398982858
"sce1",1.2,4,0.986798207978192,0.986798207978192,0,0.00316398594147477,1,100,22,100,100,0.3,1,0.61,0.61,0.222306082623291
"sce1",1.2,4,0.986798207978192,0.986798207978192,0,0.00316398594147477,2,100,35,100,100,0.35,1,0.675,0.675,0.353041306626477
"sce1",1.2,4,0.986798207978192,0.986798207978192,0,0.00316398594147477,3,100,44,100,100,0.4,1,0.72,0.72,0.44328210127027
"sce1",1.2,4,0.986798207978192,0.986798207978192,0,0.00316398594147477,4,100,48,100,100,0.45,1,0.74,0.74,0.48331941682029
"sce1",1.2,4,0.986798207978192,0.986798207978192,0,0.00316398594147477,5,100,50,100,100,0.5,1,0.75,0.75,0.503322085348797
"sce1",1.2,5,0.986633090387756,0.986633090387756,0,0.00312824270681803,1,100,27,100,100,0.3,1,0.635,0.635,0.272677008462902
"sce1",1.2,5,0.986633090387756,0.986633090387756,0,0.00312824270681803,2,100,39,100,100,0.35,1,0.695,0.695,0.393215384600787
"sce1",1.2,5,0.986633090387756,0.986633090387756,0,0.00312824270681803,3,100,42,100,100,0.4,1,0.71,0.71,0.423288417515292
"sce1",1.2,5,0.986633090387756,0.986633090387756,0,0.00312824270681803,4,100,47,100,100,0.45,1,0.735,0.735,0.473355862040914
"sce1",1.2,5,0.986633090387756,0.986633090387756,0,0.00312824270681803,5,100,59,100,100,0.5,1,0.795,0.795,0.593243144938994
"sce1",1.2,6,0.986744956903205,0.986744956903205,0,0.00315411165440817,1,100,28,100,100,0.3,1,0.64,0.64,0.282713747633265
"sce1",1.2,6,0.986744956903205,0.986744956903205,0,0.00315411165440817,2,100,30,100,100,0.35,1,0.65,0.65,0.302824530758169
"sce1",1.2,6,0.986744956903205,0.986744956903205,0,0.00315411165440817,3,100,45,100,100,0.4,1,0.725,0.725,0.453308841163583
"sce1",1.2,6,0.986744956903205,0.986744956903205,0,0.00315411165440817,4,100,46,100,100,0.45,1,0.73,0.73,0.463319540989769
"sce1",1.2,6,0.986744956903205,0.986744956903205,0,0.00315411165440817,5,100,55,100,100,0.5,1,0.775,0.775,0.553295624512405
"sce1",1.2,7,0.986828646118116,0.986828646118116,0,0.00316880436116246,1,100,26,100,100,0.3,1,0.63,0.63,0.262575377643616
"sce1",1.2,7,0.986828646118116,0.986828646118116,0,0.00316880436116246,2,100,34,100,100,0.35,1,0.67,0.67,0.342994062807778
"sce1",1.2,7,0.986828646118116,0.986828646118116,0,0.00316880436116246,3,100,43,100,100,0.4,1,0.715,0.715,0.433258491443918
"sce1",1.2,7,0.986828646118116,0.986828646118116,0,0.00316880436116246,4,100,48,100,100,0.45,1,0.74,0.74,0.483311708037606
"sce1",1.2,7,0.986828646118116,0.986828646118116,0,0.00316880436116246,5,100,45,100,100,0.5,1,0.725,0.725,0.453287773211405
"sce1",1.2,8,0.986722355999098,0.986722355999098,0,0.00314937786230563,1,100,29,100,100,0.3,1,0.645,0.645,0.292775302270279
"sce1",1.2,8,0.986722355999098,0.986722355999098,0,0.00314937786230563,2,100,38,100,100,0.35,1,0.69,0.69,0.383164076950568
"sce1",1.2,8,0.986722355999098,0.986722355999098,0,0.00314937786230563,3,100,40,100,100,0.4,1,0.7,0.7,0.403220568375454
"sce1",1.2,8,0.986722355999098,0.986722355999098,0,0.00314937786230563,4,100,48,100,100,0.45,1,0.74,0.74,0.483338628251467
"sce1",1.2,8,0.986722355999098,0.986722355999098,0,0.00314937786230563,5,100,51,100,100,0.5,1,0.755,0.755,0.513338621885505
"sce1",1.2,9,0.986808562116118,0.986808562116118,0,0.00316570027025623,1,100,26,100,100,0.3,1,0.63,0.63,0.262579368323835
"sce1",1.2,9,0.986808562116118,0.986808562116118,0,0.00316570027025623,2,100,30,100,100,0.35,1,0.65,0.65,0.302810779564621
"sce1",1.2,9,0.986808562116118,0.986808562116118,0,0.00316570027025623,3,100,44,100,100,0.4,1,0.72,0.72,0.4432795042792
"sce1",1.2,9,0.986808562116118,0.986808562116118,0,0.00316570027025623,4,100,45,100,100,0.45,1,0.725,0.725,0.453292828960712
"sce1",1.2,9,0.986808562116118,0.986808562116118,0,0.00316570027025623,5,100,53,100,100,0.5,1,0.765,0.765,0.5333035665511
"sce1",1.2,10,0.986666370791256,0.986666370791256,0,0.00313656374952142,1,100,33,100,100,0.3,1,0.665,0.665,0.332988067520382
"sce1",1.2,10,0.986666370791256,0.986666370791256,0,0.00313656374952142,2,100,40,100,100,0.35,1,0.7,0.7,0.403234291932902
"sce1",1.2,10,0.986666370791256,0.986666370791256,0,0.00313656374952142,3,100,41,100,100,0.4,1,0.705,0.705,0.413258577212398
"sce1",1.2,10,0.986666370791256,0.986666370791256,0,0.00313656374952142,4,100,42,100,100,0.45,1,0.71,0.71,0.423280150016988
"sce1",1.2,10,0.986666370791256,0.986666370791256,0,0.00313656374952142,5,100,55,100,100,0.5,1,0.775,0.775,0.553315251649847
"sce1",1.5,1,0.986888961900562,0.986888961900562,0,0.00317664301666808,1,100,26,100,100,0.3,1,0.63,0.63,0.262563394109912
"sce1",1.5,1,0.986888961900562,0.986888961900562,0,0.00317664301666808,2,100,37,100,100,0.35,1,0.685,0.685,0.373092012432342
"sce1",1.5,1,0.986888961900562,0.986888961900562,0,0.00317664301666808,3,100,38,100,100,0.4,1,0.69,0.69,0.383123928510157
"sce1",1.5,1,0.986888961900562,0.986888961900562,0,0.00317664301666808,4,100,40,100,100,0.45,1,0.7,0.7,0.403179735728841
"sce1",1.5,1,0.986888961900562,0.986888961900562,0,0.00317664301666808,5,100,49,100,100,0.5,1,0.745,0.745,0.493299087887979
"sce1",1.5,2,0.986688357941981,0.986688357941981,0,0.00314176038299523,1,100,35,100,100,0.3,1,0.675,0.675,0.353066932763152
"sce1",1.5,2,0.986688357941981,0.986688357941981,0,0.00314176038299523,2,100,43,100,100,0.35,1,0.715,0.715,0.433293522635954
"sce1",1.5,2,0.986688357941981,0.986688357941981,0,0.00314176038299523,3,100,40,100,100,0.4,1,0.7,0.7,0.403228902116019
"sce1",1.5,2,0.986688357941981,0.986688357941981,0,0.00314176038299523,4,100,42,100,100,0.45,1,0.71,0.71,0.423274688201462
"sce1",1.5,2,0.986688357941981,0.986688357941981,0,0.00314176038299523,5,100,49,100,100,0.5,1,0.745,0.745,0.493349914805099
"sce1",1.5,3,0.986711901549132,0.986711901549132,0,0.00314714382927635,1,100,33,100,100,0.3,1,0.665,0.665,0.33297772693205
"sce1",1.5,3,0.986711901549132,0.986711901549132,0,0.00314714382927635,2,100,31,100,100,0.35,1,0.655,0.655,0.312883095974421
"sce1",1.5,3,0.986711901549132,0.986711901549132,0,0.00314714382927635,3,100,42,100,100,0.4,1,0.71,0.71,0.423268839941157
"sce1",1.5,3,0.986711901549132,0.986711901549132,0,0.00314714382927635,4,100,43,100,100,0.45,1,0.715,0.715,0.433287643111894
"sce1",1.5,3,0.986711901549132,0.986711901549132,0,0.00314714382927635,5,100,58,100,100,0.5,1,0.79,0.79,0.583247921693292
"sce1",1.5,4,0.986702301293113,0.986702301293113,0,0.0031450909936157,1,100,30,100,100,0.3,1,0.65,0.65,0.302833753807916
"sce1",1.5,4,0.986702301293113,0.986702301293113,0,0.0031450909936157,2,100,23,100,100,0.35,1,0.615,0.615,0.232396618746184
"sce1",1.5,4,0.986702301293113,0.986702301293113,0,0.0031450909936157,3,100,51,100,100,0.4,1,0.755,0.755,0.513343695385648
"sce1",1.5,4,0.986702301293113,0.986702301293113,0,0.0031450909936157,4,100,58,100,100,0.45,1,0.79,0.79,0.583250275952893
"sce1",1.5,4,0.986702301293113,0.986702301293113,0,0.0031450909936157,5,100,46,100,100,0.5,1,0.73,0.73,0.463330310377792
"sce1",1.5,5,0.986743780219319,0.986743780219319,0,0.00315380592001567,1,100,35,100,100,0.3,1,0.675,0.675,0.353054003028911
"sce1",1.5,5,0.986743780219319,0.986743780219319,0,0.00315380592001567,2,100,33,100,100,0.35,1,0.665,0.665,0.332970487462158
"sce1",1.5,5,0.986743780219319,0.986743780219319,0,0.00315380592001567,3,100,41,100,100,0.4,1,0.705,0.705,0.41323946752138
"sce1",1.5,5,0.986743780219319,0.986743780219319,0,0.00315380592001567,4,100,45,100,100,0.45,1,0.725,0.725,0.45330913739837
"sce1",1.5,5,0.986743780219319,0.986743780219319,0,0.00315380592001567,5,100,50,100,100,0.5,1,0.75,0.75,0.503335870429697
"sce1",1.5,6,0.987003676005769,0.987003676005769,0,0.00318446907355885,1,100,23,100,100,0.3,1,0.615,0.615,0.232341368721799
"sce1",1.5,6,0.987003676005769,0.987003676005769,0,0.00318446907355885,2,100,28,100,100,0.35,1,0.64,0.64,0.282659976104028
"sce1",1.5,6,0.987003676005769,0.987003676005769,0,0.00318446907355885,3,100,38,100,100,0.4,1,0.69,0.69,0.383096291491345
"sce1",1.5,6,0.987003676005769,0.987003676005769,0,0.00318446907355885,4,100,44,100,100,0.45,1,0.72,0.72,0.443230573148453
"sce1",1.5,6,0.987003676005769,0.987003676005769,0,0.00318446907355885,5,100,45,100,100,0.5,1,0.725,0.725,0.453243718371181
"sce1",1.5,7,0.986919013957843,0.986919013957843,0,0.00317967097414874,1,100,31,100,100,0.3,1,0.655,0.655,0.312837528172641
"sce1",1.5,7,0.986919013957843,0.986919013957843,0,0.00317967097414874,2,100,26,100,100,0.35,1,0.63,0.63,0.262557424030505
"sce1",1.5,7,0.986919013957843,0.986919013957843,0,0.00317967097414874,3,100,42,100,100,0.4,1,0.71,0.71,0.423217401600908
"sce1",1.5,7,0.986919013957843,0.986919013957843,0,0.00317967097414874,4,100,34,100,100,0.45,1,0.67,0.67,0.342973257263281
"sce1",1.5,7,0.986919013957843,0.986919013957843,0,0.00317967097414874,5,100,54,100,100,0.5,1,0.77,0.77,0.543265268910495
"sce1",1.5,8,0.98667798338542,0.98667798338542,0,0.00313936957715754,1,100,29,100,100,0.3,1,0.645,0.645,0.292784717403982
"sce1",1.5,8,0.98667798338542,0.98667798338542,0,0.00313936957715754,2,100,42,100,100,0.35,1,0.71,0.71,0.423277265317354
"sce1",1.5,8,0.98667798338542,0.98667798338542,0,0.00313936957715754,3,100,38,100,100,0.4,1,0.69,0.69,0.383174771715435
"sce1",1.5,8,0.98667798338542,0.98667798338542,0,0.00313936957715754,4,100,52,100,100,0.45,1,0.76,0.76,0.523344481624133
"sce1",1.5,8,0.98667798338542,0.98667798338542,0,0.00313936957715754,5,100,49,100,100,0.5,1,0.745,0.745,0.493352543685683
"sce1",1.5,9,0.986609490118728,0.986609490118728,0,0.00312197171055385,1,100,26,100,100,0.3,1,0.63,0.63,0.262618934433263
"sce1",1.5,9,0.986609490118728,0.986609490118728,0,0.00312197171055385,2,100,40,100,100,0.35,1,0.7,0.7,0.403248236235457
"sce1",1.5,9,0.986609490118728,0.986609490118728,0,0.00312197171055385,3,100,48,100,100,0.4,1,0.74,0.74,0.483367217322908
"sce1",1.5,9,0.986609490118728,0.986609490118728,0,0.00312197171055385,4,100,54,100,100,0.45,1,0.77,0.77,0.543342913434575
"sce1",1.5,9,0.986609490118728,0.986609490118728,0,0.00312197171055385,5,100,48,100,100,0.5,1,0.74,0.74,0.483367217322908
"sce1",1.5,10,0.986733825819846,0.986733825819846,0,0.00315182277716061,1,100,30,100,100,0.3,1,0.65,0.65,0.302826937451664
"sce1",1.5,10,0.986733825819846,0.986733825819846,0,0.00315182277716061,2,100,32,100,100,0.35,1,0.66,0.66,0.322926873763689
"sce1",1.5,10,0.986733825819846,0.986733825819846,0,0.00315182277716061,3,100,41,100,100,0.4,1,0.705,0.705,0.41324192479016
"sce1",1.5,10,0.986733825819846,0.986733825819846,0,0.00315182277716061,4,100,46,100,100,0.45,1,0.73,0.73,0.463322351233715
"sce1",1.5,10,0.986733825819846,0.986733825819846,0,0.00315182277716061,5,100,56,100,100,0.5,1,0.78,0.78,0.563282433957578
"sce2",1.2,1,0.987058974586554,0.987058974586554,0,0.00318467862107681,1,100,15,100,100,0.15,1,0.575,0.575,0.151683679608302
"sce2",1.2,1,0.987058974586554,0.987058974586554,0,0.00318467862107681,2,100,32,100,100,0.3,1,0.66,0.66,0.322854169604062
"sce2",1.2,1,0.987058974586554,0.987058974586554,0,0.00318467862107681,3,100,35,100,100,0.38,1,0.675,0.675,0.352980495496723
"sce2",1.2,1,0.987058974586554,0.987058974586554,0,0.00318467862107681,4,100,35,100,100,0.45,1,0.675,0.675,0.352980495496723
"sce2",1.2,1,0.987058974586554,0.987058974586554,0,0.00318467862107681,5,100,55,100,100,0.55,1,0.775,0.775,0.553217207788289
"sce2",1.2,2,0.986831204500779,0.986831204500779,0,0.00316935997836196,1,100,14,100,100,0.15,1,0.57,0.57,0.141619142947375
"sce2",1.2,2,0.986831204500779,0.986831204500779,0,0.00316935997836196,2,100,34,100,100,0.3,1,0.67,0.67,0.342993473736499
"sce2",1.2,2,0.986831204500779,0.986831204500779,0,0.00316935997836196,3,100,41,100,100,0.38,1,0.705,0.705,0.413217888208711
"sce2",1.2,2,0.986831204500779,0.986831204500779,0,0.00316935997836196,4,100,51,100,100,0.45,1,0.755,0.755,0.513311086669395
"sce2",1.2,2,0.986831204500779,0.986831204500779,0,0.00316935997836196,5,100,56,100,100,0.55,1,0.78,0.78,0.563258241886198
"sce2",1.2,3,0.986811107509484,0.986811107509484,0,0.00316628111034755,1,100,14,100,100,0.15,1,0.57,0.57,0.141621666299841
"sce2",1.2,3,0.986811107509484,0.986811107509484,0,0.00316628111034755,2,100,29,100,100,0.3,1,0.645,0.645,0.292756473502458
"sce2",1.2,3,0.986811107509484,0.986811107509484,0,0.00316628111034755,3,100,50,100,100,0.38,1,0.75,0.75,0.50331881835228
"sce2",1.2,3,0.986811107509484,0.986811107509484,0,0.00316628111034755,4,100,48,100,100,0.45,1,0.74,0.74,0.48331614984562
"sce2",1.2,3,0.986811107509484,0.986811107509484,0,0.00316628111034755,5,100,57,100,100,0.55,1,0.785,0.785,0.573244730212274
"sce2",1.2,4,0.987049682348102,0.987049682348102,0,0.00318480228329557,1,100,16,100,100,0.15,1,0.58,0.58,0.161775388661105
"sce2",1.2,4,0.987049682348102,0.987049682348102,0,0.00318480228329557,2,100,29,100,100,0.3,1,0.645,0.645,0.292705878205845
"sce2",1.2,4,0.987049682348102,0.987049682348102,0,0.00318480228329557,3,100,36,100,100,0.38,1,0.68,0.68,0.363019492154226
"sce2",1.2,4,0.987049682348102,0.987049682348102,0,0.00318480228329557,4,100,43,100,100,0.45,1,0.715,0.715,0.433203310647102
"sce2",1.2,4,0.987049682348102,0.987049682348102,0,0.00318480228329557,5,100,49,100,100,0.55,1,0.745,0.745,0.493258373791253
"sce2",1.2,5,0.986995921293206,0.986995921293206,0,0.00318437122464393,1,100,16,100,100,0.15,1,0.58,0.58,0.161782906796255
"sce2",1.2,5,0.986995921293206,0.986995921293206,0,0.00318437122464393,2,100,27,100,100,0.3,1,0.635,0.635,0.27260321198786
"sce2",1.2,5,0.986995921293206,0.986995921293206,0,0.00318437122464393,3,100,36,100,100,0.38,1,0.68,0.68,0.363032176825344
"sce2",1.2,5,0.986995921293206,0.986995921293206,0,0.00318437122464393,4,100,50,100,100,0.45,1,0.75,0.75,0.503272016007904
"sce2",1.2,5,0.986995921293206,0.986995921293206,0,0.00318437122464393,5,100,50,100,100,0.55,1,0.75,0.75,0.503272016007904
"sce2",1.2,6,0.986842279915603,0.986842279915603,0,0.00317102317655638,1,100,14,100,100,0.15,1,0.57,0.57,0.141617752401991
"sce2",1.2,6,0.986842279915603,0.986842279915603,0,0.00317102317655638,2,100,39,100,100,0.3,1,0.695,0.695,0.393164517484025
"sce2",1.2,6,0.986842279915603,0.986842279915603,0,0.00317102317655638,3,100,32,100,100,0.38,1,0.66,0.66,0.322902617682006
"sce2",1.2,6,0.986842279915603,0.986842279915603,0,0.00317102317655638,4,100,46,100,100,0.45,1,0.73,0.73,0.463294971641509
"sce2",1.2,6,0.986842279915603,0.986842279915603,0,0.00317102317655638,5,100,64,100,100,0.55,1,0.82,0.82,0.643034490549555
"sce2",1.2,7,0.987136751867401,0.987136751867401,0,0.00318047194860053,1,100,14,100,100,0.15,1,0.57,0.57,0.141580798834682
"sce2",1.2,7,0.987136751867401,0.987136751867401,0,0.00318047194860053,2,100,26,100,100,0.3,1,0.63,0.63,0.262514181784556
"sce2",1.2,7,0.987136751867401,0.987136751867401,0,0.00318047194860053,3,100,35,100,100,0.38,1,0.675,0.675,0.352962363520962
"sce2",1.2,7,0.987136751867401,0.987136751867401,0,0.00318047194860053,4,100,33,100,100,0.45,1,0.665,0.665,0.332881283882185
"sce2",1.2,7,0.987136751867401,0.987136751867401,0,0.00318047194860053,5,100,55,100,100,0.55,1,0.775,0.775,0.553197787715524
"sce2",1.2,8,0.986985957460065,0.986985957460065,0,0.00318397307882909,1,100,17,100,100,0.15,1,0.585,0.585,0.171872499638306
"sce2",1.2,8,0.986985957460065,0.986985957460065,0,0.00318397307882909,2,100,31,100,100,0.3,1,0.655,0.655,0.312822803918327
"sce2",1.2,8,0.986985957460065,0.986985957460065,0,0.00318397307882909,3,100,38,100,100,0.38,1,0.69,0.69,0.383100559906072
"sce2",1.2,8,0.986985957460065,0.986985957460065,0,0.00318397307882909,4,100,46,100,100,0.45,1,0.73,0.73,0.463258705306795
"sce2",1.2,8,0.986985957460065,0.986985957460065,0,0.00318397307882909,5,100,48,100,100,0.55,1,0.74,0.74,0.483271871336365
"sce2",1.2,9,0.986862303266782,0.986862303266782,0,0.00317370574667437,1,100,15,100,100,0.15,1,0.575,0.575,0.151709796848185
"sce2",1.2,9,0.986862303266782,0.986862303266782,0,0.00317370574667437,2,100,30,100,100,0.3,1,0.65,0.65,0.302799162440084
"sce2",1.2,9,0.986862303266782,0.986862303266782,0,0.00317370574667437,3,100,39,100,100,0.38,1,0.695,0.695,0.393159649464118
"sce2",1.2,9,0.986862303266782,0.986862303266782,0,0.00317370574667437,4,100,46,100,100,0.45,1,0.73,0.73,0.463289917073712
"sce2",1.2,9,0.986862303266782,0.986862303266782,0,0.00317370574667437,5,100,63,100,100,0.55,1,0.815,0.815,0.633066581676938
"sce2",1.2,10,0.9869669889034,0.9869669889034,0,0.00318308616162463,1,100,19,100,100,0.15,1,0.595,0.595,0.192043761535486
"sce2",1.2,10,0.9869669889034,0.9869669889034,0,0.00318308616162463,2,100,31,100,100,0.3,1,0.655,0.655,0.312826975847445
"sce2",1.2,10,0.9869669889034,0.9869669889034,0,0.00318308616162463,3,100,42,100,100,0.38,1,0.71,0.71,0.423205488777021
"sce2",1.2,10,0.9869669889034,0.9869669889034,0,0.00318308616162463,4,100,41,100,100,0.45,1,0.705,0.705,0.413184377630326
"sce2",1.2,10,0.9869669889034,0.9869669889034,0,0.00318308616162463,5,100,49,100,100,0.55,1,0.745,0.745,0.493279321057123
"sce2",1.5,1,0.986930255658671,0.986930255658671,0,0.00318073980865546,1,100,11,100,100,0.15,1,0.555,0.555,0.111308032994553
"sce2",1.5,1,0.986930255658671,0.986930255658671,0,0.00318073980865546,2,100,37,100,100,0.3,1,0.685,0.685,0.373082161008428
"sce2",1.5,1,0.986930255658671,0.986930255658671,0,0.00318073980865546,3,100,40,100,100,0.38,1,0.7,0.7,0.403169616898314
"sce2",1.5,1,0.986930255658671,0.986930255658671,0,0.00318073980865546,4,100,50,100,100,0.45,1,0.75,0.75,0.50328864425183
"sce2",1.5,1,0.986930255658671,0.986930255658671,0,0.00318073980865546,5,100,48,100,100,0.55,1,0.74,0.74,0.483285976189296
"sce2",1.5,2,0.986862481295467,0.986862481295467,0,0.00317374156807911,1,100,14,100,100,0.15,1,0.57,0.57,0.1416152161966
"sce2",1.5,2,0.986862481295467,0.986862481295467,0,0.00317374156807911,2,100,28,100,100,0.3,1,0.64,0.64,0.282689317653207
"sce2",1.5,2,0.986862481295467,0.986862481295467,0,0.00317374156807911,3,100,41,100,100,0.38,1,0.705,0.705,0.413210168717261
"sce2",1.5,2,0.986862481295467,0.986862481295467,0,0.00317374156807911,4,100,49,100,100,0.45,1,0.745,0.745,0.493305796664716
"sce2",1.5,2,0.986862481295467,0.986862481295467,0,0.00317374156807911,5,100,61,100,100,0.55,1,0.805,0.805,0.613132153214251
"sce2",1.5,3,0.986900898509035,0.986900898509035,0,0.00317805588626316,1,100,14,100,100,0.15,1,0.57,0.57,0.141610393516774
"sce2",1.5,3,0.986900898509035,0.986900898509035,0,0.00317805588626316,2,100,36,100,100,0.3,1,0.68,0.68,0.363054600053882
"sce2",1.5,3,0.986900898509035,0.986900898509035,0,0.00317805588626316,3,100,39,100,100,0.38,1,0.695,0.695,0.393150266750024
"sce2",1.5,3,0.986900898509035,0.986900898509035,0,0.00317805588626316,4,100,45,100,100,0.45,1,0.725,0.725,0.453269586171866
"sce2",1.5,3,0.986900898509035,0.986900898509035,0,0.00317805588626316,5,100,55,100,100,0.55,1,0.775,0.775,0.553256680618174
"sce2",1.5,4,0.986995061576934,0.986995061576934,0,0.00318427705101461,1,100,17,100,100,0.15,1,0.585,0.585,0.171871163958667
"sce2",1.5,4,0.986995061576934,0.986995061576934,0,0.00318427705101461,2,100,32,100,100,0.3,1,0.66,0.66,0.322868456859446
"sce2",1.5,4,0.986995061576934,0.986995061576934,0,0.00318427705101461,3,100,38,100,100,0.38,1,0.69,0.69,0.383098366699474
"sce2",1.5,4,0.986995061576934,0.986995061576934,0,0.00318427705101461,4,100,46,100,100,0.45,1,0.73,0.73,0.463256407505653
"sce2",1.5,4,0.986995061576934,0.986995061576934,0,0.00318427705101461,5,100,46,100,100,0.55,1,0.73,0.73,0.463256407505653
"sce2",1.5,5,0.986911678630307,0.986911678630307,0,0.00317918201294114,1,100,11,100,100,0.15,1,0.555,0.555,0.11130993361455
"sce2",1.5,5,0.986911678630307,0.986911678630307,0,0.00317918201294114,2,100,32,100,100,0.3,1,0.66,0.66,0.322887099313753
"sce2",1.5,5,0.986911678630307,0.986911678630307,0,0.00317918201294114,3,100,39,100,100,0.38,1,0.695,0.695,0.393147646149771
"sce2",1.5,5,0.986911678630307,0.986911678630307,0,0.00317918201294114,4,100,50,100,100,0.45,1,0.75,0.75,0.503293348629378
"sce2",1.5,5,0.986911678630307,0.986911678630307,0,0.00317918201294114,5,100,56,100,100,0.55,1,0.78,0.78,0.563238250534615
"sce2",1.5,6,0.986891109471571,0.986891109471571,0,0.00317703226939346,1,100,20,100,100,0.15,1,0.6,0.6,0.202136513050529
"sce2",1.5,6,0.986891109471571,0.986891109471571,0,0.00317703226939346,2,100,29,100,100,0.3,1,0.645,0.645,0.292739504200978
"sce2",1.5,6,0.986891109471571,0.986891109471571,0,0.00317703226939346,3,100,41,100,100,0.38,1,0.705,0.705,0.413203103257858
"sce2",1.5,6,0.986891109471571,0.986891109471571,0,0.00317703226939346,4,100,39,100,100,0.45,1,0.695,0.695,0.393152646462276
"sce2",1.5,6,0.986891109471571,0.986891109471571,0,0.00317703226939346,5,100,61,100,100,0.55,1,0.805,0.805,0.613125313769609
"sce2",1.5,7,0.986940111222051,0.986940111222051,0,0.00318151393202511,1,100,14,100,100,0.15,1,0.57,0.57,0.141605471587094
"sce2",1.5,7,0.986940111222051,0.986940111222051,0,0.00318151393202511,2,100,29,100,100,0.3,1,0.645,0.645,0.292729111902563
"sce2",1.5,7,0.986940111222051,0.986940111222051,0,0.00318151393202511,3,100,49,100,100,0.38,1,0.745,0.745,0.493286129887428
"sce2",1.5,7,0.986940111222051,0.986940111222051,0,0.00318151393202511,4,100,38,100,100,0.45,1,0.69,0.69,0.383111604906214
"sce2",1.5,7,0.986940111222051,0.986940111222051,0,0.00318151393202511,5,100,55,100,100,0.55,1,0.775,0.775,0.553246888511394
"sce2",1.5,8,0.986969296411779,0.986969296411779,0,0.00318338417815208,1,100,14,100,100,0.15,1,0.57,0.57,0.14160180870103
"sce2",1.5,8,0.986969296411779,0.986969296411779,0,0.00318338417815208,2,100,27,100,100,0.3,1,0.635,0.635,0.272608625073246
"sce2",1.5,8,0.986969296411779,0.986969296411779,0,0.00318338417815208,3,100,38,100,100,0.38,1,0.69,0.69,0.383104573686042
"sce2",1.5,8,0.986969296411779,0.986969296411779,0,0.00318338417815208,4,100,40,100,100,0.45,1,0.7,0.7,0.403160050761866
"sce2",1.5,8,0.986969296411779,0.986969296411779,0,0.00318338417815208,5,100,63,100,100,0.55,1,0.815,0.815,0.633041575633341
"sce2",1.5,9,0.987145140743258,0.987145140743258,0,0.00317969778685189,1,100,14,100,100,0.15,1,0.57,0.57,0.141579746617636
"sce2",1.5,9,0.987145140743258,0.987145140743258,0,0.00317969778685189,2,100,26,100,100,0.3,1,0.63,0.63,0.262512516234224
"sce2",1.5,9,0.987145140743258,0.987145140743258,0,0.00317969778685189,3,100,27,100,100,0.38,1,0.635,0.635,0.272572880650692
"sce2",1.5,9,0.987145140743258,0.987145140743258,0,0.00317969778685189,4,100,43,100,100,0.45,1,0.715,0.715,0.433179485102846
"sce2",1.5,9,0.987145140743258,0.987145140743258,0,0.00317969778685189,5,100,52,100,100,0.55,1,0.76,0.76,0.523226555056308
"sce2",1.5,10,0.986862649956665,0.986862649956665,0,0.00317377535318048,1,100,12,100,100,0.15,1,0.56,0.56,0.121417798170242
"sce2",1.5,10,0.986862649956665,0.986862649956665,0,0.00317377535318048,2,100,33,100,100,0.3,1,0.665,0.665,0.332943496892528
"sce2",1.5,10,0.986862649956665,0.986862649956665,0,0.00317377535318048,3,100,36,100,100,0.38,1,0.68,0.68,0.363063626945053
"sce2",1.5,10,0.986862649956665,0.986862649956665,0,0.00317377535318048,4,100,52,100,100,0.45,1,0.76,0.76,0.523297859871731
"sce2",1.5,10,0.986862649956665,0.986862649956665,0,0.00317377535318048,5,100,60,100,100,0.55,1,0.8,0.8,0.603161006925417
"sce3",1.2,1,0.98734638369672,0.98734638369672,0,0.00314057993099039,1,100,12,100,100,0.15,1,0.56,0.56,0.121364490577706
"sce3",1.2,1,0.98734638369672,0.98734638369672,0,0.00314057993099039,2,100,16,100,100,0.2,1,0.58,0.58,0.161733919276395
"sce3",1.2,1,0.98734638369672,0.98734638369672,0,0.00314057993099039,3,100,30,100,100,0.3,1,0.65,0.65,0.302694581494064
"sce3",1.2,1,0.98734638369672,0.98734638369672,0,0.00314057993099039,4,100,33,100,100,0.35,1,0.665,0.665,0.332833726808039
"sce3",1.2,1,0.98734638369672,0.98734638369672,0,0.00314057993099039,5,100,45,100,100,0.45,1,0.725,0.725,0.453157487592549
"sce3",1.2,2,0.987264933516756,0.987264933516756,0,0.00316133647703929,1,100,13,100,100,0.15,1,0.565,0.565,0.131470429843781
"sce3",1.2,2,0.987264933516756,0.987264933516756,0,0.00316133647703929,2,100,18,100,100,0.2,1,0.59,0.59,0.181915212307358
"sce3",1.2,2,0.987264933516756,0.987264933516756,0,0.00316133647703929,3,100,27,100,100,0.3,1,0.635,0.635,0.272548538585998
"sce3",1.2,2,0.987264933516756,0.987264933516756,0,0.00316133647703929,4,100,44,100,100,0.35,1,0.72,0.72,0.443165074282807
"sce3",1.2,2,0.987264933516756,0.987264933516756,0,0.00316133647703929,5,100,45,100,100,0.45,1,0.725,0.725,0.453177978365559
"sce3",1.2,3,0.987302475589734,0.987302475589734,0,0.00315262977132197,1,100,13,100,100,0.15,1,0.565,0.565,0.131466004993557
"sce3",1.2,3,0.987302475589734,0.987302475589734,0,0.00315262977132197,2,100,16,100,100,0.2,1,0.58,0.58,0.161740053841647
"sce3",1.2,3,0.987302475589734,0.987302475589734,0,0.00315262977132197,3,100,32,100,100,0.3,1,0.66,0.66,0.322799754194564
"sce3",1.2,3,0.987302475589734,0.987302475589734,0,0.00315262977132197,4,100,35,100,100,0.35,1,0.675,0.675,0.352923737740061
"sce3",1.2,3,0.987302475589734,0.987302475589734,0,0.00315262977132197,5,100,46,100,100,0.45,1,0.73,0.73,0.46317883370446
"sce3",1.2,4,0.987242434674202,0.987242434674202,0,0.00316590716984695,1,100,11,100,100,0.15,1,0.555,0.555,0.111276111828616
"sce3",1.2,4,0.987242434674202,0.987242434674202,0,0.00316590716984695,2,100,20,100,100,0.2,1,0.6,0.6,0.202078218463414
"sce3",1.2,4,0.987242434674202,0.987242434674202,0,0.00316590716984695,3,100,27,100,100,0.3,1,0.635,0.635,0.272553109852876
"sce3",1.2,4,0.987242434674202,0.987242434674202,0,0.00316590716984695,4,100,37,100,100,0.35,1,0.685,0.685,0.37300770787619
"sce3",1.2,4,0.987242434674202,0.987242434674202,0,0.00316590716984695,5,100,55,100,100,0.45,1,0.775,0.775,0.553171401569305
"sce3",1.2,5,0.987301461473681,0.987301461473681,0,0.00315280175019354,1,100,18,100,100,0.15,1,0.59,0.59,0.181909615692207
"sce3",1.2,5,0.987301461473681,0.987301461473681,0,0.00315280175019354,2,100,21,100,100,0.2,1,0.605,0.605,0.212143867673427
"sce3",1.2,5,0.987301461473681,0.987301461473681,0,0.00315280175019354,3,100,32,100,100,0.3,1,0.66,0.66,0.322799980763116
"sce3",1.2,5,0.987301461473681,0.987301461473681,0,0.00315280175019354,4,100,31,100,100,0.35,1,0.655,0.655,0.31275343699455
"sce3",1.2,5,0.987301461473681,0.987301461473681,0,0.00315280175019354,5,100,40,100,100,0.45,1,0.7,0.7,0.403078684358821
"sce3",1.2,6,0.987436475809843,0.987436475809843,0,0.00310917238384163,1,100,10,100,100,0.15,1,0.55,0.55,0.101155359800478
"sce3",1.2,6,0.987436475809843,0.987436475809843,0,0.00310917238384163,2,100,21,100,100,0.2,1,0.605,0.605,0.212120676808934
"sce3",1.2,6,0.987436475809843,0.987436475809843,0,0.00310917238384163,3,100,22,100,100,0.3,1,0.61,0.61,0.222192694218075
"sce3",1.2,6,0.987436475809843,0.987436475809843,0,0.00310917238384163,4,100,35,100,100,0.35,1,0.675,0.675,0.352892514693669
"sce3",1.2,6,0.987436475809843,0.987436475809843,0,0.00310917238384163,5,100,35,100,100,0.45,1,0.675,0.675,0.352892514693669
"sce3",1.2,7,0.987279711606514,0.987279711606514,0,0.00315805300114064,1,100,15,100,100,0.15,1,0.575,0.575,0.151654385748453
"sce3",1.2,7,0.987279711606514,0.987279711606514,0,0.00315805300114064,2,100,18,100,100,0.2,1,0.59,0.59,0.181912948016042
"sce3",1.2,7,0.987279711606514,0.987279711606514,0,0.00315805300114064,3,100,33,100,100,0.3,1,0.665,0.665,0.332848849863231
"sce3",1.2,7,0.987279711606514,0.987279711606514,0,0.00315805300114064,4,100,32,100,100,0.35,1,0.66,0.66,0.322804840120384
"sce3",1.2,7,0.987279711606514,0.987279711606514,0,0.00315805300114064,5,100,47,100,100,0.45,1,0.735,0.735,0.473192322863607
"sce3",1.2,8,0.987324245504923,0.987324245504923,0,0.00314688439922232,1,100,11,100,100,0.15,1,0.555,0.555,0.111267752042032
"sce3",1.2,8,0.987324245504923,0.987324245504923,0,0.00314688439922232,2,100,22,100,100,0.2,1,0.61,0.61,0.222212617802619
"sce3",1.2,8,0.987324245504923,0.987324245504923,0,0.00314688439922232,3,100,32,100,100,0.3,1,0.66,0.66,0.32279489058782
"sce3",1.2,8,0.987324245504923,0.987324245504923,0,0.00314688439922232,4,100,31,100,100,0.35,1,0.655,0.655,0.312748429491331
"sce3",1.2,8,0.987324245504923,0.987324245504923,0,0.00314688439922232,5,100,43,100,100,0.45,1,0.715,0.715,0.43313479074456
"sce3",1.2,9,0.987248884103687,0.987248884103687,0,0.00316455712817282,1,100,18,100,100,0.15,1,0.59,0.59,0.181917671502054
"sce3",1.2,9,0.987248884103687,0.987248884103687,0,0.00316455712817282,2,100,18,100,100,0.2,1,0.59,0.59,0.181917671502054
"sce3",1.2,9,0.987248884103687,0.987248884103687,0,0.00316455712817282,3,100,29,100,100,0.3,1,0.645,0.645,0.292663653773922
"sce3",1.2,9,0.987248884103687,0.987248884103687,0,0.00316455712817282,4,100,39,100,100,0.35,1,0.695,0.695,0.393065696360317
"sce3",1.2,9,0.987248884103687,0.987248884103687,0,0.00316455712817282,5,100,45,100,100,0.45,1,0.725,0.725,0.453182016236021
"sce3",1.2,10,0.987443175358895,0.987443175358895,0,0.00310646760978874,1,100,8,100,100,0.15,1,0.54,0.54,0.0809450453779091
"sce3",1.2,10,0.987443175358895,0.987443175358895,0,0.00310646760978874,2,100,21,100,100,0.2,1,0.605,0.605,0.212119526279763
"sce3",1.2,10,0.987443175358895,0.987443175358895,0,0.00310646760978874,3,100,28,100,100,0.3,1,0.64,0.64,0.282568705694409
"sce3",1.2,10,0.987443175358895,0.987443175358895,0,0.00310646760978874,4,100,35,100,100,0.35,1,0.675,0.675,0.352890953856248
"sce3",1.2,10,0.987443175358895,0.987443175358895,0,0.00310646760978874,5,100,30,100,100,0.45,1,0.65,0.65,0.30267368392578
"sce3",1.5,1,0.987266405081862,0.987266405081862,0,0.00316114343062573,1,100,7,100,100,0.15,1,0.535,0.535,0.0708482735164926
"sce3",1.5,1,0.987266405081862,0.987266405081862,0,0.00316114343062573,2,100,14,100,100,0.2,1,0.57,0.57,0.141564539587029
"sce3",1.5,1,0.987266405081862,0.987266405081862,0,0.00316114343062573,3,100,33,100,100,0.3,1,0.665,0.665,0.33285186839005
"sce3",1.5,1,0.987266405081862,0.987266405081862,0,0.00316114343062573,4,100,38,100,100,0.35,1,0.69,0.69,0.383033014902977
"sce3",1.5,1,0.987266405081862,0.987266405081862,0,0.00316114343062573,5,100,55,100,100,0.45,1,0.775,0.775,0.55316541706295
"sce3",1.5,2,0.987416543749569,0.987416543749569,0,0.00311693869066069,1,100,10,100,100,0.15,1,0.55,0.55,0.101157232738125
"sce3",1.5,2,0.987416543749569,0.987416543749569,0,0.00311693869066069,2,100,19,100,100,0.2,1,0.595,0.595,0.191971980543364
"sce3",1.5,2,0.987416543749569,0.987416543749569,0,0.00311693869066069,3,100,25,100,100,0.3,1,0.625,0.625,0.252396955940802
"sce3",1.5,2,0.987416543749569,0.987416543749569,0,0.00311693869066069,4,100,27,100,100,0.35,1,0.635,0.635,0.272517741137071
"sce3",1.5,2,0.987416543749569,0.987416543749569,0,0.00311693869066069,5,100,45,100,100,0.45,1,0.725,0.725,0.453139838827701
"sce3",1.5,3,0.9873247024907,0.9873247024907,0,0.00314679512626805,1,100,13,100,100,0.15,1,0.565,0.565,0.131463385503138
"sce3",1.5,3,0.9873247024907,0.9873247024907,0,0.00314679512626805,2,100,17,100,100,0.2,1,0.585,0.585,0.171822826499838
"sce3",1.5,3,0.9873247024907,0.9873247024907,0,0.00314679512626805,3,100,25,100,100,0.3,1,0.625,0.625,0.252414729738
"sce3",1.5,3,0.9873247024907,0.9873247024907,0,0.00314679512626805,4,100,38,100,100,0.35,1,0.69,0.69,0.383018978186205
"sce3",1.5,3,0.9873247024907,0.9873247024907,0,0.00314679512626805,5,100,46,100,100,0.45,1,0.73,0.73,0.463173226018946
"sce3",1.5,4,0.987374479485281,0.987374479485281,0,0.00313174169339034,1,100,12,100,100,0.15,1,0.56,0.56,0.121361397054181
"sce3",1.5,4,0.987374479485281,0.987374479485281,0,0.00313174169339034,2,100,18,100,100,0.2,1,0.59,0.59,0.181898430077409
"sce3",1.5,4,0.987374479485281,0.987374479485281,0,0.00313174169339034,3,100,29,100,100,0.3,1,0.645,0.645,0.292637041320368
"sce3",1.5,4,0.987374479485281,0.987374479485281,0,0.00313174169339034,4,100,34,100,100,0.35,1,0.67,0.67,0.34286845040357
"sce3",1.5,4,0.987374479485281,0.987374479485281,0,0.00313174169339034,5,100,39,100,100,0.45,1,0.695,0.695,0.393035184964812
"sce3",1.5,5,0.987177500117678,0.987177500117678,0,0.00317604373169094,1,100,22,100,100,0.15,1,0.61,0.61,0.222238677751905
"sce3",1.5,5,0.987177500117678,0.987177500117678,0,0.00317604373169094,2,100,19,100,100,0.2,1,0.595,0.595,0.19201013733905
"sce3",1.5,5,0.987177500117678,0.987177500117678,0,0.00317604373169094,3,100,27,100,100,0.3,1,0.635,0.635,0.272566304493409
"sce3",1.5,5,0.987177500117678,0.987177500117678,0,0.00317604373169094,4,100,49,100,100,0.35,1,0.745,0.745,0.493225999481542
"sce3",1.5,5,0.987177500117678,0.987177500117678,0,0.00317604373169094,5,100,41,100,100,0.45,1,0.705,0.705,0.413132438673163
"sce3",1.5,6,0.987210416945019,0.987210416945019,0,0.0031714240061195,1,100,15,100,100,0.15,1,0.575,0.575,0.151663579608069
"sce3",1.5,6,0.987210416945019,0.987210416945019,0,0.0031714240061195,2,100,16,100,100,0.2,1,0.58,0.58,0.161752918389811
"sce3",1.5,6,0.987210416945019,0.987210416945019,0,0.0031714240061195,3,100,36,100,100,0.3,1,0.68,0.68,0.362981574995421
"sce3",1.5,6,0.987210416945019,0.987210416945019,0,0.0031714240061195,4,100,36,100,100,0.35,1,0.68,0.68,0.362981574995421
"sce3",1.5,6,0.987210416945019,0.987210416945019,0,0.0031714240061195,5,100,51,100,100,0.45,1,0.755,0.755,0.513215179160382
"sce3",1.5,7,0.987287501657034,0.987287501657034,0,0.00315627071325056,1,100,13,100,100,0.15,1,0.565,0.565,0.131467769812604
"sce3",1.5,7,0.987287501657034,0.987287501657034,0,0.00315627071325056,2,100,19,100,100,0.2,1,0.595,0.595,0.191992575321663
"sce3",1.5,7,0.987287501657034,0.987287501657034,0,0.00315627071325056,3,100,26,100,100,0.3,1,0.63,0.63,0.262484256723586
"sce3",1.5,7,0.987287501657034,0.987287501657034,0,0.00315627071325056,4,100,45,100,100,0.35,1,0.725,0.725,0.453172300588542
"sce3",1.5,7,0.987287501657034,0.987287501657034,0,0.00315627071325056,5,100,41,100,100,0.45,1,0.705,0.705,0.413105304838616
"sce3",1.5,8,0.987331025630583,0.987331025630583,0,0.0031449594771874,1,100,17,100,100,0.15,1,0.585,0.585,0.17182189976492
"sce3",1.5,8,0.987331025630583,0.987331025630583,0,0.0031449594771874,2,100,21,100,100,0.2,1,0.605,0.605,0.212138788818721
"sce3",1.5,8,0.987331025630583,0.987331025630583,0,0.0031449594771874,3,100,26,100,100,0.3,1,0.63,0.63,0.262475618914409
"sce3",1.5,8,0.987331025630583,0.987331025630583,0,0.0031449594771874,4,100,38,100,100,0.35,1,0.69,0.69,0.383017455798762
"sce3",1.5,8,0.987331025630583,0.987331025630583,0,0.0031449594771874,5,100,36,100,100,0.45,1,0.68,0.68,0.362953130810393
"sce3",1.5,9,0.987301885975142,0.987301885975142,0,0.00315272994022635,1,100,15,100,100,0.15,1,0.575,0.575,0.151651444125873
"sce3",1.5,9,0.987301885975142,0.987301885975142,0,0.00315272994022635,2,100,20,100,100,0.2,1,0.6,0.6,0.202068359567982
"sce3",1.5,9,0.987301885975142,0.987301885975142,0,0.00315272994022635,3,100,28,100,100,0.3,1,0.64,0.64,0.282598036964812
"sce3",1.5,9,0.987301885975142,0.987301885975142,0,0.00315272994022635,4,100,38,100,100,0.35,1,0.69,0.69,0.383024471728772
"sce3",1.5,9,0.987301885975142,0.987301885975142,0,0.00315272994022635,5,100,41,100,100,0.45,1,0.705,0.705,0.413101757025707
"sce3",1.5,10,0.987201244359831,0.987201244359831,0,0.00317273362628231,1,100,19,100,100,0.15,1,0.595,0.595,0.192006346039928
"sce3",1.5,10,0.987201244359831,0.987201244359831,0,0.00317273362628231,2,100,22,100,100,0.2,1,0.61,0.61,0.222234460403262
"sce3",1.5,10,0.987201244359831,0.987201244359831,0,0.00317273362628231,3,100,31,100,100,0.3,1,0.655,0.655,0.312775465731651
"sce3",1.5,10,0.987201244359831,0.987201244359831,0,0.00317273362628231,4,100,39,100,100,0.35,1,0.695,0.695,0.393077271320884
"sce3",1.5,10,0.987201244359831,0.987201244359831,0,0.00317273362628231,5,100,44,100,100,0.45,1,0.72,0.72,0.443181039443854
"sce4",1.2,1,0.987547211886989,0.987547211886989,0,0.00305761377444122,1,100,2,100,100,0.05,1,0.51,0.51,0.0202501154810496
"sce4",1.2,1,0.987547211886989,0.987547211886989,0,0.00305761377444122,2,100,8,100,100,0.1,1,0.54,0.54,0.0809370403634855
"sce4",1.2,1,0.987547211886989,0.987547211886989,0,0.00305761377444122,3,100,26,100,100,0.18,1,0.63,0.63,0.262432728018411
"sce4",1.2,1,0.987547211886989,0.987547211886989,0,0.00305761377444122,4,100,30,100,100,0.3,1,0.65,0.65,0.30265122712895
"sce4",1.2,1,0.987547211886989,0.987547211886989,0,0.00305761377444122,5,100,40,100,100,0.4,1,0.7,0.7,0.403018513347593
"sce4",1.2,2,0.987595255835263,0.987595255835263,0,0.00303041599017452,1,100,6,100,100,0.05,1,0.53,0.53,0.0607157746425654
"sce4",1.2,2,0.987595255835263,0.987595255835263,0,0.00303041599017452,2,100,8,100,100,0.1,1,0.54,0.54,0.0809333446653312
"sce4",1.2,2,0.987595255835263,0.987595255835263,0,0.00303041599017452,3,100,18,100,100,0.18,1,0.59,0.59,0.181864624049595
"sce4",1.2,2,0.987595255835263,0.987595255835263,0,0.00303041599017452,4,100,26,100,100,0.3,1,0.63,0.63,0.262423199282524
"sce4",1.2,2,0.987595255835263,0.987595255835263,0,0.00303041599017452,5,100,40,100,100,0.4,1,0.7,0.7,0.403006752706295
"sce4",1.2,3,0.987496517832961,0.987496517832961,0,0.00308309289179116,1,100,5,100,100,0.05,1,0.525,0.525,0.0506079693678673
"sce4",1.2,3,0.987496517832961,0.987496517832961,0,0.00308309289179116,2,100,10,100,100,0.1,1,0.55,0.55,0.101149718667151
"sce4",1.2,3,0.987496517832961,0.987496517832961,0,0.00308309289179116,3,100,30,100,100,0.18,1,0.65,0.65,0.302662169048669
"sce4",1.2,3,0.987496517832961,0.987496517832961,0,0.00308309289179116,4,100,30,100,100,0.3,1,0.65,0.65,0.302662169048669
"sce4",1.2,3,0.987496517832961,0.987496517832961,0,0.00308309289179116,5,100,39,100,100,0.4,1,0.695,0.695,0.393005543714964
"sce4",1.2,4,0.987653255361883,0.987653255361883,0,0.00299357235709459,1,100,4,100,100,0.05,1,0.52,0.52,0.0404853756580656
"sce4",1.2,4,0.987653255361883,0.987653255361883,0,0.00299357235709459,2,100,4,100,100,0.1,1,0.52,0.52,0.0404853756580656
"sce4",1.2,4,0.987653255361883,0.987653255361883,0,0.00299357235709459,3,100,16,100,100,0.18,1,0.58,0.58,0.161691068228222
"sce4",1.2,4,0.987653255361883,0.987653255361883,0,0.00299357235709459,4,100,30,100,100,0.3,1,0.65,0.65,0.302628342406608
"sce4",1.2,4,0.987653255361883,0.987653255361883,0,0.00299357235709459,5,100,34,100,100,0.4,1,0.67,0.67,0.342804347367813
"sce4",1.2,5,0.987577205268011,0.987577205268011,0,0.00304096848240092,1,100,4,100,100,0.05,1,0.52,0.52,0.0404884367595378
"sce4",1.2,5,0.987577205268011,0.987577205268011,0,0.00304096848240092,2,100,9,100,100,0.1,1,0.545,0.545,0.091039745654739
"sce4",1.2,5,0.987577205268011,0.987577205268011,0,0.00304096848240092,3,100,22,100,100,0.18,1,0.61,0.61,0.22216771987263
"sce4",1.2,5,0.987577205268011,0.987577205268011,0,0.00304096848240092,4,100,33,100,100,0.3,1,0.665,0.665,0.332781385818043
"sce4",1.2,5,0.987577205268011,0.987577205268011,0,0.00304096848240092,5,100,33,100,100,0.4,1,0.665,0.665,0.332781385818043
"sce4",1.2,6,0.987571371159785,0.987571371159785,0,0.00304430234973362,1,100,8,100,100,0.05,1,0.54,0.54,0.0809351818733349
"sce4",1.2,6,0.987571371159785,0.987571371159785,0,0.00304430234973362,2,100,9,100,100,0.1,1,0.545,0.545,0.0910402446531778
"sce4",1.2,6,0.987571371159785,0.987571371159785,0,0.00304430234973362,3,100,15,100,100,0.18,1,0.575,0.575,0.151615710947823
"sce4",1.2,6,0.987571371159785,0.987571371159785,0,0.00304430234973362,4,100,28,100,100,0.3,1,0.64,0.64,0.282542100941426
"sce4",1.2,6,0.987571371159785,0.987571371159785,0,0.00304430234973362,5,100,42,100,100,0.4,1,0.71,0.71,0.423055483769122
"sce4",1.2,7,0.987444765500116,0.987444765500116,0,0.00310593345072998,1,100,6,100,100,0.05,1,0.53,0.53,0.0607246609232872
"sce4",1.2,7,0.987444765500116,0.987444765500116,0,0.00310593345072998,2,100,10,100,100,0.1,1,0.55,0.55,0.101154580888777
"sce4",1.2,7,0.987444765500116,0.987444765500116,0,0.00310593345072998,3,100,22,100,100,0.18,1,0.61,0.61,0.222191222837529
"sce4",1.2,7,0.987444765500116,0.987444765500116,0,0.00310593345072998,4,100,37,100,100,0.3,1,0.685,0.685,0.372959474874018
"sce4",1.2,7,0.987444765500116,0.987444765500116,0,0.00310593345072998,5,100,47,100,100,0.4,1,0.735,0.735,0.473150597993693
"sce4",1.2,8,0.987583154440112,0.987583154440112,0,0.00303753146351811,1,100,9,100,100,0.05,1,0.545,0.545,0.0910392368253099
"sce4",1.2,8,0.987583154440112,0.987583154440112,0,0.00303753146351811,2,100,8,100,100,0.1,1,0.54,0.54,0.0809342754843498
"sce4",1.2,8,0.987583154440112,0.987583154440112,0,0.00303753146351811,3,100,16,100,100,0.18,1,0.58,0.58,0.161700853438188
"sce4",1.2,8,0.987583154440112,0.987583154440112,0,0.00303753146351811,4,100,29,100,100,0.3,1,0.645,0.645,0.292592841803477
"sce4",1.2,8,0.987583154440112,0.987583154440112,0,0.00303753146351811,5,100,38,100,100,0.4,1,0.69,0.69,0.382956765488675
"sce4",1.2,9,0.987528556720231,0.987528556720231,0,0.00306737032677718,1,100,6,100,100,0.05,1,0.53,0.53,0.0607197125353041
"sce4",1.2,9,0.987528556720231,0.987528556720231,0,0.00306737032677718,2,100,10,100,100,0.1,1,0.55,0.55,0.101146708994249
"sce4",1.2,9,0.987528556720231,0.987528556720231,0,0.00306737032677718,3,100,16,100,100,0.18,1,0.58,0.58,0.161708476057867
"sce4",1.2,9,0.987528556720231,0.987528556720231,0,0.00306737032677718,4,100,35,100,100,0.3,1,0.675,0.675,0.352871063734856
"sce4",1.2,9,0.987528556720231,0.987528556720231,0,0.00306737032677718,5,100,42,100,100,0.4,1,0.71,0.71,0.423066105780363
"sce4",1.2,10,0.987522348364363,0.987522348364363,0,0.00307052547087935,1,100,5,100,100,0.05,1,0.525,0.525,0.0506066837461241
"sce4",1.2,10,0.987522348364363,0.987522348364363,0,0.00307052547087935,2,100,10,100,100,0.1,1,0.55,0.55,0.101147292169482
"sce4",1.2,10,0.987522348364363,0.987522348364363,0,0.00307052547087935,3,100,17,100,100,0.18,1,0.585,0.585,0.171793867386587
"sce4",1.2,10,0.987522348364363,0.987522348364363,0,0.00307052547087935,4,100,37,100,100,0.3,1,0.685,0.685,0.372940984706635
"sce4",1.2,10,0.987522348364363,0.987522348364363,0,0.00307052547087935,5,100,41,100,100,0.4,1,0.705,0.705,0.413047390877928
"sce4",1.5,1,0.987577403337186,0.987577403337186,0,0.00304086651317499,1,100,5,100,100,0.05,1,0.525,0.525,0.0506039440018121
"sce4",1.5,1,0.987577403337186,0.987577403337186,0,0.00304086651317499,2,100,13,100,100,0.1,1,0.565,0.565,0.131433617515231
"sce4",1.5,1,0.987577403337186,0.987577403337186,0,0.00304086651317499,3,100,12,100,100,0.18,1,0.56,0.56,0.121339062455751
"sce4",1.5,1,0.987577403337186,0.987577403337186,0,0.00304086651317499,4,100,33,100,100,0.3,1,0.665,0.665,0.332781340914403
"sce4",1.5,1,0.987577403337186,0.987577403337186,0,0.00304086651317499,5,100,38,100,100,0.4,1,0.69,0.69,0.382958149555159
"sce4",1.5,2,0.987636331924898,0.987636331924898,0,0.00300479852804451,1,100,3,100,100,0.05,1,0.515,0.515,0.030368480915192
"sce4",1.5,2,0.987636331924898,0.987636331924898,0,0.00300479852804451,2,100,11,100,100,0.1,1,0.555,0.555,0.111235883014971
"sce4",1.5,2,0.987636331924898,0.987636331924898,0,0.00300479852804451,3,100,11,100,100,0.18,1,0.555,0.555,0.111235883014971
"sce4",1.5,2,0.987636331924898,0.987636331924898,0,0.00300479852804451,4,100,25,100,100,0.3,1,0.625,0.625,0.252354437546567
"sce4",1.5,2,0.987636331924898,0.987636331924898,0,0.00300479852804451,5,100,41,100,100,0.4,1,0.705,0.705,0.413019289600985
"sce4",1.5,3,0.987606959322474,0.987606959322474,0,0.00302333601020308,1,100,2,100,100,0.05,1,0.51,0.51,0.0202488859009284
"sce4",1.5,3,0.987606959322474,0.987606959322474,0,0.00302333601020308,2,100,12,100,100,0.1,1,0.56,0.56,0.121335810667245
"sce4",1.5,3,0.987606959322474,0.987606959322474,0,0.00302333601020308,3,100,17,100,100,0.18,1,0.585,0.585,0.171781475444634
"sce4",1.5,3,0.987606959322474,0.987606959322474,0,0.00302333601020308,4,100,31,100,100,0.3,1,0.655,0.655,0.312686314555421
"sce4",1.5,3,0.987606959322474,0.987606959322474,0,0.00302333601020308,5,100,34,100,100,0.4,1,0.67,0.67,0.342814990484629
"sce4",1.5,4,0.987496538459275,0.987496538459275,0,0.00308308429272636,1,100,6,100,100,0.05,1,0.53,0.53,0.0607216032290758
"sce4",1.5,4,0.987496538459275,0.987496538459275,0,0.00308308429272636,2,100,11,100,100,0.1,1,0.555,0.555,0.111250153993359
"sce4",1.5,4,0.987496538459275,0.987496538459275,0,0.00308308429272636,3,100,22,100,100,0.18,1,0.61,0.61,0.222182034128542
"sce4",1.5,4,0.987496538459275,0.987496538459275,0,0.00308308429272636,4,100,36,100,100,0.3,1,0.68,0.68,0.362914106686962
"sce4",1.5,4,0.987496538459275,0.987496538459275,0,0.00308308429272636,5,100,39,100,100,0.4,1,0.695,0.695,0.393005538705649
"sce4",1.5,5,0.987529347082296,0.987529347082296,0,0.00306701673195711,1,100,4,100,100,0.05,1,0.52,0.52,0.0404903635639045
"sce4",1.5,5,0.987529347082296,0.987529347082296,0,0.00306701673195711,2,100,11,100,100,0.1,1,0.555,0.555,0.111246804078612
"sce4",1.5,5,0.987529347082296,0.987529347082296,0,0.00306701673195711,3,100,12,100,100,0.18,1,0.56,0.56,0.121344350351925
"sce4",1.5,5,0.987529347082296,0.987529347082296,0,0.00306701673195711,4,100,32,100,100,0.3,1,0.66,0.66,0.322749079714206
"sce4",1.5,5,0.987529347082296,0.987529347082296,0,0.00306701673195711,5,100,50,100,100,0.4,1,0.75,0.75,0.503136977872388
"sce4",1.5,6,0.987541426503558,0.987541426503558,0,0.00306071193657717,1,100,3,100,100,0.05,1,0.515,0.515,0.0303713783244542
"sce4",1.5,6,0.987541426503558,0.987541426503558,0,0.00306071193657717,2,100,7,100,100,0.1,1,0.535,0.535,0.0708295353284842
"sce4",1.5,6,0.987541426503558,0.987541426503558,0,0.00306071193657717,3,100,20,100,100,0.18,1,0.6,0.6,0.202028652985833
"sce4",1.5,6,0.987541426503558,0.987541426503558,0,0.00306071193657717,4,100,32,100,100,0.3,1,0.66,0.66,0.322746382298305
"sce4",1.5,6,0.987541426503558,0.987541426503558,0,0.00306071193657717,5,100,45,100,100,0.4,1,0.725,0.725,0.453108428462633
"sce4",1.5,7,0.987613229294272,0.987613229294272,0,0.00301949425628003,1,100,4,100,100,0.05,1,0.52,0.52,0.0404869866405922
"sce4",1.5,7,0.987613229294272,0.987613229294272,0,0.00301949425628003,2,100,6,100,100,0.1,1,0.53,0.53,0.0607147136626426
"sce4",1.5,7,0.987613229294272,0.987613229294272,0,0.00301949425628003,3,100,16,100,100,0.18,1,0.58,0.58,0.161696655107001
"sce4",1.5,7,0.987613229294272,0.987613229294272,0,0.00301949425628003,4,100,29,100,100,0.3,1,0.645,0.645,0.292586473356387
"sce4",1.5,7,0.987613229294272,0.987613229294272,0,0.00301949425628003,5,100,40,100,100,0.4,1,0.7,0.7,0.40300235322637
"sce4",1.5,8,0.987564802274799,0.987564802274799,0,0.00304795990639144,1,100,5,100,100,0.05,1,0.525,0.525,0.0506045710281708
"sce4",1.5,8,0.987564802274799,0.987564802274799,0,0.00304795990639144,2,100,17,100,100,0.1,1,0.585,0.585,0.171787649281654
"sce4",1.5,8,0.987564802274799,0.987564802274799,0,0.00304795990639144,3,100,18,100,100,0.18,1,0.59,0.59,0.181869285893309
"sce4",1.5,8,0.987564802274799,0.987564802274799,0,0.00304795990639144,4,100,26,100,100,0.3,1,0.63,0.63,0.262429239121009
"sce4",1.5,8,0.987564802274799,0.987564802274799,0,0.00304795990639144,5,100,37,100,100,0.4,1,0.685,0.685,0.372930867822979
"sce4",1.5,9,0.987601407497015,0.987601407497015,0,0.0030267332829713,1,100,5,100,100,0.05,1,0.525,0.525,0.05060274964221
"sce4",1.5,9,0.987601407497015,0.987601407497015,0,0.0030267332829713,2,100,12,100,100,0.1,1,0.56,0.56,0.121336421461985
"sce4",1.5,9,0.987601407497015,0.987601407497015,0,0.0030267332829713,3,100,10,100,100,0.18,1,0.55,0.55,0.101139866770489
"sce4",1.5,9,0.987601407497015,0.987601407497015,0,0.0030267332829713,4,100,29,100,100,0.3,1,0.645,0.645,0.292588976608337
"sce4",1.5,9,0.987601407497015,0.987601407497015,0,0.0030267332829713,5,100,41,100,100,0.4,1,0.705,0.705,0.413027899282357
"sce4",1.5,10,0.98756552499236,0.98756552499236,0,0.00304760166483948,1,100,2,100,100,0.05,1,0.51,0.51,0.0202497385730958
"sce4",1.5,10,0.98756552499236,0.98756552499236,0,0.00304760166483948,2,100,11,100,100,0.1,1,0.555,0.555,0.111243110576411
"sce4",1.5,10,0.98756552499236,0.98756552499236,0,0.00304760166483948,3,100,17,100,100,0.18,1,0.585,0.585,0.17178754343413
"sce4",1.5,10,0.98756552499236,0.98756552499236,0,0.00304760166483948,4,100,37,100,100,0.3,1,0.685,0.685,0.372930695603953
"sce4",1.5,10,0.98756552499236,0.98756552499236,0,0.00304760166483948,5,100,36,100,100,0.4,1,0.68,0.68,0.362897844728274
"sce5",1.2,1,0.987744861405869,0.987744861405869,0,0.00292593433561988,1,100,4,100,100,0.07,1,0.52,0.52,0.0404816895998969
"sce5",1.2,1,0.987744861405869,0.987744861405869,0,0.00292593433561988,2,100,10,100,100,0.12,1,0.55,0.55,0.101126398463257
"sce5",1.2,1,0.987744861405869,0.987744861405869,0,0.00292593433561988,3,100,14,100,100,0.17,1,0.57,0.57,0.141504596888648
"sce5",1.2,1,0.987744861405869,0.987744861405869,0,0.00292593433561988,4,100,19,100,100,0.22,1,0.595,0.595,0.191919616498768
"sce5",1.2,1,0.987744861405869,0.987744861405869,0,0.00292593433561988,5,100,24,100,100,0.3,1,0.62,0.62,0.242270832477329
"sce5",1.2,2,0.987702388899367,0.987702388899367,0,0.00295874507327305,1,100,5,100,100,0.07,1,0.525,0.525,0.0505977263617067
"sce5",1.2,2,0.987702388899367,0.987702388899367,0,0.00295874507327305,2,100,9,100,100,0.12,1,0.545,0.545,0.0910290410155906
"sce5",1.2,2,0.987702388899367,0.987702388899367,0,0.00295874507327305,3,100,15,100,100,0.17,1,0.575,0.575,0.151598349190377
"sce5",1.2,2,0.987702388899367,0.987702388899367,0,0.00295874507327305,4,100,23,100,100,0.22,1,0.615,0.615,0.232213444733737
"sce5",1.2,2,0.987702388899367,0.987702388899367,0,0.00295874507327305,5,100,27,100,100,0.3,1,0.635,0.635,0.272459706068348
"sce5",1.2,3,0.987652561995494,0.987652561995494,0,0.00299400433134174,1,100,3,100,100,0.07,1,0.515,0.515,0.0303679855278336
"sce5",1.2,3,0.987652561995494,0.987652561995494,0,0.00299400433134174,2,100,16,100,100,0.12,1,0.58,0.58,0.161691165003142
"sce5",1.2,3,0.987652561995494,0.987652561995494,0,0.00299400433134174,3,100,16,100,100,0.17,1,0.58,0.58,0.161691165003142
"sce5",1.2,3,0.987652561995494,0.987652561995494,0,0.00299400433134174,4,100,25,100,100,0.22,1,0.625,0.625,0.25235129874192
"sce5",1.2,3,0.987652561995494,0.987652561995494,0,0.00299400433134174,5,100,28,100,100,0.3,1,0.64,0.64,0.282525255327576
"sce5",1.2,4,0.987582617878846,0.987582617878846,0,0.00303781095861608,1,100,18,100,100,0.07,1,0.59,0.59,0.181866558622376
"sce5",1.2,4,0.987582617878846,0.987582617878846,0,0.00303781095861608,2,100,10,100,100,0.12,1,0.55,0.55,0.101141631346751
"sce5",1.2,4,0.987582617878846,0.987582617878846,0,0.00303781095861608,3,100,12,100,100,0.17,1,0.56,0.56,0.121338488721734
"sce5",1.2,4,0.987582617878846,0.987582617878846,0,0.00303781095861608,4,100,27,100,100,0.22,1,0.635,0.635,0.272484018332715
"sce5",1.2,4,0.987582617878846,0.987582617878846,0,0.00303781095861608,5,100,33,100,100,0.3,1,0.665,0.665,0.332780158748548
"sce5",1.2,5,0.987696895865206,0.987696895865206,0,0.00296279871990158,1,100,5,100,100,0.07,1,0.525,0.525,0.0505979995612559
"sce5",1.2,5,0.987696895865206,0.987696895865206,0,0.00296279871990158,2,100,12,100,100,0.12,1,0.56,0.56,0.121325917699284
"sce5",1.2,5,0.987696895865206,0.987696895865206,0,0.00296279871990158,3,100,13,100,100,0.17,1,0.565,0.565,0.131419549934919
"sce5",1.2,5,0.987696895865206,0.987696895865206,0,0.00296279871990158,4,100,25,100,100,0.22,1,0.625,0.625,0.252342725471778
"sce5",1.2,5,0.987696895865206,0.987696895865206,0,0.00296279871990158,5,100,25,100,100,0.3,1,0.625,0.625,0.252342725471778
"sce5",1.2,6,0.987652781126368,0.987652781126368,0,0.00299386738777113,1,100,9,100,100,0.07,1,0.545,0.545,0.091033282485637
"sce5",1.2,6,0.987652781126368,0.987652781126368,0,0.00299386738777113,2,100,10,100,100,0.12,1,0.55,0.55,0.101135042740182
"sce5",1.2,6,0.987652781126368,0.987652781126368,0,0.00299386738777113,3,100,17,100,100,0.17,1,0.585,0.585,0.171774765799125
"sce5",1.2,6,0.987652781126368,0.987652781126368,0,0.00299386738777113,4,100,15,100,100,0.22,1,0.575,0.575,0.151604922102001
"sce5",1.2,6,0.987652781126368,0.987652781126368,0,0.00299386738777113,5,100,37,100,100,0.3,1,0.685,0.685,0.372909904632344
"sce5",1.2,7,0.987606281478532,0.987606281478532,0,0.00302371184140563,1,100,7,100,100,0.07,1,0.535,0.535,0.0708251192697156
"sce5",1.2,7,0.987606281478532,0.987606281478532,0,0.00302371184140563,2,100,15,100,100,0.12,1,0.575,0.575,0.151611084124296
"sce5",1.2,7,0.987606281478532,0.987606281478532,0,0.00302371184140563,3,100,18,100,100,0.17,1,0.59,0.59,0.181862936342816
"sce5",1.2,7,0.987606281478532,0.987606281478532,0,0.00302371184140563,4,100,27,100,100,0.22,1,0.635,0.635,0.272479214318973
"sce5",1.2,7,0.987606281478532,0.987606281478532,0,0.00302371184140563,5,100,29,100,100,0.3,1,0.645,0.645,0.292587944540265
"sce5",1.2,8,0.987702305931815,0.987702305931815,0,0.00295880304050503,1,100,6,100,100,0.07,1,0.53,0.53,0.0607094564812312
"sce5",1.2,8,0.987702305931815,0.987702305931815,0,0.00295880304050503,2,100,8,100,100,0.12,1,0.54,0.54,0.0809251123106666
"sce5",1.2,8,0.987702305931815,0.987702305931815,0,0.00295880304050503,3,100,19,100,100,0.17,1,0.595,0.595,0.191926400957264
"sce5",1.2,8,0.987702305931815,0.987702305931815,0,0.00295880304050503,4,100,20,100,100,0.22,1,0.6,0.6,0.202002000457258
"sce5",1.2,8,0.987702305931815,0.987702305931815,0,0.00295880304050503,5,100,26,100,100,0.3,1,0.63,0.63,0.262401971665919
"sce5",1.2,9,0.987558891846715,0.987558891846715,0,0.00305124224919272,1,100,7,100,100,0.07,1,0.535,0.535,0.0708283459878924
"sce5",1.2,9,0.987558891846715,0.987558891846715,0,0.00305124224919272,2,100,12,100,100,0.12,1,0.56,0.56,0.121341099277439
"sce5",1.2,9,0.987558891846715,0.987558891846715,0,0.00305124224919272,3,100,16,100,100,0.17,1,0.58,0.58,0.161704240683846
"sce5",1.2,9,0.987558891846715,0.987558891846715,0,0.00305124224919272,4,100,34,100,100,0.22,1,0.67,0.67,0.342826041858018
"sce5",1.2,9,0.987558891846715,0.987558891846715,0,0.00305124224919272,5,100,35,100,100,0.3,1,0.675,0.675,0.352863997749375
"sce5",1.2,10,0.987612306063439,0.987612306063439,0,0.00302001497791338,1,100,4,100,100,0.07,1,0.52,0.52,0.0404870238020189
"sce5",1.2,10,0.987612306063439,0.987612306063439,0,0.00302001497791338,2,100,14,100,100,0.12,1,0.57,0.57,0.141521194687742
"sce5",1.2,10,0.987612306063439,0.987612306063439,0,0.00302001497791338,3,100,24,100,100,0.17,1,0.62,0.62,0.242295787366271
"sce5",1.2,10,0.987612306063439,0.987612306063439,0,0.00302001497791338,4,100,23,100,100,0.22,1,0.615,0.615,0.232229924341518
"sce5",1.2,10,0.987612306063439,0.987612306063439,0,0.00302001497791338,5,100,30,100,100,0.3,1,0.65,0.65,0.302637178841767
"sce5",1.5,1,0.987697085688,0.987697085688,0,0.00296266772809482,1,100,4,100,100,0.07,1,0.52,0.52,0.0404836118447213
"sce5",1.5,1,0.987697085688,0.987697085688,0,0.00296266772809482,2,100,8,100,100,0.12,1,0.54,0.54,0.0809255136839751
"sce5",1.5,1,0.987697085688,0.987697085688,0,0.00296266772809482,3,100,16,100,100,0.17,1,0.58,0.58,0.161684951136469
"sce5",1.5,1,0.987697085688,0.987697085688,0,0.00296266772809482,4,100,23,100,100,0.22,1,0.615,0.615,0.232214414786236
"sce5",1.5,1,0.987697085688,0.987697085688,0,0.00296266772809482,5,100,29,100,100,0.3,1,0.645,0.645,0.29256871878138
"sce5",1.5,2,0.987652312237698,0.987652312237698,0,0.0029941595572088,1,100,9,100,100,0.07,1,0.545,0.545,0.0910333225792053
"sce5",1.5,2,0.987652312237698,0.987652312237698,0,0.0029941595572088,2,100,10,100,100,0.12,1,0.55,0.55,0.101135086765377
"sce5",1.5,2,0.987652312237698,0.987652312237698,0,0.0029941595572088,3,100,20,100,100,0.17,1,0.6,0.6,0.202010281501853
"sce5",1.5,2,0.987652312237698,0.987652312237698,0,0.0029941595572088,4,100,24,100,100,0.22,1,0.62,0.62,0.242288254901142
"sce5",1.5,2,0.987652312237698,0.987652312237698,0,0.0029941595572088,5,100,25,100,100,0.3,1,0.625,0.625,0.252351347042707
"sce5",1.5,3,0.987646708167722,0.987646708167722,0,0.00299791273671795,1,100,7,100,100,0.07,1,0.535,0.535,0.0708223670933723
"sce5",1.5,3,0.987646708167722,0.987646708167722,0,0.00299791273671795,2,100,13,100,100,0.12,1,0.565,0.565,0.131425457748033
"sce5",1.5,3,0.987646708167722,0.987646708167722,0,0.00299791273671795,3,100,21,100,100,0.17,1,0.605,0.605,0.212084583260377
"sce5",1.5,3,0.987646708167722,0.987646708167722,0,0.00299791273671795,4,100,19,100,100,0.22,1,0.595,0.595,0.191935265954862
"sce5",1.5,3,0.987646708167722,0.987646708167722,0,0.00299791273671795,5,100,29,100,100,0.3,1,0.645,0.645,0.292579384606401
"sce5",1.5,4,0.987600823927597,0.987600823927597,0,0.00302705250766484,1,100,6,100,100,0.07,1,0.53,0.53,0.0607154459484466
"sce5",1.5,4,0.987600823927597,0.987600823927597,0,0.00302705250766484,2,100,15,100,100,0.12,1,0.575,0.575,0.151611807404922
"sce5",1.5,4,0.987600823927597,0.987600823927597,0,0.00302705250766484,3,100,15,100,100,0.17,1,0.575,0.575,0.151611807404922
"sce5",1.5,4,0.987600823927597,0.987600823927597,0,0.00302705250766484,4,100,23,100,100,0.22,1,0.615,0.615,0.232232025145959
"sce5",1.5,4,0.987600823927597,0.987600823927597,0,0.00302705250766484,5,100,38,100,100,0.3,1,0.69,0.69,0.382952513215982
"sce5",1.5,5,0.987669264229693,0.987669264229693,0,0.00298256061232097,1,100,5,100,100,0.07,1,0.525,0.525,0.0505993739242278
"sce5",1.5,5,0.987669264229693,0.987669264229693,0,0.00298256061232097,2,100,15,100,100,0.12,1,0.575,0.575,0.151602738016522
"sce5",1.5,5,0.987669264229693,0.987669264229693,0,0.00298256061232097,3,100,15,100,100,0.17,1,0.575,0.575,0.151602738016522
"sce5",1.5,5,0.987669264229693,0.987669264229693,0,0.00298256061232097,4,100,24,100,100,0.22,1,0.62,0.62,0.242285063370449
"sce5",1.5,5,0.987669264229693,0.987669264229693,0,0.00298256061232097,5,100,26,100,100,0.3,1,0.63,0.63,0.262408523113185
"sce5",1.5,6,0.98761218230791,0.98761218230791,0,0.00302008444755566,1,100,7,100,100,0.07,1,0.535,0.535,0.0708247175265393
"sce5",1.5,6,0.98761218230791,0.98761218230791,0,0.00302008444755566,2,100,13,100,100,0.12,1,0.565,0.565,0.131429522500341
"sce5",1.5,6,0.98761218230791,0.98761218230791,0,0.00302008444755566,3,100,22,100,100,0.17,1,0.61,0.61,0.222161514195314
"sce5",1.5,6,0.98761218230791,0.98761218230791,0,0.00302008444755566,4,100,22,100,100,0.22,1,0.61,0.61,0.222161514195314
"sce5",1.5,6,0.98761218230791,0.98761218230791,0,0.00302008444755566,5,100,31,100,100,0.3,1,0.655,0.655,0.312685167368237
"sce5",1.5,7,0.98766933644829,0.98766933644829,0,0.0029825138070867,1,100,8,100,100,0.07,1,0.54,0.54,0.0809276473894249
"sce5",1.5,7,0.98766933644829,0.98766933644829,0,0.0029825138070867,2,100,8,100,100,0.12,1,0.54,0.54,0.0809276473894249
"sce5",1.5,7,0.98766933644829,0.98766933644829,0,0.0029825138070867,3,100,17,100,100,0.17,1,0.585,0.585,0.171772341846087
"sce5",1.5,7,0.98766933644829,0.98766933644829,0,0.0029825138070867,4,100,27,100,100,0.22,1,0.635,0.635,0.272466414676392
"sce5",1.5,7,0.98766933644829,0.98766933644829,0,0.0029825138070867,5,100,25,100,100,0.3,1,0.625,0.625,0.252348054791179
"sce5",1.5,8,0.987663781711619,0.987663781711619,0,0.00298636198101994,1,100,4,100,100,0.07,1,0.52,0.52,0.040484952031186
"sce5",1.5,8,0.987663781711619,0.987663781711619,0,0.00298636198101994,2,100,15,100,100,0.12,1,0.575,0.575,0.151603464462327
"sce5",1.5,8,0.987663781711619,0.987663781711619,0,0.00298636198101994,3,100,17,100,100,0.17,1,0.585,0.585,0.171773155131248
"sce5",1.5,8,0.987663781711619,0.987663781711619,0,0.00298636198101994,4,100,20,100,100,0.22,1,0.6,0.6,0.202008381574396
"sce5",1.5,8,0.987663781711619,0.987663781711619,0,0.00298636198101994,5,100,30,100,100,0.3,1,0.65,0.65,0.302626071057679
"sce5",1.5,9,0.98766396655599,0.98766396655599,0,0.00298624370336367,1,100,6,100,100,0.07,1,0.53,0.53,0.060711719005564
"sce5",1.5,9,0.98766396655599,0.98766396655599,0,0.00298624370336367,2,100,9,100,100,0.12,1,0.545,0.545,0.0910323260654557
"sce5",1.5,9,0.98766396655599,0.98766396655599,0,0.00298624370336367,3,100,15,100,100,0.17,1,0.575,0.575,0.151603439969835
"sce5",1.5,9,0.98766396655599,0.98766396655599,0,0.00298624370336367,4,100,24,100,100,0.22,1,0.62,0.62,0.242286060742011
"sce5",1.5,9,0.98766396655599,0.98766396655599,0,0.00298624370336367,5,100,32,100,100,0.3,1,0.66,0.66,0.322719022100291
"sce5",1.5,10,0.987539905984447,0.987539905984447,0,0.00306141492518496,1,100,6,100,100,0.07,1,0.53,0.53,0.0607190424097613
"sce5",1.5,10,0.987539905984447,0.987539905984447,0,0.00306141492518496,2,100,24,100,100,0.12,1,0.62,0.62,0.242309421010197
"sce5",1.5,10,0.987539905984447,0.987539905984447,0,0.00306141492518496,3,100,18,100,100,0.17,1,0.59,0.59,0.181873097339034
"sce5",1.5,10,0.987539905984447,0.987539905984447,0,0.00306141492518496,4,100,27,100,100,0.22,1,0.635,0.635,0.27249269008056
"sce5",1.5,10,0.987539905984447,0.987539905984447,0,0.00306141492518496,5,100,32,100,100,0.3,1,0.66,0.66,0.322746721836715
