"scenario","alpha_true","dose","n_reps","p_true","q_true","mean_yR","mean_yI","mean_obs_pooled","sd_obs_pooled","mean_p_pool_plugin","sd_p_pool_plugin","bias_p_pool_plugin","mean_p_mle_plugin","sd_p_mle_plugin","bias_p_mle_plugin","mean_p_crm_random","sd_p_crm_random","bias_p_crm_random","mean_r_hat","sd_r_hat","mean_r_hat_posterior_mean","mean_r_hat_map","mean_r_hat_crm_random","sd_r_hat_crm_random"
"sce1",0,1,100,0.3,0.3,2.79,2.98,0.320555555555556,0.0982624326689717,0.292549735164443,0.104330187587115,-0.00745026483555719,0.290488145378196,0.110395077374641,-0.00951185462180419,0.310720568541691,0.0529539798321689,0.0107205685416907,0.0763391804317518,0.0782547759624598,0.0763391804317518,0,0.0730733117784541,0.058621148731924
"sce1",0,2,100,0.35,0.35,3.26,3.27,0.362777777777778,0.111797821811142,0.336089806429398,0.120094027620527,-0.0139101935706018,0.333536087455718,0.1276026013361,-0.0164639125442819,0.359765585906598,0.0535004130327277,0.00976558590659754,0.0763391804317518,0.0782547759624598,0.0763391804317518,0,0.0730733117784541,0.058621148731924
"sce1",0,3,100,0.4,0.4,3.75,3.45,0.4,0.12079051255658,0.374284999332972,0.124320786471072,-0.0257150006670276,0.377297339119194,0.125481554358451,-0.0227026608808057,0.408759939565985,0.0530933040431404,0.00875993956598483,0.0763391804317518,0.0782547759624598,0.0763391804317518,0,0.0730733117784541,0.058621148731924
"sce1",0,4,100,0.45,0.45,4.18,4.05,0.457222222222222,0.12556270650951,0.432578042491161,0.132143988852664,-0.0174219575088388,0.435024160324374,0.136649730320588,-0.0149758396756263,0.457742029818647,0.0518507776746755,0.00774202981864737,0.0763391804317518,0.0782547759624598,0.0763391804317518,0,0.0730733117784541,0.058621148731924
"sce1",0,5,100,0.5,0.5,4.33,4.41,0.485555555555556,0.128207689404329,0.465686443408128,0.132597064250977,-0.0343135565918723,0.463113294411811,0.137595477636893,-0.0368867055881889,0.506738452554915,0.0498631530349465,0.00673845255491478,0.0763391804317518,0.0782547759624598,0.0763391804317518,0,0.0730733117784541,0.058621148731924
"sce1",0.3,1,100,0.3,0.3,2.76,2.88,0.313333333333333,0.121439181269781,0.259529912729126,0.1288695090573,-0.0404700872708744,0.269098203405684,0.123349089261419,-0.0309017965943162,0.350419415185241,0.0615216436660256,0.0504194151852411,0.135830031629037,0.112532815892407,0.135830031629037,0,0.085527879745954,0.0558255457697347
"sce1",0.3,2,100,0.35,0.44,3.34,3.89,0.401666666666667,0.115203805049324,0.356510478132962,0.130177203745054,0.00651047813296231,0.352206533955603,0.137693217844849,0.0022065339556029,0.399591011177307,0.0610987850760182,0.0495910111773066,0.135830031629037,0.112532815892407,0.135830031629037,0,0.085527879745954,0.0558255457697347
"sce1",0.3,3,100,0.4,0.505,3.6,4.59,0.455,0.119413445720448,0.412353464289073,0.146464421360508,0.0123534642890727,0.412104128907695,0.136253813356859,0.0121041289076951,0.448037564912334,0.0597444771642392,0.0480375649123343,0.135830031629037,0.112532815892407,0.135830031629037,0,0.085527879745954,0.0558255457697347
"sce1",0.3,4,100,0.45,0.57,4.14,5.06,0.511111111111111,0.128056836738967,0.477606569755423,0.134885739665217,0.027606569755423,0.473170048872802,0.133955267460519,0.0231700488728021,0.495888441912748,0.0575944734658283,0.0458884419127476,0.135830031629037,0.112532815892407,0.135830031629037,0,0.085527879745954,0.0558255457697347
"sce1",0.3,5,100,0.5,0.635,4.23,5.69,0.551111111111111,0.127978907727193,0.521262594548327,0.139779164979962,0.0212625945483266,0.512447619220417,0.142534920967205,0.0124476192204175,0.543239219219278,0.0547504348488722,0.0432392192192776,0.135830031629037,0.112532815892407,0.135830031629037,0,0.085527879745954,0.0558255457697347
"sce1",0.6,1,100,0.3,0.3,2.5,2.93,0.301666666666667,0.125661983239462,0.201835508170878,0.144037744396601,-0.0981644918291217,0.231480919802747,0.137788944899427,-0.0685190801972526,0.394167667366629,0.0512884188663984,0.0941676673666288,0.225939456645886,0.138180524278031,0.225939456645886,0,0.081922457281418,0.0728990384992605
"sce1",0.6,2,100,0.35,0.53,3.1,4.63,0.429444444444444,0.10880175858485,0.355217866322754,0.135556597217442,0.00521786632275355,0.350772990574414,0.130880753648779,0.000772990574414085,0.443158736795652,0.0505757709085091,0.093158736795652,0.225939456645886,0.138180524278031,0.225939456645886,0,0.081922457281418,0.0728990384992605
"sce1",0.6,3,100,0.4,0.61,4.03,5.42,0.525,0.102157484502387,0.464757094248346,0.12054005506713,0.0647570942483465,0.456892774621563,0.129192207748728,0.0568927746215626,0.490724034745889,0.0491434058311826,0.0907240347458891,0.225939456645886,0.138180524278031,0.225939456645886,0,0.081922457281418,0.0728990384992605
"sce1",0.6,4,100,0.45,0.69,4.13,6.18,0.572777777777778,0.117571712666797,0.526185275512261,0.138827850176417,0.0761852755122613,0.50603155842209,0.144612461771487,0.0560315584220903,0.53709770456708,0.0471063211451603,0.0870977045670799,0.225939456645886,0.138180524278031,0.225939456645886,0,0.081922457281418,0.0728990384992605
"sce1",0.6,5,100,0.5,0.77,4.38,6.88,0.625555555555556,0.111004438131762,0.587414705837022,0.131068458629344,0.087414705837022,0.56503771934509,0.140183872299789,0.06503771934509,0.582453943503675,0.0445494273711508,0.082453943503675,0.225939456645886,0.138180524278031,0.225939456645886,0,0.081922457281418,0.0728990384992605
"sce1",0.9,1,100,0.3,0.3,2.92,2.74,0.314444444444444,0.120330218633553,0.127498770287403,0.122547918786327,-0.172501229712597,0.231376219784316,0.112571938492865,-0.0686237802156843,0.433019128555683,0.0520929655013672,0.133019128555683,0.364350808732139,0.154679711836422,0.364350808732139,0,0.0684884856850146,0.060240584763014
"sce1",0.9,2,100,0.35,0.62,2.91,5.61,0.473333333333333,0.11152560174851,0.359382144759816,0.151859863510768,0.00938214475981576,0.345321141000688,0.140352530313832,-0.00467885899931172,0.481156806213473,0.0506566625385725,0.131156806213473,0.364350808732139,0.154679711836422,0.364350808732139,0,0.0684884856850146,0.060240584763014
"sce1",0.9,3,100,0.4,0.715,3.3,6.24,0.53,0.103985907512591,0.433525567575535,0.147884885798365,0.0335255675755346,0.406759335501238,0.141611442232999,0.00675933550123796,0.527374744038524,0.0486220684159656,0.127374744038524,0.364350808732139,0.154679711836422,0.364350808732139,0,0.0684884856850146,0.060240584763014
"sce1",0.9,4,100,0.45,0.81,4.06,7.08,0.618888888888889,0.112787577045756,0.559060233032938,0.1431336522675,0.109060233032938,0.511041461935389,0.161460583367866,0.0610414619353895,0.571994206365546,0.0460987610279928,0.121994206365546,0.364350808732139,0.154679711836422,0.364350808732139,0,0.0684884856850146,0.060240584763014
"sce1",0.9,5,100,0.5,0.905,4.47,8.26,0.707222222222222,0.101077558843979,0.681471226364316,0.121590134818468,0.181471226364316,0.616487936925685,0.149114395743485,0.116487936925685,0.615253074116,0.0431662245428409,0.115253074116,0.364350808732139,0.154679711836422,0.364350808732139,0,0.0684884856850146,0.060240584763014
"sce2",0,1,100,0.15,0.15,1.56,1.1,0.147777777777778,0.0770528991698729,0.125274627685582,0.0793570296977821,-0.0247253723144178,0.127449437445143,0.0818445778527463,-0.0225505625548573,0.160162664920015,0.0399698622070441,0.0101626649200147,0.0506759554860388,0.0553774356301988,0.0506759554860388,0,0.0778546327122555,0.0765403200175747
"sce2",0,2,100,0.3,0.3,2.83,2.82,0.313888888888889,0.10154529930749,0.294705247562791,0.110226967265385,-0.00529475243720927,0.294382956772447,0.113188505750167,-0.0056170432275525,0.308134405900085,0.0493898379879187,0.00813440590008468,0.0506759554860388,0.0553774356301988,0.0506759554860388,0,0.0778546327122555,0.0765403200175747
"sce2",0,3,100,0.38,0.38,3.56,3.43,0.388333333333333,0.118048045578784,0.372057161454025,0.120173083602566,-0.00794283854597518,0.37234371968757,0.120664803052308,-0.00765628031242969,0.386640389814289,0.0500698534097338,0.00664038981428932,0.0506759554860388,0.0553774356301988,0.0506759554860388,0,0.0778546327122555,0.0765403200175747
"sce2",0,4,100,0.45,0.45,4.15,4.01,0.453333333333333,0.138516898026136,0.438185403060783,0.14531153765371,-0.0118145969392168,0.437800694361042,0.145528204877698,-0.0121993056389578,0.455342455451159,0.0488671068043946,0.00534245545115922,0.0506759554860388,0.0553774356301988,0.0506759554860388,0,0.0778546327122555,0.0765403200175747
"sce2",0,5,100,0.55,0.55,5.03,4.84,0.548333333333333,0.12095944951712,0.536434470833883,0.123825981827092,-0.0135655291661167,0.536832317412065,0.123327139050506,-0.0131676825879355,0.553639610589974,0.0447262323190343,0.00363961058997422,0.0506759554860388,0.0553774356301988,0.0506759554860388,0,0.0778546327122555,0.0765403200175747
"sce2",0.3,1,100,0.15,0.15,1.23,1.18,0.133888888888889,0.0865341154476157,0.0917398652639163,0.0802038349649477,-0.0582601347360837,0.0992783213602352,0.08342356436041,-0.0507216786397648,0.174840975133966,0.0511976466595447,0.0248409751339659,0.0983293928820583,0.0924470243887329,0.0983293928820583,0,0.0805710443457457,0.0528013964445347
"sce2",0.3,2,100,0.3,0.345,2.52,2.95,0.303888888888889,0.121165465207078,0.266595352805026,0.125944238482061,-0.0334046471949735,0.26490788919448,0.132671009112345,-0.0350921108055196,0.325083975108707,0.0610015613535084,0.0250839751087067,0.0983293928820583,0.0924470243887329,0.0983293928820583,0,0.0805710443457457,0.0528013964445347
"sce2",0.3,3,100,0.38,0.47,3.44,4.01,0.413888888888889,0.127660610898622,0.382827246248038,0.13743738835031,0.00282724624803834,0.378864020044918,0.145535195651256,-0.00113597995508177,0.403402726457783,0.0610747811570754,0.0234027264577827,0.0983293928820583,0.0924470243887329,0.0983293928820583,0,0.0805710443457457,0.0528013964445347
"sce2",0.3,4,100,0.45,0.564,3.9,5.04,0.496666666666667,0.114923376502093,0.473213809550247,0.120249704227012,0.0232138095502466,0.467177517812116,0.121539772936162,0.0171775178121161,0.471406042770968,0.0590771046559334,0.0214060427709681,0.0983293928820583,0.0924470243887329,0.0983293928820583,0,0.0805710443457457,0.0528013964445347
"sce2",0.3,5,100,0.55,0.685,4.74,6.15,0.605,0.119726326745101,0.586392167038525,0.127484879481155,0.0363921670385253,0.581023517114234,0.12916484979156,0.0310235171142337,0.568018223098326,0.0534992577161005,0.0180182230983261,0.0983293928820583,0.0924470243887329,0.0983293928820583,0,0.0805710443457457,0.0528013964445347
"sce2",0.6,1,100,0.15,0.15,1.45,1.33,0.154444444444444,0.0888397731869724,0.079949082710421,0.0826587349172907,-0.070050917289579,0.109336149935785,0.0889290641178487,-0.0406638500642148,0.217500501565603,0.0424829205690248,0.0675005015656027,0.174323232734329,0.136654798457027,0.174323232734329,0,0.0878380196485522,0.0684186491152184
"sce2",0.6,2,100,0.3,0.39,2.53,3.53,0.336666666666667,0.114379537672759,0.268398559137294,0.135420038718974,-0.0316014408627058,0.267481414670967,0.142347294679079,-0.0325185853290328,0.375878991286331,0.0476108479676943,0.0758789912863313,0.174323232734329,0.136654798457027,0.174323232734329,0,0.0878380196485522,0.0684186491152184
"sce2",0.6,3,100,0.38,0.56,3.04,5.09,0.451666666666667,0.102242897923682,0.406524199938062,0.116469481354082,0.0265241999380624,0.387172999610574,0.119466623761447,0.00717299961057371,0.454175871633614,0.046605144350702,0.0741758716336141,0.174323232734329,0.136654798457027,0.174323232734329,0,0.0878380196485522,0.0684186491152184
"sce2",0.6,4,100,0.45,0.678,4.12,6.27,0.577222222222222,0.103527688528511,0.54272861366491,0.12339731285165,0.0927286136649102,0.522228387663711,0.139607697244265,0.0722283876637108,0.520438573149431,0.0443350095623041,0.0704385731494305,0.174323232734329,0.136654798457027,0.174323232734329,0,0.0878380196485522,0.0684186491152184
"sce2",0.6,5,100,0.55,0.82,4.89,7.51,0.688888888888889,0.105940287693955,0.670573116544087,0.118258091187047,0.120573116544087,0.650303368137746,0.126764573948665,0.100303368137746,0.612312800152778,0.0393376704881109,0.062312800152778,0.174323232734329,0.136654798457027,0.174323232734329,0,0.0878380196485522,0.0684186491152184
"sce2",0.9,1,100,0.15,0.15,1.18,1.37,0.141666666666667,0.0716675584384959,0.0414097308777752,0.0607890606714588,-0.108590269122225,0.087146577796467,0.0674556838925682,-0.062853422203533,0.249999680087524,0.043860827349732,0.0999996800875244,0.247244688455164,0.151274446137344,0.247244688455164,0,0.0756792350283196,0.0604217264273951
"sce2",0.9,2,100,0.3,0.435,2.48,4.07,0.363888888888889,0.112054079456231,0.274930036881555,0.1328609156336,-0.025069963118445,0.264978259279589,0.13780399529959,-0.0350217407204111,0.411262249730958,0.0466605707626241,0.111262249730958,0.247244688455164,0.151274446137344,0.247244688455164,0,0.0756792350283196,0.0604217264273951
"sce2",0.9,3,100,0.38,0.65,3.36,5.78,0.507777777777778,0.124606876515792,0.446701010586977,0.15082342962465,0.0667010105869765,0.425111095001243,0.14940916871996,0.0451110950012435,0.488450127054501,0.0448479642816603,0.108450127054501,0.247244688455164,0.151274446137344,0.247244688455164,0,0.0756792350283196,0.0604217264273951
"sce2",0.9,4,100,0.45,0.792,4.06,7.27,0.629444444444444,0.110281696690863,0.596589169965978,0.128363087525459,0.146589169965978,0.557983991515671,0.145930252195832,0.107983991515671,0.552793109010206,0.0421030102640514,0.102793109010206,0.247244688455164,0.151274446137344,0.247244688455164,0,0.0756792350283196,0.0604217264273951
"sce2",0.9,5,100,0.55,0.955,4.87,8.6,0.748333333333333,0.081853680068557,0.740472549976646,0.0888608591619341,0.190472549976646,0.694484021429055,0.118390823679469,0.144484021429055,0.640752991758239,0.0367695793329213,0.0907529917582392,0.247244688455164,0.151274446137344,0.247244688455164,0,0.0756792350283196,0.0604217264273951
"sce3",0,1,100,0.15,0.15,1.37,1.3,0.148333333333333,0.0868792896721474,0.121989986825845,0.0940150802909689,-0.0280100131741553,0.120690015170645,0.0976740240568563,-0.0293099848293552,0.15286733147376,0.0418195979343055,0.00286733147376022,0.0598349615831949,0.0545798583731568,0.0598349615831949,0,0.0739207971069338,0.0621562211617676
"sce3",0,2,100,0.2,0.2,1.77,1.65,0.19,0.093490594891058,0.164105336817958,0.09830926271912,-0.0358946631820418,0.165344068650634,0.101278938977671,-0.0346559313493661,0.201410622085323,0.0473175770992635,0.00141062208532337,0.0598349615831949,0.0545798583731568,0.0598349615831949,0,0.0739207971069338,0.0621562211617676
"sce3",0,3,100,0.3,0.3,2.38,2.69,0.281666666666667,0.116922918834362,0.259224373384838,0.120259745702797,-0.0407756266151622,0.258686067695876,0.11981759479165,-0.0413139323041243,0.298621962563016,0.0536902822620438,-0.00137803743698444,0.0598349615831949,0.0545798583731568,0.0598349615831949,0,0.0739207971069338,0.0621562211617676
"sce3",0,4,100,0.35,0.35,2.98,3.24,0.345555555555556,0.105521584704308,0.324181058733917,0.110666890216191,-0.0258189412660828,0.325546652544607,0.11054517460485,-0.0244533474553926,0.347424560090292,0.0550601957634669,-0.00257543990970771,0.0598349615831949,0.0545798583731568,0.0598349615831949,0,0.0739207971069338,0.0621562211617676
"sce3",0,5,100,0.45,0.45,4.21,4.27,0.471111111111111,0.118307893652374,0.454720692452858,0.121133377057549,0.00472069245285759,0.453646419066253,0.123379632852996,0.00364641906625306,0.445565960784936,0.0548440816696018,-0.0044340392150638,0.0598349615831949,0.0545798583731568,0.0598349615831949,0,0.0739207971069338,0.0621562211617676
"sce3",0.3,1,100,0.15,0.15,1.33,1.27,0.144444444444444,0.0868595511078413,0.10971345139423,0.0889443973452936,-0.0402865486057699,0.118107074252084,0.0868537842630408,-0.0318929257479159,0.180368800777065,0.0422678960389866,0.0303688007770647,0.0794011063103351,0.0683095499030149,0.0794011063103351,0,0.0713643875683871,0.0621703962461696
"sce3",0.3,2,100,0.2,0.245,1.8,2.23,0.223888888888889,0.107533595906858,0.191184645649647,0.115573913232348,-0.00881535435035302,0.18852638774458,0.119135907701093,-0.01147361225542,0.232213685446146,0.0466693330161927,0.0322136854461459,0.0794011063103351,0.0683095499030149,0.0794011063103351,0,0.0713643875683871,0.0621703962461696
"sce3",0.3,3,100,0.3,0.36,2.94,3.16,0.338888888888889,0.114019183085502,0.310289100418212,0.12109314145207,0.0102891004182123,0.312557659682308,0.117859605461562,0.0125576596823085,0.332911218144024,0.0508483875110817,0.0329112181440242,0.0794011063103351,0.0683095499030149,0.0794011063103351,0,0.0713643875683871,0.0621703962461696
"sce3",0.3,4,100,0.35,0.44,3.08,4.13,0.400555555555556,0.108641178193178,0.37675096908052,0.117577346805189,0.0267509690805203,0.369876260333786,0.122290099628159,0.0198762603337865,0.382269130937631,0.0512269196054082,0.0322691309376315,0.0794011063103351,0.0683095499030149,0.0794011063103351,0,0.0713643875683871,0.0621703962461696
"sce3",0.3,5,100,0.45,0.555,3.99,5.04,0.501666666666667,0.114280007829672,0.48255007573618,0.123063910475688,0.0325500757361799,0.476398265380951,0.126208906811082,0.0263982653809513,0.47966715819435,0.0493964688130559,0.0296671581943497,0.0794011063103351,0.0683095499030149,0.0794011063103351,0,0.0713643875683871,0.0621703962461696
"sce3",0.6,1,100,0.15,0.15,1.26,1.34,0.144444444444444,0.0889870389656735,0.0929462652007825,0.0869983770783503,-0.0570537347992175,0.104027643162065,0.0924107833262916,-0.0459723568379353,0.204108706837608,0.0424949641303883,0.0541087068376084,0.122545029878092,0.0936805151200467,0.122545029878092,0,0.0844175689935062,0.068504561069167
"sce3",0.6,2,100,0.2,0.29,1.93,2.73,0.258888888888889,0.102110171350134,0.209150037684029,0.10848678733753,0.00915003768402884,0.207298003383468,0.113360154695081,0.00729800338346784,0.258218432689299,0.0457924718467702,0.0582184326892988,0.122545029878092,0.0936805151200467,0.122545029878092,0,0.0844175689935062,0.068504561069167
"sce3",0.6,3,100,0.3,0.42,2.74,3.84,0.365555555555556,0.104810115181787,0.324364557629282,0.121517013035666,0.0243645576292823,0.318356159679867,0.120407121229353,0.018356159679867,0.360926954008896,0.0481760825811161,0.0609269540088955,0.122545029878092,0.0936805151200467,0.122545029878092,0,0.0844175689935062,0.068504561069167
"sce3",0.6,4,100,0.35,0.53,3.04,4.59,0.423888888888889,0.117029524968822,0.387107291646177,0.130392530901913,0.0371072916461774,0.379623139384451,0.131089673250593,0.0296231393844515,0.410371464843239,0.047881108830372,0.0603714648432389,0.122545029878092,0.0936805151200467,0.122545029878092,0,0.0844175689935062,0.068504561069167
"sce3",0.6,5,100,0.45,0.66,4.13,5.92,0.558333333333333,0.105756203649245,0.533450873356391,0.117125189984828,0.0834508733563911,0.523573844801273,0.11906873121809,0.0735738448012728,0.506572684584835,0.0451466601613394,0.0565726845848346,0.122545029878092,0.0936805151200467,0.122545029878092,0,0.0844175689935062,0.068504561069167
"sce3",0.9,1,100,0.15,0.15,1.36,1.24,0.144444444444444,0.0761493796491491,0.067077267709585,0.0730236893776801,-0.082922732290415,0.101061831988356,0.076329604825623,-0.0489381680116441,0.226968790277035,0.0453853642737893,0.0769687902770348,0.183492629813834,0.116817305175387,0.183492629813834,0,0.0808187121381146,0.0631147337933918
"sce3",0.9,2,100,0.2,0.335,1.54,3.2,0.263333333333333,0.110723228686416,0.189757380351192,0.129420355832961,-0.0102426196488078,0.176518996049294,0.132492380025104,-0.0234810039507061,0.282685067371755,0.0483537632666501,0.0826850673717547,0.183492629813834,0.116817305175387,0.183492629813834,0,0.0808187121381146,0.0631147337933918
"sce3",0.9,3,100,0.3,0.48,2.6,4.25,0.380555555555556,0.108088805729042,0.320035682880534,0.124605104008575,0.0200356828805342,0.308118477691326,0.129064669488831,0.00811847769132569,0.386402157929101,0.0500505313723302,0.0864021579291012,0.183492629813834,0.116817305175387,0.183492629813834,0,0.0808187121381146,0.0631147337933918
"sce3",0.9,4,100,0.35,0.62,3.4,5.62,0.501111111111111,0.103251781052725,0.45698918221839,0.123489988148407,0.10698918221839,0.436680840539829,0.133723497772841,0.0866808405398287,0.435585286636945,0.0494343288845356,0.0855852866369454,0.183492629813834,0.116817305175387,0.183492629813834,0,0.0808187121381146,0.0631147337933918
"sce3",0.9,5,100,0.45,0.765,3.9,6.85,0.597222222222222,0.0884158992675931,0.57123626503871,0.0992138511294422,0.12123626503871,0.542665699068006,0.110939087939765,0.0926656990680056,0.530178523565035,0.0461352227998909,0.0801785235650346,0.183492629813834,0.116817305175387,0.183492629813834,0,0.0808187121381146,0.0631147337933918
"sce4",0,1,100,0.05,0.05,0.45,0.46,0.0505555555555556,0.0530260272980998,0.037172274733876,0.0486177671365285,-0.012827725266124,0.0354233597073302,0.0515917820501952,-0.0145766402926698,0.0530914448202141,0.0205462521688584,0.00309144482021405,0.0392409594870498,0.0392854146037688,0.0392409594870498,0,0.0765251767551284,0.0518665907799721
"sce4",0,2,100,0.1,0.1,0.85,0.85,0.0944444444444444,0.0658290060471958,0.0782962663416062,0.060620849599365,-0.0217037336583938,0.073582766318131,0.0668821253515529,-0.026417233681869,0.101904970156159,0.0307645127871008,0.00190497015615907,0.0392409594870498,0.0392854146037688,0.0392409594870498,0,0.0765251767551284,0.0518665907799721
"sce4",0,3,100,0.18,0.18,1.72,1.61,0.185,0.0886553469620176,0.168989764176677,0.0889228298766115,-0.0110102358233227,0.168315507111881,0.0916186744846544,-0.0116844928881192,0.179299272362241,0.0409195190033405,-0.00070072763775902,0.0392409594870498,0.0392854146037688,0.0392409594870498,0,0.0765251767551284,0.0518665907799721
"sce4",0,4,100,0.3,0.3,2.83,2.62,0.302777777777778,0.108664132777739,0.288296339552328,0.111626559523955,-0.0117036604476719,0.28800309595347,0.113960426395765,-0.0119969040465305,0.295794999148468,0.048109836975644,-0.00420500085153247,0.0392409594870498,0.0392854146037688,0.0392409594870498,0,0.0765251767551284,0.0518665907799721
"sce4",0,5,100,0.4,0.4,3.44,3.29,0.373888888888889,0.121268341806628,0.360080479403401,0.124610573411086,-0.0399195205965993,0.362058472081714,0.125940819023857,-0.0379415279182863,0.393746013952691,0.0491915968072312,-0.00625398604730918,0.0392409594870498,0.0392854146037688,0.0392409594870498,0,0.0765251767551284,0.0518665907799721
"sce4",0.3,1,100,0.05,0.05,0.5,0.48,0.0544444444444444,0.0541229427257326,0.0358474548829679,0.0480248889063709,-0.0141525451170321,0.0365894041252116,0.052128645003135,-0.0134105958747884,0.0583840603106407,0.0192594609431784,0.00838406031064072,0.0533412475024141,0.0530327380955971,0.0533412475024141,0,0.0802527626968239,0.0625932755010196
"sce4",0.3,2,100,0.1,0.115,0.95,1.03,0.11,0.0753178408762402,0.0889037212657462,0.0715027344779845,-0.0110962787342538,0.0862212192919639,0.0728203740705593,-0.0137787807080361,0.110034310998857,0.0288708643629684,0.0100343109988568,0.0533412475024141,0.0530327380955971,0.0533412475024141,0,0.0802527626968239,0.0625932755010196
"sce4",0.3,3,100,0.18,0.21,1.44,1.67,0.172777777777778,0.0893000451684693,0.150308903992333,0.0937035258883501,-0.0296910960076674,0.146392261023155,0.0979150238183008,-0.0336077389768453,0.19027286056122,0.0385623827666067,0.0102728605612198,0.0533412475024141,0.0530327380955971,0.0533412475024141,0,0.0802527626968239,0.0625932755010196
"sce4",0.3,4,100,0.3,0.354,2.46,2.8,0.292222222222222,0.103143024977196,0.272609384023765,0.10935093592659,-0.027390615976235,0.269792314046793,0.111913010787522,-0.030207685953207,0.308784476490695,0.0456719161802597,0.00878447649069452,0.0533412475024141,0.0530327380955971,0.0533412475024141,0,0.0802527626968239,0.0625932755010196
"sce4",0.3,5,100,0.4,0.49,3.58,4.29,0.437222222222222,0.104056338879739,0.421751330180203,0.108526219636324,0.0217513301802032,0.420473191821549,0.109635702253642,0.0204731918215489,0.407040062413827,0.0469886777443187,0.00704006241382694,0.0533412475024141,0.0530327380955971,0.0533412475024141,0,0.0802527626968239,0.0625932755010196
"sce4",0.6,1,100,0.05,0.05,0.43,0.48,0.0505555555555556,0.0487370102857414,0.0295924352663643,0.0402507831772162,-0.0204075647336357,0.0317230489318945,0.0453796294339076,-0.0182769510681055,0.0680091617545798,0.0281513850410057,0.0180091617545798,0.0652175362524151,0.067506975278629,0.0652175362524151,0,0.081697986638328,0.0581833929785253
"sce4",0.6,2,100,0.1,0.13,0.76,1.01,0.0983333333333333,0.0748507264545869,0.071562278192288,0.0723806509180824,-0.028437721807712,0.0693361909357472,0.0746455559136192,-0.0306638090642528,0.123285861372347,0.0399201714238532,0.0232858613723475,0.0652175362524151,0.067506975278629,0.0652175362524151,0,0.081697986638328,0.0581833929785253
"sce4",0.6,3,100,0.18,0.24,1.47,2.04,0.195,0.0912341426585012,0.167705437387547,0.0961916324381825,-0.0122945626124529,0.163149237973921,0.100181725992781,-0.0168507620260786,0.206631396509769,0.0506955132818282,0.0266313965097693,0.0652175362524151,0.067506975278629,0.0652175362524151,0,0.081697986638328,0.0581833929785253
"sce4",0.6,4,100,0.3,0.408,2.72,3.51,0.346111111111111,0.114116208493919,0.325371694288977,0.118377831833319,0.0253716942889773,0.318588432579487,0.12268201651833,0.0185884325794872,0.326777759629951,0.0572375891125939,0.0267777596299515,0.0652175362524151,0.067506975278629,0.0652175362524151,0,0.081697986638328,0.0581833929785253
"sce4",0.6,5,100,0.4,0.58,3.68,4.84,0.473333333333333,0.121685383613277,0.457854872599319,0.123480317810272,0.0578548725993189,0.453047276673583,0.125826302121792,0.0530472766735826,0.424754272825433,0.0571948530370634,0.0247542728254329,0.0652175362524151,0.067506975278629,0.0652175362524151,0,0.081697986638328,0.0581833929785253
"sce4",0.9,1,100,0.05,0.05,0.38,0.5,0.0488888888888889,0.0519479628738124,0.0199364419825463,0.0363799237266125,-0.0300635580174537,0.0271906987933354,0.0445251829825906,-0.0228093012066646,0.0788827233908265,0.0258145830564305,0.0288827233908265,0.0857088459199507,0.0663834037254943,0.0857088459199507,0,0.0682992730104142,0.0567571117613597
"sce4",0.9,2,100,0.1,0.145,0.96,1.21,0.120555555555556,0.0868792896721474,0.0831304543830606,0.0865526942370266,-0.0168695456169394,0.0837592151551663,0.0901705315476972,-0.0162407848448337,0.139114609441809,0.0356888151505812,0.039114609441809,0.0857088459199507,0.0663834037254943,0.0857088459199507,0,0.0682992730104142,0.0567571117613597
"sce4",0.9,3,100,0.18,0.27,1.61,2.32,0.218333333333333,0.0938483864584414,0.183549224308256,0.104054153506553,0.00354922430825603,0.176225699222081,0.109258650359653,-0.00377430077791892,0.227103160018262,0.0443703387505936,0.0471031600182618,0.0857088459199507,0.0663834037254943,0.0857088459199507,0,0.0682992730104142,0.0567571117613597
"sce4",0.9,4,100,0.3,0.462,2.58,4.04,0.367777777777778,0.107046881282773,0.341450437711926,0.114232454812728,0.0414504377119259,0.333267317808534,0.116342060891413,0.0332673178085339,0.350185352243112,0.0492211267058799,0.0501853522431124,0.0857088459199507,0.0663834037254943,0.0857088459199507,0,0.0682992730104142,0.0567571117613597
"sce4",0.9,5,100,0.4,0.67,3.25,5.91,0.508888888888889,0.131354564817772,0.492272741485965,0.139000524248779,0.0922727414859647,0.477843232269919,0.146047547544975,0.0778432322699186,0.448278158603359,0.04872603385215,0.0482781586033591,0.0857088459199507,0.0663834037254943,0.0857088459199507,0,0.0682992730104142,0.0567571117613597
"sce5",0,1,100,0.07,0.07,0.67,0.71,0.0766666666666667,0.063061914718126,0.0585138019185337,0.0584963989081277,-0.0114861980814663,0.0569252981850333,0.0592529104995931,-0.0130747018149668,0.0731036654649416,0.0254874728839455,0.00310366546494163,0.0460309799962182,0.0450085138602102,0.0460309799962182,0,0.0786206342541917,0.0617851682317604
"sce5",0,2,100,0.12,0.12,1.05,1.04,0.116111111111111,0.0753654272487861,0.0961461549279299,0.0752349279253821,-0.0238538450720701,0.0954997379363076,0.0780438635771131,-0.0245002620636924,0.121847319402375,0.0341836270418305,0.00184731940237525,0.0460309799962182,0.0450085138602102,0.0460309799962182,0,0.0786206342541917,0.0617851682317604
"sce5",0,3,100,0.17,0.17,1.39,1.49,0.16,0.086600740415016,0.140009549564605,0.093304463986674,-0.0299904504353953,0.140968558493127,0.0932037278598238,-0.0290314415068728,0.170345274726082,0.0402443062775633,0.00034527472608225,0.0460309799962182,0.0450085138602102,0.0460309799962182,0,0.0786206342541917,0.0617851682317604
"sce5",0,4,100,0.22,0.22,1.97,1.99,0.22,0.0827872116288377,0.201385489732581,0.0851858288399351,-0.0186145102674187,0.199976534639488,0.0886385881707463,-0.0200234653605119,0.218858859504324,0.0444752526345556,-0.00114114049567574,0.0460309799962182,0.0450085138602102,0.0460309799962182,0,0.0786206342541917,0.0617851682317604
"sce5",0,5,100,0.3,0.3,2.63,2.6,0.290555555555556,0.10880175858485,0.272963907902701,0.112345541995207,-0.0270360920972988,0.274100792885618,0.113236817635956,-0.0258992071143816,0.296747092729736,0.0483922168395263,-0.0032529072702635,0.0460309799962182,0.0450085138602102,0.0460309799962182,0,0.0786206342541917,0.0617851682317604
"sce5",0.3,1,100,0.07,0.07,0.65,0.59,0.0688888888888889,0.0564573277272005,0.0484476412377902,0.0539922889123798,-0.0215523587622098,0.0498988785385268,0.0564025037207631,-0.0201011214614733,0.0867640596917672,0.0243440237030321,0.0167640596917672,0.053230172541798,0.0470303654225545,0.053230172541798,0,0.0725789628469777,0.068500951236778
"sce5",0.3,2,100,0.12,0.141,1.26,1.3,0.142222222222222,0.0890990780896385,0.120358084622508,0.0907534509638771,0.000358084622508144,0.120028698669411,0.0915918452360697,2.86986694107083e-05,0.140329503552389,0.0316249317412025,0.0203295035523889,0.053230172541798,0.0470303654225545,0.053230172541798,0,0.0725789628469777,0.068500951236778
"sce5",0.3,3,100,0.17,0.206,1.68,1.68,0.186666666666667,0.0852364067932408,0.165176174051462,0.0850685983102228,-0.00482382594853814,0.164628755499734,0.0844643556031068,-0.0053712445002665,0.192190256525154,0.0364105259413793,0.0221902565251538,0.053230172541798,0.0470303654225545,0.053230172541798,0,0.0725789628469777,0.068500951236778
"sce5",0.3,4,100,0.22,0.271,1.8,2.61,0.245,0.0977024375592828,0.224965286860105,0.102637136954407,0.0049652868601048,0.220175103470634,0.103760141357295,0.000175103470634392,0.243047432602443,0.0395413176686958,0.0230474326024429,0.053230172541798,0.0470303654225545,0.053230172541798,0,0.0725789628469777,0.068500951236778
"sce5",0.3,5,100,0.3,0.366,2.81,3.23,0.335555555555556,0.104732749160549,0.316839664306643,0.11118597931883,0.0168396643066434,0.315855755038374,0.112130737907017,0.015855755038374,0.323095702566501,0.0420783358606607,0.0230957025665015,0.053230172541798,0.0470303654225545,0.053230172541798,0,0.0725789628469777,0.068500951236778
"sce5",0.6,1,100,0.07,0.07,0.66,0.69,0.075,0.0598117135471061,0.0444912483956274,0.0531337551322402,-0.0255087516043726,0.0496865046563865,0.0598339489005643,-0.0203134953436135,0.0964003950004795,0.0294709984191722,0.0264003950004795,0.0777744951707171,0.064290621888396,0.0777744951707171,0,0.0807142276826164,0.0634171852337339
"sce5",0.6,2,100,0.12,0.162,1.01,1.48,0.138333333333333,0.0935955778125127,0.10561290286054,0.0974151527267763,-0.0143870971394601,0.104019439833948,0.0963875870360766,-0.015980560166052,0.152508249171263,0.0376940700797892,0.0325082491712631,0.0777744951707171,0.064290621888396,0.0777744951707171,0,0.0807142276826164,0.0634171852337339
"sce5",0.6,3,100,0.17,0.242,1.63,2.2,0.212777777777778,0.0944444444444444,0.180763362403851,0.104425929186645,0.0107633624038507,0.176929522323942,0.10812577372556,0.00692952232394177,0.205936303155593,0.0430176379212994,0.035936303155593,0.0777744951707171,0.064290621888396,0.0777744951707171,0,0.0807142276826164,0.0634171852337339
"sce5",0.6,4,100,0.22,0.322,1.87,2.68,0.252777777777778,0.109805743971585,0.223035689726354,0.116355386565145,0.00303568972635434,0.212855134922045,0.12777907186837,-0.00714486507795452,0.257740298253444,0.0464462035162332,0.0377402982534438,0.0777744951707171,0.064290621888396,0.0777744951707171,0,0.0807142276826164,0.0634171852337339
"sce5",0.6,5,100,0.3,0.432,2.89,3.78,0.370555555555556,0.118195846529922,0.346232769348295,0.124563351289528,0.0462327693482946,0.342384588091649,0.123074027335617,0.0423845880916486,0.338413023401039,0.0491257266929751,0.0384130234010391,0.0777744951707171,0.064290621888396,0.0777744951707171,0,0.0807142276826164,0.0634171852337339
"sce5",0.9,1,100,0.07,0.07,0.7,0.6,0.0722222222222222,0.0577566222168634,0.0360064705911838,0.0492995081980612,-0.0339935294088162,0.0482945596305665,0.0543938400589295,-0.0217054403694335,0.111828665769741,0.0281162631954263,0.0418286657697411,0.0937057013961493,0.0695172056501218,0.0937057013961493,0,0.0812644722971155,0.0586273609301869
"sce5",0.9,2,100,0.12,0.183,0.95,1.59,0.141111111111111,0.0754997483208275,0.101739261549516,0.0770953884591799,-0.0182607384504842,0.0977932677676492,0.0766154970657635,-0.0222067322323508,0.172244385455039,0.0351912011939776,0.0522443854550388,0.0937057013961493,0.0695172056501218,0.0937057013961493,0,0.0812644722971155,0.0586273609301869
"sce5",0.9,3,100,0.17,0.278,1.63,2.83,0.247777777777778,0.110384831719308,0.212888467629846,0.11407068628523,0.0428884676298463,0.201311438880567,0.120139560071727,0.0313114388805674,0.228410291785583,0.0395259014039725,0.0584102917855834,0.0937057013961493,0.0695172056501218,0.0937057013961493,0,0.0812644722971155,0.0586273609301869
"sce5",0.9,4,100,0.22,0.373,2.21,3.25,0.303333333333333,0.106357342364537,0.269423369646411,0.114335362485558,0.0494233696464111,0.263501260889112,0.11912735530543,0.0435012608891121,0.281935854951227,0.0421295496047901,0.0619358549512273,0.0937057013961493,0.0695172056501218,0.0937057013961493,0,0.0812644722971155,0.0586273609301869
"sce5",0.9,5,100,0.3,0.498,2.75,4.52,0.403888888888889,0.122292348008141,0.377858762713281,0.130170014796717,0.0778587627132805,0.367744360913565,0.132718638930396,0.0677443609135648,0.36387836761501,0.0438165111028825,0.0638783676150098,0.0937057013961493,0.0695172056501218,0.0937057013961493,0,0.0812644722971155,0.0586273609301869
"sce6",0,1,100,0.5,0.5,4.45,4.52,0.498333333333333,0.124715663642144,0.471206503840036,0.131342308207614,-0.028793496159964,0.469582861561541,0.134353009525405,-0.0304171384384593,0.502880249772959,0.0589301382663534,0.00288024977295853,0.100298570770421,0.0988384786717586,0.100298570770421,0,0.084332384719396,0.0610532294899642
"sce6",0,2,100,0.55,0.55,4.95,4.8,0.541666666666667,0.116954910877873,0.5150767876822,0.125401425982995,-0.0349232123177999,0.518012045678121,0.122293408707122,-0.031987954321879,0.551848876086214,0.0560084456515464,0.0018488760862139,0.100298570770421,0.0988384786717586,0.100298570770421,0,0.084332384719396,0.0610532294899642
"sce6",0,3,100,0.6,0.6,5.28,5.56,0.602222222222222,0.12552918289217,0.583744067114634,0.129931019617137,-0.0162559328853656,0.580244403125261,0.130736628421721,-0.0197555968747388,0.600967794441676,0.0523223402625354,0.00096779444167634,0.100298570770421,0.0988384786717586,0.100298570770421,0,0.084332384719396,0.0610532294899642
"sce6",0,4,100,0.65,0.65,5.86,6.02,0.66,0.10182276903425,0.642370745035758,0.104135582221872,-0.0076292549642424,0.641894200936147,0.105494939026937,-0.00810579906385337,0.650245965946017,0.04792165623929,0.000245965946016749,0.100298570770421,0.0988384786717586,0.100298570770421,0,0.084332384719396,0.0610532294899642
"sce6",0,5,100,0.7,0.7,6.21,6.31,0.695555555555556,0.0925858583409678,0.678444962724591,0.097415815884463,-0.0215550372754092,0.679022310857867,0.0986308749745014,-0.0209776891421325,0.69968973386273,0.0428483686193969,-0.000310266137270018,0.100298570770421,0.0988384786717586,0.100298570770421,0,0.084332384719396,0.0610532294899642
"sce6",0.3,1,100,0.5,0.5,4.27,4.55,0.49,0.118544820313858,0.381588327826638,0.143231069036588,-0.118411672173362,0.41409780587724,0.132317503721925,-0.0859021941227605,0.584991813832667,0.0530017862783445,0.0849918138326667,0.290937224645949,0.174466668910284,0.290937224645949,0,0.0802832869721657,0.0704089537845092
"sce6",0.3,2,100,0.55,0.7,4.84,6.51,0.630555555555556,0.100620038107906,0.568832623989425,0.131443966966405,0.018832623989425,0.556649591265454,0.136113757871119,0.00664959126545444,0.629087653533824,0.049133932839934,0.0790876535338241,0.290937224645949,0.174466668910284,0.290937224645949,0,0.0802832869721657,0.0704089537845092
"sce6",0.3,3,100,0.6,0.765,5.49,6.84,0.685,0.112797251087291,0.631409597968967,0.144084949520046,0.0314095979689669,0.625467744277773,0.140037742754452,0.0254677442777725,0.67243478446833,0.0448586123608897,0.0724347844683303,0.290937224645949,0.174466668910284,0.290937224645949,0,0.0802832869721657,0.0704089537845092
"sce6",0.3,4,100,0.65,0.83,6.13,7.61,0.763333333333333,0.0981878453485273,0.733263677575354,0.11615814915481,0.0832636775753538,0.716785832116954,0.121285695934357,0.0667858321169537,0.715118509714192,0.0402202265740774,0.0651185097141919,0.290937224645949,0.174466668910284,0.290937224645949,0,0.0802832869721657,0.0704089537845092
"sce6",0.3,5,100,0.7,0.895,6.29,8.06,0.797222222222222,0.0981100237244207,0.771955454358395,0.123425764910986,0.0719554543583948,0.751011792649701,0.13607012566448,0.0510117926497015,0.757208727510724,0.0352550127806603,0.0572087275107239,0.290937224645949,0.174466668910284,0.290937224645949,0,0.0802832869721657,0.0704089537845092
"sce6",0.6,1,100,0.5,0.5,4.41,4.43,0.491111111111111,0.116780181001092,0.19708709296058,0.159583436689087,-0.30291290703942,0.37305128884919,0.134526920284268,-0.12694871115081,0.644353811582809,0.0520493093032042,0.144353811582809,0.529598245912968,0.1790139932116,0.529598245912968,0,0.0842837511567852,0.0672705894848449
"sce6",0.6,2,100,0.55,0.85,4.98,7.6,0.698888888888889,0.115291721602025,0.600118882035939,0.180225397727371,0.0501188820359387,0.578373403449566,0.167784637201405,0.0283734034495659,0.683924917706906,0.0476800901571672,0.133924917706906,0.529598245912968,0.1790139932116,0.529598245912968,0,0.0842837511567852,0.0672705894848449
"sce6",0.6,3,100,0.6,0.93,5.54,8.35,0.771666666666667,0.0800980662188327,0.729700224591178,0.117603078050145,0.129700224591178,0.670931156848116,0.132160457990741,0.0709311568481158,0.722334497926706,0.0430550809108563,0.122334497926706,0.529598245912968,0.1790139932116,0.529598245912968,0,0.0842837511567852,0.0672705894848449
"sce6",0.6,4,100,0.65,1,5.77,9,0.820555555555556,0.0793000775978235,0.820555555555556,0.0793000775978235,0.170555555555556,0.731155592007499,0.13484039180715,0.0811555920074994,0.759717743509881,0.0382102400073001,0.109717743509881,0.529598245912968,0.1790139932116,0.529598245912968,0,0.0842837511567852,0.0672705894848449
"sce6",0.6,5,100,0.7,1,6.13,9,0.840555555555556,0.0807801929992442,0.840555555555556,0.0807801929992442,0.140555555555556,0.763987131381399,0.134984836990661,0.0639871313813991,0.796184931995653,0.0331742016534647,0.0961849319956531,0.529598245912968,0.1790139932116,0.529598245912968,0,0.0842837511567852,0.0672705894848449
"sce6",0.9,1,100,0.5,0.5,4.4,4.36,0.486666666666667,0.113641226981602,0.0901718015629625,0.128552649964261,-0.409828198437037,0.358315756846046,0.119695711156907,-0.141684243153954,0.680465885143976,0.0478456216175901,0.180465885143976,0.62146958075301,0.17733519930909,0.62146958075301,0,0.0750681459058205,0.0613142139295956
"sce6",0.9,2,100,0.55,1,5.31,9,0.795,0.0788427173970079,0.795,0.0788427173970079,0.245,0.670507123283442,0.150480783431653,0.120507123283442,0.716971518924583,0.0435663588670096,0.166971518924583,0.62146958075301,0.17733519930909,0.62146958075301,0,0.0750681459058205,0.0613142139295956
"sce6",0.9,3,100,0.6,1,5.42,9,0.801111111111111,0.0832603496339927,0.801111111111111,0.0832603496339927,0.201111111111111,0.684954711403734,0.14884788420845,0.0849547114037341,0.752146085640128,0.0391238350786705,0.152146085640128,0.62146958075301,0.17733519930909,0.62146958075301,0,0.0750681459058205,0.0613142139295956
"sce6",0.9,4,100,0.65,1,5.91,9,0.828333333333333,0.0732679196741196,0.828333333333333,0.0732679196741196,0.178333333333333,0.727949223928252,0.138114924746789,0.0779492239282523,0.786149654384696,0.034544726105594,0.136149654384696,0.62146958075301,0.17733519930909,0.62146958075301,0,0.0750681459058205,0.0613142139295956
"sce6",0.9,5,100,0.7,1,6.53,9,0.862777777777778,0.0791426657457235,0.862777777777778,0.0791426657457235,0.162777777777778,0.783307109420872,0.13690727668733,0.0833071094208719,0.819112242209186,0.0298499289469384,0.119112242209186,0.62146958075301,0.17733519930909,0.62146958075301,0,0.0750681459058205,0.0613142139295956
