"scenario","alpha_true","r_hat_mean","r_hat_map","r_hat_sd","dose","nR","yR","nI","yI","p_true","q_true","obs_pooled","p_pool_plugin","p_mle_plugin"
"gentle_8dose",0,0.0289020489209523,0.0038345033475479,0.022964663100685,1,30,0,12,0,0.03,0.03,0,0,0
"gentle_8dose",0,0.0289020489209523,0.0038345033475479,0.022964663100685,2,28,0,15,1,0.06,0.06,0.0232558139534884,0.0135657827824124,0
"gentle_8dose",0,0.0289020489209523,0.0038345033475479,0.022964663100685,3,25,2,18,2,0.1,0.1,0.0930232558139535,0.0819489344755809,0.0816079873017062
"gentle_8dose",0,0.0289020489209523,0.0038345033475479,0.022964663100685,4,22,5,20,3,0.16,0.16,0.19047619047619,0.178429570091741,0.182277862053237
"gentle_8dose",0,0.0289020489209523,0.0038345033475479,0.022964663100685,5,20,5,22,4,0.23,0.23,0.214285714285714,0.201530469172767,0.20466942069233
"gentle_8dose",0,0.0289020489209523,0.0038345033475479,0.022964663100685,6,18,6,25,7,0.3,0.3,0.302325581395349,0.28986696988968,0.291647697613734
"gentle_8dose",0,0.0289020489209523,0.0038345033475479,0.022964663100685,7,15,6,28,9,0.38,0.38,0.348837209302326,0.335686452713008,0.337605242152455
"gentle_8dose",0,0.0289020489209523,0.0038345033475479,0.022964663100685,8,12,5,30,19,0.47,0.47,0.571428571428571,0.563633699415104,0.561440970551382
"gentle_8dose",0.1,0.0544256330201059,0.0308010732894055,0.0372158948731472,1,30,2,12,1,0.03,0.127,0.0714285714285714,0.0563537841295309,0.0605253765885178
"gentle_8dose",0.1,0.0544256330201059,0.0308010732894055,0.0372158948731472,2,28,2,15,2,0.06,0.154,0.0930232558139535,0.0756219157182323,0.0742148135618313
"gentle_8dose",0.1,0.0544256330201059,0.0308010732894055,0.0372158948731472,3,25,2,18,2,0.1,0.19,0.0930232558139535,0.071606221849989,0.0742148135618313
"gentle_8dose",0.1,0.0544256330201059,0.0308010732894055,0.0372158948731472,4,22,5,20,2,0.16,0.244,0.166666666666667,0.1419988329046,0.155823278748477
"gentle_8dose",0.1,0.0544256330201059,0.0308010732894055,0.0372158948731472,5,20,3,22,9,0.23,0.307,0.285714285714286,0.267898627997238,0.256517323344815
"gentle_8dose",0.1,0.0544256330201059,0.0308010732894055,0.0372158948731472,6,18,8,25,13,0.3,0.37,0.488372093023256,0.472309317550282,0.470953122253109
"gentle_8dose",0.1,0.0544256330201059,0.0308010732894055,0.0372158948731472,7,15,5,28,11,0.38,0.442,0.372093023255814,0.349337424669102,0.34846551338502
"gentle_8dose",0.1,0.0544256330201059,0.0308010732894055,0.0372158948731472,8,12,5,30,18,0.47,0.523,0.547619047619048,0.531173825111003,0.527713260295993
"gentle_8dose",0.25,0.138674837194128,0.134594424159723,0.0532459051297899,1,30,0,12,2,0.03,0.2725,0.0476190476190476,0.00928530351711681,0
"gentle_8dose",0.25,0.138674837194128,0.134594424159723,0.0532459051297899,2,28,3,15,3,0.06,0.295,0.13953488372093,0.0946041697037834,0.100990708162551
"gentle_8dose",0.25,0.138674837194128,0.134594424159723,0.0532459051297899,3,25,3,18,5,0.1,0.325,0.186046511627907,0.137371571442665,0.130102838412426
"gentle_8dose",0.25,0.138674837194128,0.134594424159723,0.0532459051297899,4,22,3,20,8,0.16,0.37,0.261904761904762,0.215904268982445,0.19159356719065
"gentle_8dose",0.25,0.138674837194128,0.134594424159723,0.0532459051297899,5,20,6,22,5,0.23,0.4225,0.261904761904762,0.19673739693148,0.22314363655646
"gentle_8dose",0.25,0.138674837194128,0.134594424159723,0.0532459051297899,6,18,6,25,14,0.3,0.475,0.465116279069767,0.423929791220716,0.411171197578779
"gentle_8dose",0.25,0.138674837194128,0.134594424159723,0.0532459051297899,7,15,8,28,16,0.38,0.535,0.558139534883721,0.513208820866574,0.515187047910765
"gentle_8dose",0.25,0.138674837194128,0.134594424159723,0.0532459051297899,8,12,4,30,18,0.47,0.6025,0.523809523809524,0.477809030887207,0.464798123879701
"gentle_8dose",0.4,0.435928869473858,0.441056088382608,0.0572634961808732,1,30,2,12,4,0.03,0.418,0.142857142857143,0,0.0597326646889894
"gentle_8dose",0.4,0.435928869473858,0.441056088382608,0.0572634961808732,2,28,2,15,5,0.06,0.436,0.162790697674419,0,0.061768211950962
"gentle_8dose",0.4,0.435928869473858,0.441056088382608,0.0572634961808732,3,25,4,18,10,0.1,0.46,0.325581395348837,0.18179980275455,0.165877981091031
"gentle_8dose",0.4,0.435928869473858,0.441056088382608,0.0572634961808732,4,22,4,20,11,0.16,0.496,0.357142857142857,0.191537272815509,0.184865130570086
"gentle_8dose",0.4,0.435928869473858,0.441056088382608,0.0572634961808732,5,20,4,22,14,0.23,0.538,0.428571428571429,0.281366464724897,0.231412103336023
"gentle_8dose",0.4,0.435928869473858,0.441056088382608,0.0572634961808732,6,18,6,25,17,0.3,0.58,0.534883720930233,0.391102128335946,0.36391556365963
"gentle_8dose",0.4,0.435928869473858,0.441056088382608,0.0572634961808732,7,15,2,28,21,0.38,0.628,0.534883720930233,0.409074827410232,0.271755458615033
"gentle_8dose",0.4,0.435928869473858,0.441056088382608,0.0572634961808732,8,12,3,30,23,0.47,0.682,0.619047619047619,0.490243275681904,0.405551402642779
"target_middle_8dose",0,0.0193650149595445,0,0.0180767230834047,1,30,3,12,0,0.08,0.08,0.0714285714285714,0.0657864502505426,0.0714285714285714
"target_middle_8dose",0,0.0193650149595445,0,0.0180767230834047,2,28,7,15,1,0.12,0.12,0.186046511627907,0.179617117727363,0.184209627127218
"target_middle_8dose",0,0.0193650149595445,0,0.0180767230834047,3,25,3,18,2,0.18,0.18,0.116279069767442,0.108931191023962,0.109977487623485
"target_middle_8dose",0,0.0193650149595445,0,0.0180767230834047,4,22,11,20,3,0.24,0.24,0.333333333333333,0.325340328331126,0.330638722345954
"target_middle_8dose",0,0.0193650149595445,0,0.0180767230834047,5,20,7,22,5,0.3,0.3,0.285714285714286,0.277721280712078,0.280069257807736
"target_middle_8dose",0,0.0193650149595445,0,0.0180767230834047,6,18,8,25,9,0.38,0.38,0.395348837209302,0.388000958465823,0.389174924009279
"target_middle_8dose",0,0.0193650149595445,0,0.0180767230834047,7,15,7,28,18,0.48,0.48,0.581395348837209,0.576802924622535,0.575500206281411
"target_middle_8dose",0,0.0193650149595445,0,0.0180767230834047,8,12,7,30,16,0.6,0.6,0.547619047619048,0.541036572911347,0.541472758174708
"target_middle_8dose",0.1,0.0971043838189141,0.0908089751234355,0.0490400592147348,1,30,2,12,2,0.08,0.172,0.0952380952380952,0.0696314902539608,0.0680594418854538
"target_middle_8dose",0.1,0.0971043838189141,0.0908089751234355,0.0490400592147348,2,28,2,15,2,0.12,0.208,0.0930232558139535,0.0605088225085177,0.066125318369977
"target_middle_8dose",0.1,0.0971043838189141,0.0908089751234355,0.0490400592147348,3,25,4,18,6,0.18,0.262,0.232558139534884,0.202544816483712,0.192097167121702
"target_middle_8dose",0.1,0.0971043838189141,0.0908089751234355,0.0490400592147348,4,22,2,20,7,0.24,0.316,0.214285714285714,0.18099712780634,0.157233942006707
"target_middle_8dose",0.1,0.0971043838189141,0.0908089751234355,0.0490400592147348,5,20,7,22,7,0.3,0.37,0.333333333333333,0.294923425857132,0.302889057304885
"target_middle_8dose",0.1,0.0971043838189141,0.0908089751234355,0.0490400592147348,6,18,5,25,8,0.38,0.442,0.302325581395349,0.259806707072856,0.262438146105443
"target_middle_8dose",0.1,0.0971043838189141,0.0908089751234355,0.0490400592147348,7,15,5,28,13,0.48,0.532,0.418604651162791,0.381087997348826,0.37676339810839
"target_middle_8dose",0.1,0.0971043838189141,0.0908089751234355,0.0490400592147348,8,12,9,30,17,0.6,0.64,0.619047619047619,0.585759032568244,0.593839480314025
"target_middle_8dose",0.25,0.286105159590737,0.287976579849652,0.0580116263209462,1,30,0,12,5,0.08,0.31,0.119047619047619,0.0522531970039099,0
"target_middle_8dose",0.25,0.286105159590737,0.287976579849652,0.0580116263209462,2,28,4,15,5,0.12,0.34,0.209302325581395,0.116100806450638,0.133788940367696
"target_middle_8dose",0.25,0.286105159590737,0.287976579849652,0.0580116263209462,3,25,5,18,7,0.18,0.385,0.27906976744186,0.176548096398028,0.189481981680282
"target_middle_8dose",0.25,0.286105159590737,0.287976579849652,0.0580116263209462,4,22,7,20,8,0.24,0.43,0.357142857142857,0.242638133639356,0.27531963262473
"target_middle_8dose",0.25,0.286105159590737,0.287976579849652,0.0580116263209462,5,20,2,22,13,0.3,0.475,0.357142857142857,0.271264314515231,0.184090286908892
"target_middle_8dose",0.25,0.286105159590737,0.287976579849652,0.0580116263209462,6,18,5,25,14,0.38,0.535,0.441860465116279,0.339338794072446,0.318081692292415
"target_middle_8dose",0.25,0.286105159590737,0.287976579849652,0.0580116263209462,7,15,6,28,18,0.48,0.61,0.558139534883721,0.464938015752964,0.44953341237702
"target_middle_8dose",0.25,0.286105159590737,0.287976579849652,0.0580116263209462,8,12,7,30,18,0.6,0.7,0.595238095238095,0.480733371734594,0.499855981843106
"target_middle_8dose",0.4,0.523865808531126,0.538943584620747,0.0456257641927044,1,30,3,12,5,0.08,0.448,0.19047619047619,0.00710148298214002,0.0904149785110982
"target_middle_8dose",0.4,0.523865808531126,0.538943584620747,0.0456257641927044,2,28,4,15,9,0.12,0.472,0.302325581395349,0.148802570470097,0.143851290690129
"target_middle_8dose",0.4,0.523865808531126,0.538943584620747,0.0456257641927044,3,25,1,18,11,0.18,0.508,0.27906976744186,0.099959588029067,0.0438462392856337
"target_middle_8dose",0.4,0.523865808531126,0.538943584620747,0.0456257641927044,4,22,3,20,12,0.24,0.544,0.357142857142857,0.147571762863942,0.138535717671684
"target_middle_8dose",0.4,0.523865808531126,0.538943584620747,0.0456257641927044,5,20,5,22,16,0.3,0.58,0.5,0.342821679290814,0.282517722246457
"target_middle_8dose",0.4,0.523865808531126,0.538943584620747,0.0456257641927044,6,18,7,25,20,0.38,0.628,0.627906976744186,0.499971134306476,0.443373460551569
"target_middle_8dose",0.4,0.523865808531126,0.538943584620747,0.0456257641927044,7,15,7,28,22,0.48,0.688,0.674418604651163,0.520895593725911,0.497272926448953
"target_middle_8dose",0.4,0.523865808531126,0.538943584620747,0.0456257641927044,8,12,1,30,23,0.6,0.76,0.571428571428571,0.388053863934521,0.202843210376579
"steep_8dose",0,0.0230832057062573,0,0.0213667159416731,1,30,0,12,0,0.01,0.01,0,0,0
"steep_8dose",0,0.0230832057062573,0,0.0213667159416731,2,28,0,15,0,0.03,0.03,0,0,0
"steep_8dose",0,0.0230832057062573,0,0.0213667159416731,3,25,4,18,2,0.08,0.08,0.13953488372093,0.130742835260051,0.133473089320518
"steep_8dose",0,0.0230832057062573,0,0.0213667159416731,4,22,4,20,5,0.18,0.18,0.214285714285714,0.205846917771924,0.204475471867672
"steep_8dose",0,0.0230832057062573,0,0.0213667159416731,5,20,7,22,7,0.35,0.35,0.333333333333333,0.324894536819543,0.325732794486573
"steep_8dose",0,0.0230832057062573,0,0.0213667159416731,6,18,12,25,15,0.55,0.55,0.627906976744186,0.622411946456137,0.623103462478076
"steep_8dose",0,0.0230832057062573,0,0.0213667159416731,7,15,12,28,23,0.75,0.75,0.813953488372093,0.811205973228068,0.811093240762333
"steep_8dose",0,0.0230832057062573,0,0.0213667159416731,8,12,12,30,26,0.9,0.9,0.904761904761905,0.902511559024894,0.903234809935589
"steep_8dose",0.1,0.0703902332006174,0.0543675005867971,0.0407544483904563,1,30,0,12,1,0.01,0.109,0.0238095238095238,0.00397804405829297,0
"steep_8dose",0.1,0.0703902332006174,0.0543675005867971,0.0407544483904563,2,28,0,15,1,0.03,0.127,0.0232558139534884,0,0
"steep_8dose",0.1,0.0703902332006174,0.0543675005867971,0.0407544483904563,3,25,3,18,4,0.08,0.172,0.162790697674419,0.13813761079551,0.133643360574538
"steep_8dose",0.1,0.0703902332006174,0.0543675005867971,0.0407544483904563,4,22,3,20,3,0.18,0.262,0.142857142857143,0.112208492332513,0.118274589383167
"steep_8dose",0.1,0.0703902332006174,0.0543675005867971,0.0407544483904563,5,20,6,22,11,0.35,0.415,0.404761904761905,0.384930425010674,0.377525974605562
"steep_8dose",0.1,0.0703902332006174,0.0543675005867971,0.0407544483904563,6,18,10,25,16,0.55,0.595,0.604651162790698,0.588802749797114,0.587099717448897
"steep_8dose",0.1,0.0703902332006174,0.0543675005867971,0.0407544483904563,7,15,11,28,20,0.75,0.775,0.720930232558139,0.70684275434162,0.707795782649147
"steep_8dose",0.1,0.0703902332006174,0.0543675005867971,0.0407544483904563,8,12,10,30,27,0.9,0.91,0.880952380952381,0.875543795565682,0.874524785068928
"steep_8dose",0.25,0.196128397705102,0.192875411350337,0.0577627535014099,1,30,0,12,1,0.01,0.2575,0.0238095238095238,0,0
"steep_8dose",0.25,0.196128397705102,0.192875411350337,0.0577627535014099,2,28,0,15,6,0.03,0.2725,0.13953488372093,0.088469353311546,0
"steep_8dose",0.25,0.196128397705102,0.192875411350337,0.0577627535014099,3,25,2,18,6,0.08,0.31,0.186046511627907,0.117959137748728,0.0952493132243633
"steep_8dose",0.25,0.196128397705102,0.192875411350337,0.0577627535014099,4,22,3,20,3,0.18,0.385,0.142857142857143,0.0441034319331749,0.0966382088137852
"steep_8dose",0.25,0.196128397705102,0.192875411350337,0.0577627535014099,5,20,5,22,14,0.35,0.5125,0.452380952380952,0.405908617828497,0.368539450253295
"steep_8dose",0.25,0.196128397705102,0.192875411350337,0.0577627535014099,6,18,14,25,19,0.55,0.6625,0.767441860465116,0.733398173525527,0.738788151533427
"steep_8dose",0.25,0.196128397705102,0.192875411350337,0.0577627535014099,7,15,12,28,22,0.75,0.8125,0.790697674418605,0.756653987479015,0.761014043950214
"steep_8dose",0.25,0.196128397705102,0.192875411350337,0.0577627535014099,8,12,8,30,30,0.9,0.925,0.904761904761905,0.904761904761905,0.887421243880165
"steep_8dose",0.4,0.328817169488481,0.329949796609535,0.0654072113217384,1,30,0,12,2,0.01,0.406,0.0476190476190476,0,0
"steep_8dose",0.4,0.328817169488481,0.329949796609535,0.0654072113217384,2,28,0,15,6,0.03,0.418,0.13953488372093,0.0369962085099143,0
"steep_8dose",0.4,0.328817169488481,0.329949796609535,0.0654072113217384,3,25,4,18,7,0.08,0.448,0.255813953488372,0.130488906008242,0.149827448143879
"steep_8dose",0.4,0.328817169488481,0.329949796609535,0.0654072113217384,4,22,6,20,9,0.18,0.508,0.357142857142857,0.228833879960819,0.251022483963553
"steep_8dose",0.4,0.328817169488481,0.329949796609535,0.0654072113217384,5,20,6,22,16,0.35,0.61,0.523809523809524,0.453822808982957,0.396877241775877
"steep_8dose",0.4,0.328817169488481,0.329949796609535,0.0654072113217384,6,18,5,25,19,0.55,0.73,0.558139534883721,0.489780418076377,0.420254196383211
"steep_8dose",0.4,0.328817169488481,0.329949796609535,0.0654072113217384,7,15,10,28,26,0.75,0.85,0.837209302325581,0.814422930056467,0.788091864868365
"steep_8dose",0.4,0.328817169488481,0.329949796609535,0.0654072113217384,8,12,9,30,28,0.9,0.94,0.880952380952381,0.857623476010192,0.842286986003861
