"Task_ID","Scenario","Source_Scenario","Scenario_Group","Scenario_Attempt","True_MTD","True_OBD","Target_Toxicity","Allocation","Nmax","Sample_Size","N_s1","N_s2","Model","Model_ID","Carryover_Model","CRM_r_Model","CRM_Prior_a","CRM_Prior_b","Efficacy_Model","Efficacy_Prior_a","Efficacy_Prior_b","Efficacy_Carryover_Prior_a","Efficacy_Carryover_Prior_b","Efficacy_Additive_Alpha_Prior_a","Efficacy_Additive_Alpha_Prior_b","Utility_Type","Lambda_T","Stage2_Allocation","Enrollment_Scheme","Arrival_Rate","T_assess","Cycle_Max","IPDE_Dose_Assignment","Toxicity_IPDE_Alpha","Efficacy_IPDE_Alpha","Efficacy_Threshold","Futility_Cutoff","Min_Eff_N_for_Futility","Multicycle_Toxicity_Rule","Multicycle_Toxicity_Cutoff","Dose","True_DLT_rate","True_Efficacy_rate","Estimated_CRM_pj","Estimated_Efficacy","Estimated_Utility","r_hat","r_cap","r_use","MTD_Selection_pct","OBD_Selection_pct","Pts_Treated","Unique_Pts_by_Dose","IPDE_Doses","Total_Administrations","Total_Unique_Patients","Early_Stopping_pct","Design_Early_Stopping_pct","No_OBD_Selection_pct","Duration","n_valid","ntrial_from_files"
1,1,1,"base_example",1,1,1,0.3,"two_stage",30,30,6,30,"CRM","multicycle_additive","multicycle_additive","multicycle_additive",0.15,0.85,"multicycle_additive",0.5,0.5,0.15,0.85,0.15,0.85,3,1,"one_stage","continuous",0.0179,28,3,"any_admissible_dose",0,0,0.2,0.85,0,1,0.95,1,0.3,0.05,0.3251,0.0811,31.863,0.119,NA,NA,58.2,8.4,10.848,7.375,3.851,19.188,10.56,8.8,9,79.9,577.3877,1000,1000
1,1,1,"base_example",1,1,1,0.3,"two_stage",30,30,6,30,"CRM","multicycle_additive","multicycle_additive","multicycle_additive",0.15,0.85,"multicycle_additive",0.5,0.5,0.15,0.85,0.15,0.85,3,1,"one_stage","continuous",0.0179,28,3,"any_admissible_dose",0,0,0.2,0.85,0,1,0.95,2,0.35,0.06,0.3785,0.2608,40.5109,0.119,NA,NA,17.2,7.2,4.452,3.767,2.62,19.188,10.56,8.8,9,79.9,577.3877,1000,1000
1,1,1,"base_example",1,1,1,0.3,"two_stage",30,30,6,30,"CRM","multicycle_additive","multicycle_additive","multicycle_additive",0.15,0.85,"multicycle_additive",0.5,0.5,0.15,0.85,0.15,0.85,3,1,"one_stage","continuous",0.0179,28,3,"any_admissible_dose",0,0,0.2,0.85,0,1,0.95,3,0.4,0.07,0.4738,0.3551,42.3574,0.119,NA,NA,11.7,3.3,2.514,2.141,1.456,19.188,10.56,8.8,9,79.9,577.3877,1000,1000
1,1,1,"base_example",1,1,1,0.3,"two_stage",30,30,6,30,"CRM","multicycle_additive","multicycle_additive","multicycle_additive",0.15,0.85,"multicycle_additive",0.5,0.5,0.15,0.85,0.15,0.85,3,1,"one_stage","continuous",0.0179,28,3,"any_admissible_dose",0,0,0.2,0.85,0,1,0.95,4,0.45,0.08,0.5177,0.4349,45.3855,0.119,NA,NA,3,0.7,1.029,0.894,0.522,19.188,10.56,8.8,9,79.9,577.3877,1000,1000
1,1,1,"base_example",1,1,1,0.3,"two_stage",30,30,6,30,"CRM","multicycle_additive","multicycle_additive","multicycle_additive",0.15,0.85,"multicycle_additive",0.5,0.5,0.15,0.85,0.15,0.85,3,1,"one_stage","continuous",0.0179,28,3,"any_admissible_dose",0,0,0.2,0.85,0,1,0.95,5,0.5,0.09,0.6008,0.4776,44.6253,0.119,NA,NA,1.1,0.5,0.345,0.294,0.179,19.188,10.56,8.8,9,79.9,577.3877,1000,1000
2,16,1,"five_scenarios_txt",1,5,1,0.3,"two_stage",30,30,6,30,"CRM","multicycle_additive","multicycle_additive","multicycle_additive",0.15,0.85,"multicycle_additive",0.5,0.5,0.15,0.85,0.15,0.85,3,1,"one_stage","continuous",0.0179,28,3,"any_admissible_dose",0,0,0.2,0.85,0,1,0.95,1,0.02,0.2,0.0397,0.1943,50.0668,0.1152,NA,NA,0,23.9,7.092,5.967,2.167,30,14.662,0,0,1,800.709,1000,1000
2,16,1,"five_scenarios_txt",1,5,1,0.3,"two_stage",30,30,6,30,"CRM","multicycle_additive","multicycle_additive","multicycle_additive",0.15,0.85,"multicycle_additive",0.5,0.5,0.15,0.85,0.15,0.85,3,1,"one_stage","continuous",0.0179,28,3,"any_admissible_dose",0,0,0.2,0.85,0,1,0.95,2,0.06,0.2,0.0608,0.1925,49.1204,0.1152,NA,NA,0,21.4,6.609,5.654,4.085,30,14.662,0,0,1,800.709,1000,1000
2,16,1,"five_scenarios_txt",1,5,1,0.3,"two_stage",30,30,6,30,"CRM","multicycle_additive","multicycle_additive","multicycle_additive",0.15,0.85,"multicycle_additive",0.5,0.5,0.15,0.85,0.15,0.85,3,1,"one_stage","continuous",0.0179,28,3,"any_admissible_dose",0,0,0.2,0.85,0,1,0.95,3,0.09,0.2,0.1137,0.1993,47.4104,0.1152,NA,NA,0.6,18.7,5.607,5.042,3.473,30,14.662,0,0,1,800.709,1000,1000
2,16,1,"five_scenarios_txt",1,5,1,0.3,"two_stage",30,30,6,30,"CRM","multicycle_additive","multicycle_additive","multicycle_additive",0.15,0.85,"multicycle_additive",0.5,0.5,0.15,0.85,0.15,0.85,3,1,"one_stage","continuous",0.0179,28,3,"any_admissible_dose",0,0,0.2,0.85,0,1,0.95,4,0.14,0.2,0.1457,0.2144,47.0348,0.1152,NA,NA,6.3,21,5.838,5.109,2.982,30,14.662,0,0,1,800.709,1000,1000
2,16,1,"five_scenarios_txt",1,5,1,0.3,"two_stage",30,30,6,30,"CRM","multicycle_additive","multicycle_additive","multicycle_additive",0.15,0.85,"multicycle_additive",0.5,0.5,0.15,0.85,0.15,0.85,3,1,"one_stage","continuous",0.0179,28,3,"any_admissible_dose",0,0,0.2,0.85,0,1,0.95,5,0.26,0.2,0.2215,0.2363,45.3155,0.1152,NA,NA,93.1,14,4.854,4.291,2.631,30,14.662,0,0,1,800.709,1000,1000
3,20,5,"five_scenarios_txt",1,3,2,0.3,"two_stage",30,30,6,30,"CRM","multicycle_additive","multicycle_additive","multicycle_additive",0.15,0.85,"multicycle_additive",0.5,0.5,0.15,0.85,0.15,0.85,3,1,"one_stage","continuous",0.0179,28,3,"any_admissible_dose",0,0,0.2,0.85,0,1,0.95,1,0.07,0.05,0.1367,0.1274,42.177,0.1216,NA,NA,2.3,5.1,5.025,4.304,1.006,29.514,15.931,0.1,0.1,5.1,872.5165,1000,1000
3,20,5,"five_scenarios_txt",1,3,2,0.3,"two_stage",30,30,6,30,"CRM","multicycle_additive","multicycle_additive","multicycle_additive",0.15,0.85,"multicycle_additive",0.5,0.5,0.15,0.85,0.15,0.85,3,1,"one_stage","continuous",0.0179,28,3,"any_admissible_dose",0,0,0.2,0.85,0,1,0.95,2,0.14,0.25,0.1805,0.2326,46.7363,0.1216,NA,NA,7,47.2,10.293,8.154,5.644,29.514,15.931,0.1,0.1,5.1,872.5165,1000,1000
3,20,5,"five_scenarios_txt",1,3,2,0.3,"two_stage",30,30,6,30,"CRM","multicycle_additive","multicycle_additive","multicycle_additive",0.15,0.85,"multicycle_additive",0.5,0.5,0.15,0.85,0.15,0.85,3,1,"one_stage","continuous",0.0179,28,3,"any_admissible_dose",0,0,0.2,0.85,0,1,0.95,3,0.31,0.25,0.2707,0.241,43.6329,0.1216,NA,NA,39.2,28.8,7.731,6.741,3.874,29.514,15.931,0.1,0.1,5.1,872.5165,1000,1000
3,20,5,"five_scenarios_txt",1,3,2,0.3,"two_stage",30,30,6,30,"CRM","multicycle_additive","multicycle_additive","multicycle_additive",0.15,0.85,"multicycle_additive",0.5,0.5,0.15,0.85,0.15,0.85,3,1,"one_stage","continuous",0.0179,28,3,"any_admissible_dose",0,0,0.2,0.85,0,1,0.95,4,0.41,0.25,0.3172,0.3078,45.7842,0.1216,NA,NA,35.9,11.4,4.779,4.32,2.217,29.514,15.931,0.1,0.1,5.1,872.5165,1000,1000
3,20,5,"five_scenarios_txt",1,3,2,0.3,"two_stage",30,30,6,30,"CRM","multicycle_additive","multicycle_additive","multicycle_additive",0.15,0.85,"multicycle_additive",0.5,0.5,0.15,0.85,0.15,0.85,3,1,"one_stage","continuous",0.0179,28,3,"any_admissible_dose",0,0,0.2,0.85,0,1,0.95,5,0.52,0.25,0.4127,0.4071,47.9188,0.1216,NA,NA,15.5,2.4,1.686,1.587,0.842,29.514,15.931,0.1,0.1,5.1,872.5165,1000,1000
4,24,4,"five_scenarios_txt",1,5,4,0.3,"two_stage",30,30,6,30,"CRM","multicycle_additive","multicycle_additive","multicycle_additive",0.15,0.85,"multicycle_additive",0.5,0.5,0.15,0.85,0.15,0.85,3,1,"one_stage","continuous",0.0179,28,3,"any_admissible_dose",0,0,0.2,0.85,0,1,0.95,1,0.01,0.05,0.0283,0.1472,47.703,0.1221,NA,NA,0,0.9,3.414,3.316,0.226,30,16.672,0,0,0,915.1163,1000,1000
4,24,4,"five_scenarios_txt",1,5,4,0.3,"two_stage",30,30,6,30,"CRM","multicycle_additive","multicycle_additive","multicycle_additive",0.15,0.85,"multicycle_additive",0.5,0.5,0.15,0.85,0.15,0.85,3,1,"one_stage","continuous",0.0179,28,3,"any_admissible_dose",0,0,0.2,0.85,0,1,0.95,2,0.02,0.08,0.0452,0.1604,47.8181,0.1221,NA,NA,0,1.8,3.432,3.376,2.625,30,16.672,0,0,0,915.1163,1000,1000
4,24,4,"five_scenarios_txt",1,5,4,0.3,"two_stage",30,30,6,30,"CRM","multicycle_additive","multicycle_additive","multicycle_additive",0.15,0.85,"multicycle_additive",0.5,0.5,0.15,0.85,0.15,0.85,3,1,"one_stage","continuous",0.0179,28,3,"any_admissible_dose",0,0,0.2,0.85,0,1,0.95,3,0.05,0.2,0.0904,0.2244,49.8457,0.1221,NA,NA,0,4.8,4.167,3.978,2.961,30,16.672,0,0,0,915.1163,1000,1000
4,24,4,"five_scenarios_txt",1,5,4,0.3,"two_stage",30,30,6,30,"CRM","multicycle_additive","multicycle_additive","multicycle_additive",0.15,0.85,"multicycle_additive",0.5,0.5,0.15,0.85,0.15,0.85,3,1,"one_stage","continuous",0.0179,28,3,"any_admissible_dose",0,0,0.2,0.85,0,1,0.95,4,0.1,0.5,0.119,0.4327,61.202,0.1221,NA,NA,2.9,56.5,10.899,8.879,4.467,30,16.672,0,0,0,915.1163,1000,1000
4,24,4,"five_scenarios_txt",1,5,4,0.3,"two_stage",30,30,6,30,"CRM","multicycle_additive","multicycle_additive","multicycle_additive",0.15,0.85,"multicycle_additive",0.5,0.5,0.15,0.85,0.15,0.85,3,1,"one_stage","continuous",0.0179,28,3,"any_admissible_dose",0,0,0.2,0.85,0,1,0.95,5,0.25,0.5,0.1893,0.426,57.99,0.1221,NA,NA,97.1,36,8.088,6.916,3.049,30,16.672,0,0,0,915.1163,1000,1000
5,27,2,"higher_gap_above_MTD",1,3,3,0.3,"two_stage",30,30,6,30,"CRM","multicycle_additive","multicycle_additive","multicycle_additive",0.15,0.85,"multicycle_additive",0.5,0.5,0.15,0.85,0.15,0.85,3,1,"one_stage","continuous",0.0179,28,3,"any_admissible_dose",0,0,0.2,0.85,0,1,0.95,1,0.11,0.1,0.1623,0.1437,42.1293,0.1099,NA,NA,5,11.3,6.771,5.378,1.769,29.196,16.85,0.2,0.2,8.3,925.6452,1000,1000
5,27,2,"higher_gap_above_MTD",1,3,3,0.3,"two_stage",30,30,6,30,"CRM","multicycle_additive","multicycle_additive","multicycle_additive",0.15,0.85,"multicycle_additive",0.5,0.5,0.15,0.85,0.15,0.85,3,1,"one_stage","continuous",0.0179,28,3,"any_admissible_dose",0,0,0.2,0.85,0,1,0.95,2,0.17,0.2,0.2098,0.2061,43.9741,0.1099,NA,NA,13.9,22,7.509,6.349,4.135,29.196,16.85,0.2,0.2,8.3,925.6452,1000,1000
5,27,2,"higher_gap_above_MTD",1,3,3,0.3,"two_stage",30,30,6,30,"CRM","multicycle_additive","multicycle_additive","multicycle_additive",0.15,0.85,"multicycle_additive",0.5,0.5,0.15,0.85,0.15,0.85,3,1,"one_stage","continuous",0.0179,28,3,"any_admissible_dose",0,0,0.2,0.85,0,1,0.95,3,0.3,0.4,0.3045,0.3676,49.8805,0.1099,NA,NA,51.2,46.1,9.654,8.231,4.355,29.196,16.85,0.2,0.2,8.3,925.6452,1000,1000
5,27,2,"higher_gap_above_MTD",1,3,3,0.3,"two_stage",30,30,6,30,"CRM","multicycle_additive","multicycle_additive","multicycle_additive",0.15,0.85,"multicycle_additive",0.5,0.5,0.15,0.85,0.15,0.85,3,1,"one_stage","continuous",0.0179,28,3,"any_admissible_dose",0,0,0.2,0.85,0,1,0.95,4,0.5,0.42,0.352,0.4283,51.6194,0.1099,NA,NA,24.9,11.2,4.113,3.866,1.637,29.196,16.85,0.2,0.2,8.3,925.6452,1000,1000
5,27,2,"higher_gap_above_MTD",1,3,3,0.3,"two_stage",30,30,6,30,"CRM","multicycle_additive","multicycle_additive","multicycle_additive",0.15,0.85,"multicycle_additive",0.5,0.5,0.15,0.85,0.15,0.85,3,1,"one_stage","continuous",0.0179,28,3,"any_admissible_dose",0,0,0.2,0.85,0,1,0.95,5,0.62,0.45,0.4479,0.4811,50.9527,0.1099,NA,NA,4.8,1.1,1.149,1.109,0.45,29.196,16.85,0.2,0.2,8.3,925.6452,1000,1000
6,38,38,"user_added",1,5,5,0.3,"two_stage",30,30,6,30,"CRM","multicycle_additive","multicycle_additive","multicycle_additive",0.15,0.85,"multicycle_additive",0.5,0.5,0.15,0.85,0.15,0.85,3,1,"one_stage","continuous",0.0179,28,3,"any_admissible_dose",0,0,0.2,0.85,0,1,0.95,1,0.05,0.05,0.0599,0.1301,45.4113,0.1134,NA,NA,0.6,4.4,4.461,3.946,0.791,29.856,15.604,0,0,3.9,856.4799,1000,1000
6,38,38,"user_added",1,5,5,0.3,"two_stage",30,30,6,30,"CRM","multicycle_additive","multicycle_additive","multicycle_additive",0.15,0.85,"multicycle_additive",0.5,0.5,0.15,0.85,0.15,0.85,3,1,"one_stage","continuous",0.0179,28,3,"any_admissible_dose",0,0,0.2,0.85,0,1,0.95,2,0.1,0.08,0.0875,0.1448,45.1885,0.1134,NA,NA,0.3,6.9,4.377,4.055,3.107,29.856,15.604,0,0,3.9,856.4799,1000,1000
6,38,38,"user_added",1,5,5,0.3,"two_stage",30,30,6,30,"CRM","multicycle_additive","multicycle_additive","multicycle_additive",0.15,0.85,"multicycle_additive",0.5,0.5,0.15,0.85,0.15,0.85,3,1,"one_stage","continuous",0.0179,28,3,"any_admissible_dose",0,0,0.2,0.85,0,1,0.95,3,0.12,0.12,0.153,0.1616,43.5728,0.1134,NA,NA,3.1,7.7,4.854,4.415,3.145,29.856,15.604,0,0,3.9,856.4799,1000,1000
6,38,38,"user_added",1,5,5,0.3,"two_stage",30,30,6,30,"CRM","multicycle_additive","multicycle_additive","multicycle_additive",0.15,0.85,"multicycle_additive",0.5,0.5,0.15,0.85,0.15,0.85,3,1,"one_stage","continuous",0.0179,28,3,"any_admissible_dose",0,0,0.2,0.85,0,1,0.95,4,0.15,0.15,0.1908,0.1948,44.0517,0.1134,NA,NA,14,12.1,5.439,4.779,2.666,29.856,15.604,0,0,3.9,856.4799,1000,1000
6,38,38,"user_added",1,5,5,0.3,"two_stage",30,30,6,30,"CRM","multicycle_additive","multicycle_additive","multicycle_additive",0.15,0.85,"multicycle_additive",0.5,0.5,0.15,0.85,0.15,0.85,3,1,"one_stage","continuous",0.0179,28,3,"any_admissible_dose",0,0,0.2,0.85,0,1,0.95,5,0.3,0.5,0.2765,0.4549,56.2353,0.1134,NA,NA,82,65,10.725,8.68,4.543,29.856,15.604,0,0,3.9,856.4799,1000,1000
7,1,1,"base_example",1,1,1,0.3,"one_stage",30,30,30,30,"CRM","multicycle_additive","multicycle_additive","multicycle_additive",0.15,0.85,"multicycle_additive",0.5,0.5,0.15,0.85,0.15,0.85,3,1,"one_stage","continuous",0.0179,28,3,"any_admissible_dose",0,0,0.2,0.85,0,1,0.95,1,0.3,0.05,0.3255,0.0817,31.8809,0.1168,NA,NA,59.1,9.8,10.962,7.433,3.868,19.17,10.537,8.6,9.2,80.3,576.5719,1000,1000
7,1,1,"base_example",1,1,1,0.3,"one_stage",30,30,30,30,"CRM","multicycle_additive","multicycle_additive","multicycle_additive",0.15,0.85,"multicycle_additive",0.5,0.5,0.15,0.85,0.15,0.85,3,1,"one_stage","continuous",0.0179,28,3,"any_admissible_dose",0,0,0.2,0.85,0,1,0.95,2,0.35,0.06,0.3789,0.2604,40.4688,0.1168,NA,NA,16.2,5.6,4.362,3.67,2.602,19.17,10.537,8.6,9.2,80.3,576.5719,1000,1000
7,1,1,"base_example",1,1,1,0.3,"one_stage",30,30,30,30,"CRM","multicycle_additive","multicycle_additive","multicycle_additive",0.15,0.85,"multicycle_additive",0.5,0.5,0.15,0.85,0.15,0.85,3,1,"one_stage","continuous",0.0179,28,3,"any_admissible_dose",0,0,0.2,0.85,0,1,0.95,3,0.4,0.07,0.4742,0.3521,42.1603,0.1168,NA,NA,11.4,2.9,2.496,2.12,1.467,19.17,10.537,8.6,9.2,80.3,576.5719,1000,1000
7,1,1,"base_example",1,1,1,0.3,"one_stage",30,30,30,30,"CRM","multicycle_additive","multicycle_additive","multicycle_additive",0.15,0.85,"multicycle_additive",0.5,0.5,0.15,0.85,0.15,0.85,3,1,"one_stage","continuous",0.0179,28,3,"any_admissible_dose",0,0,0.2,0.85,0,1,0.95,4,0.45,0.08,0.5181,0.434,45.319,0.1168,NA,NA,3.7,0.9,1.035,0.894,0.52,19.17,10.537,8.6,9.2,80.3,576.5719,1000,1000
7,1,1,"base_example",1,1,1,0.3,"one_stage",30,30,30,30,"CRM","multicycle_additive","multicycle_additive","multicycle_additive",0.15,0.85,"multicycle_additive",0.5,0.5,0.15,0.85,0.15,0.85,3,1,"one_stage","continuous",0.0179,28,3,"any_admissible_dose",0,0,0.2,0.85,0,1,0.95,5,0.5,0.09,0.6011,0.4806,44.793,0.1168,NA,NA,1,0.5,0.315,0.262,0.176,19.17,10.537,8.6,9.2,80.3,576.5719,1000,1000
8,16,1,"five_scenarios_txt",1,5,1,0.3,"one_stage",30,30,30,30,"CRM","multicycle_additive","multicycle_additive","multicycle_additive",0.15,0.85,"multicycle_additive",0.5,0.5,0.15,0.85,0.15,0.85,3,1,"one_stage","continuous",0.0179,28,3,"any_admissible_dose",0,0,0.2,0.85,0,1,0.95,1,0.02,0.2,0.0391,0.1932,50.0296,0.1179,NA,NA,0,22.8,7.335,6.181,2.171,30,14.604,0,0,0.9,796.6202,1000,1000
8,16,1,"five_scenarios_txt",1,5,1,0.3,"one_stage",30,30,30,30,"CRM","multicycle_additive","multicycle_additive","multicycle_additive",0.15,0.85,"multicycle_additive",0.5,0.5,0.15,0.85,0.15,0.85,3,1,"one_stage","continuous",0.0179,28,3,"any_admissible_dose",0,0,0.2,0.85,0,1,0.95,2,0.06,0.2,0.0599,0.188,48.8803,0.1179,NA,NA,0,20.9,6.6,5.68,4.125,30,14.604,0,0,0.9,796.6202,1000,1000
8,16,1,"five_scenarios_txt",1,5,1,0.3,"one_stage",30,30,30,30,"CRM","multicycle_additive","multicycle_additive","multicycle_additive",0.15,0.85,"multicycle_additive",0.5,0.5,0.15,0.85,0.15,0.85,3,1,"one_stage","continuous",0.0179,28,3,"any_admissible_dose",0,0,0.2,0.85,0,1,0.95,3,0.09,0.2,0.1124,0.2017,47.6052,0.1179,NA,NA,0.9,19.5,5.562,5.035,3.388,30,14.604,0,0,0.9,796.6202,1000,1000
8,16,1,"five_scenarios_txt",1,5,1,0.3,"one_stage",30,30,30,30,"CRM","multicycle_additive","multicycle_additive","multicycle_additive",0.15,0.85,"multicycle_additive",0.5,0.5,0.15,0.85,0.15,0.85,3,1,"one_stage","continuous",0.0179,28,3,"any_admissible_dose",0,0,0.2,0.85,0,1,0.95,4,0.14,0.2,0.1443,0.2138,47.0546,0.1179,NA,NA,8.4,21.9,5.817,5.036,3.069,30,14.604,0,0,0.9,796.6202,1000,1000
8,16,1,"five_scenarios_txt",1,5,1,0.3,"one_stage",30,30,30,30,"CRM","multicycle_additive","multicycle_additive","multicycle_additive",0.15,0.85,"multicycle_additive",0.5,0.5,0.15,0.85,0.15,0.85,3,1,"one_stage","continuous",0.0179,28,3,"any_admissible_dose",0,0,0.2,0.85,0,1,0.95,5,0.26,0.2,0.2197,0.2436,45.8268,0.1179,NA,NA,90.7,14,4.686,4.108,2.643,30,14.604,0,0,0.9,796.6202,1000,1000
9,20,5,"five_scenarios_txt",1,3,2,0.3,"one_stage",30,30,30,30,"CRM","multicycle_additive","multicycle_additive","multicycle_additive",0.15,0.85,"multicycle_additive",0.5,0.5,0.15,0.85,0.15,0.85,3,1,"one_stage","continuous",0.0179,28,3,"any_admissible_dose",0,0,0.2,0.85,0,1,0.95,1,0.07,0.05,0.1354,0.126,42.1406,0.1211,NA,NA,2.5,5.4,5.166,4.41,1.027,29.505,15.803,0.1,0.1,5.3,863.6836,1000,1000
9,20,5,"five_scenarios_txt",1,3,2,0.3,"one_stage",30,30,30,30,"CRM","multicycle_additive","multicycle_additive","multicycle_additive",0.15,0.85,"multicycle_additive",0.5,0.5,0.15,0.85,0.15,0.85,3,1,"one_stage","continuous",0.0179,28,3,"any_admissible_dose",0,0,0.2,0.85,0,1,0.95,2,0.14,0.25,0.1791,0.2263,46.4105,0.1211,NA,NA,7.2,45.6,10.896,8.514,5.783,29.505,15.803,0.1,0.1,5.3,863.6836,1000,1000
9,20,5,"five_scenarios_txt",1,3,2,0.3,"one_stage",30,30,30,30,"CRM","multicycle_additive","multicycle_additive","multicycle_additive",0.15,0.85,"multicycle_additive",0.5,0.5,0.15,0.85,0.15,0.85,3,1,"one_stage","continuous",0.0179,28,3,"any_admissible_dose",0,0,0.2,0.85,0,1,0.95,3,0.31,0.25,0.2692,0.2398,43.6195,0.1211,NA,NA,38.8,28.9,7.59,6.532,3.963,29.505,15.803,0.1,0.1,5.3,863.6836,1000,1000
9,20,5,"five_scenarios_txt",1,3,2,0.3,"one_stage",30,30,30,30,"CRM","multicycle_additive","multicycle_additive","multicycle_additive",0.15,0.85,"multicycle_additive",0.5,0.5,0.15,0.85,0.15,0.85,3,1,"one_stage","continuous",0.0179,28,3,"any_admissible_dose",0,0,0.2,0.85,0,1,0.95,4,0.41,0.25,0.3156,0.3091,45.9243,0.1211,NA,NA,37.8,12.5,4.422,3.972,2.162,29.505,15.803,0.1,0.1,5.3,863.6836,1000,1000
9,20,5,"five_scenarios_txt",1,3,2,0.3,"one_stage",30,30,30,30,"CRM","multicycle_additive","multicycle_additive","multicycle_additive",0.15,0.85,"multicycle_additive",0.5,0.5,0.15,0.85,0.15,0.85,3,1,"one_stage","continuous",0.0179,28,3,"any_admissible_dose",0,0,0.2,0.85,0,1,0.95,5,0.52,0.25,0.4111,0.4217,48.8606,0.1211,NA,NA,13.6,2.3,1.431,1.334,0.767,29.505,15.803,0.1,0.1,5.3,863.6836,1000,1000
10,24,4,"five_scenarios_txt",1,5,4,0.3,"one_stage",30,30,30,30,"CRM","multicycle_additive","multicycle_additive","multicycle_additive",0.15,0.85,"multicycle_additive",0.5,0.5,0.15,0.85,0.15,0.85,3,1,"one_stage","continuous",0.0179,28,3,"any_admissible_dose",0,0,0.2,0.85,0,1,0.95,1,0.01,0.05,0.0271,0.1461,47.6866,0.1216,NA,NA,0,1,3.429,3.331,0.206,30,16.534,0,0,0,907.7067,1000,1000
10,24,4,"five_scenarios_txt",1,5,4,0.3,"one_stage",30,30,30,30,"CRM","multicycle_additive","multicycle_additive","multicycle_additive",0.15,0.85,"multicycle_additive",0.5,0.5,0.15,0.85,0.15,0.85,3,1,"one_stage","continuous",0.0179,28,3,"any_admissible_dose",0,0,0.2,0.85,0,1,0.95,2,0.02,0.08,0.0434,0.1591,47.8123,0.1216,NA,NA,0,1.2,3.435,3.371,2.632,30,16.534,0,0,0,907.7067,1000,1000
10,24,4,"five_scenarios_txt",1,5,4,0.3,"one_stage",30,30,30,30,"CRM","multicycle_additive","multicycle_additive","multicycle_additive",0.15,0.85,"multicycle_additive",0.5,0.5,0.15,0.85,0.15,0.85,3,1,"one_stage","continuous",0.0179,28,3,"any_admissible_dose",0,0,0.2,0.85,0,1,0.95,3,0.05,0.2,0.0873,0.2236,49.926,0.1216,NA,NA,0,4.8,4.26,4.015,2.975,30,16.534,0,0,0,907.7067,1000,1000
10,24,4,"five_scenarios_txt",1,5,4,0.3,"one_stage",30,30,30,30,"CRM","multicycle_additive","multicycle_additive","multicycle_additive",0.15,0.85,"multicycle_additive",0.5,0.5,0.15,0.85,0.15,0.85,3,1,"one_stage","continuous",0.0179,28,3,"any_admissible_dose",0,0,0.2,0.85,0,1,0.95,4,0.1,0.5,0.1152,0.4262,60.965,0.1216,NA,NA,30.3,58.9,12.516,9.648,5.025,30,16.534,0,0,0,907.7067,1000,1000
10,24,4,"five_scenarios_txt",1,5,4,0.3,"one_stage",30,30,30,30,"CRM","multicycle_additive","multicycle_additive","multicycle_additive",0.15,0.85,"multicycle_additive",0.5,0.5,0.15,0.85,0.15,0.85,3,1,"one_stage","continuous",0.0179,28,3,"any_admissible_dose",0,0,0.2,0.85,0,1,0.95,5,0.25,0.5,0.1841,0.4454,59.359,0.1216,NA,NA,69.7,34.1,6.36,5.265,2.628,30,16.534,0,0,0,907.7067,1000,1000
11,27,2,"higher_gap_above_MTD",1,3,3,0.3,"one_stage",30,30,30,30,"CRM","multicycle_additive","multicycle_additive","multicycle_additive",0.15,0.85,"multicycle_additive",0.5,0.5,0.15,0.85,0.15,0.85,3,1,"one_stage","continuous",0.0179,28,3,"any_admissible_dose",0,0,0.2,0.85,0,1,0.95,1,0.11,0.1,0.1595,0.1411,42.0878,0.1161,NA,NA,5.1,10.8,7.077,5.573,1.861,29.169,16.581,0.2,0.2,8.2,909.5426,1000,1000
11,27,2,"higher_gap_above_MTD",1,3,3,0.3,"one_stage",30,30,30,30,"CRM","multicycle_additive","multicycle_additive","multicycle_additive",0.15,0.85,"multicycle_additive",0.5,0.5,0.15,0.85,0.15,0.85,3,1,"one_stage","continuous",0.0179,28,3,"any_admissible_dose",0,0,0.2,0.85,0,1,0.95,2,0.17,0.2,0.2065,0.2016,43.8397,0.1161,NA,NA,14,22.3,7.755,6.479,4.238,29.169,16.581,0.2,0.2,8.2,909.5426,1000,1000
11,27,2,"higher_gap_above_MTD",1,3,3,0.3,"one_stage",30,30,30,30,"CRM","multicycle_additive","multicycle_additive","multicycle_additive",0.15,0.85,"multicycle_additive",0.5,0.5,0.15,0.85,0.15,0.85,3,1,"one_stage","continuous",0.0179,28,3,"any_admissible_dose",0,0,0.2,0.85,0,1,0.95,3,0.3,0.4,0.3006,0.3579,49.45,0.1161,NA,NA,49.8,46,9.948,8.292,4.512,29.169,16.581,0.2,0.2,8.2,909.5426,1000,1000
11,27,2,"higher_gap_above_MTD",1,3,3,0.3,"one_stage",30,30,30,30,"CRM","multicycle_additive","multicycle_additive","multicycle_additive",0.15,0.85,"multicycle_additive",0.5,0.5,0.15,0.85,0.15,0.85,3,1,"one_stage","continuous",0.0179,28,3,"any_admissible_dose",0,0,0.2,0.85,0,1,0.95,4,0.5,0.42,0.3479,0.4292,51.8358,0.1161,NA,NA,26.9,11.7,3.69,3.389,1.646,29.169,16.581,0.2,0.2,8.2,909.5426,1000,1000
11,27,2,"higher_gap_above_MTD",1,3,3,0.3,"one_stage",30,30,30,30,"CRM","multicycle_additive","multicycle_additive","multicycle_additive",0.15,0.85,"multicycle_additive",0.5,0.5,0.15,0.85,0.15,0.85,3,1,"one_stage","continuous",0.0179,28,3,"any_admissible_dose",0,0,0.2,0.85,0,1,0.95,5,0.62,0.45,0.4437,0.4813,51.1274,0.1161,NA,NA,4,1,0.699,0.658,0.331,29.169,16.581,0.2,0.2,8.2,909.5426,1000,1000
12,38,38,"user_added",1,5,5,0.3,"one_stage",30,30,30,30,"CRM","multicycle_additive","multicycle_additive","multicycle_additive",0.15,0.85,"multicycle_additive",0.5,0.5,0.15,0.85,0.15,0.85,3,1,"one_stage","continuous",0.0179,28,3,"any_admissible_dose",0,0,0.2,0.85,0,1,0.95,1,0.05,0.05,0.0603,0.1285,45.2965,0.1118,NA,NA,0.6,3.5,4.515,3.99,0.795,29.856,15.602,0,0,4.1,854.8449,1000,1000
12,38,38,"user_added",1,5,5,0.3,"one_stage",30,30,30,30,"CRM","multicycle_additive","multicycle_additive","multicycle_additive",0.15,0.85,"multicycle_additive",0.5,0.5,0.15,0.85,0.15,0.85,3,1,"one_stage","continuous",0.0179,28,3,"any_admissible_dose",0,0,0.2,0.85,0,1,0.95,2,0.1,0.08,0.088,0.1434,45.0827,0.1118,NA,NA,0.3,5.9,4.422,4.063,3.132,29.856,15.602,0,0,4.1,854.8449,1000,1000
12,38,38,"user_added",1,5,5,0.3,"one_stage",30,30,30,30,"CRM","multicycle_additive","multicycle_additive","multicycle_additive",0.15,0.85,"multicycle_additive",0.5,0.5,0.15,0.85,0.15,0.85,3,1,"one_stage","continuous",0.0179,28,3,"any_admissible_dose",0,0,0.2,0.85,0,1,0.95,3,0.12,0.12,0.1536,0.1622,43.5854,0.1118,NA,NA,3,7.6,4.893,4.436,3.147,29.856,15.602,0,0,4.1,854.8449,1000,1000
12,38,38,"user_added",1,5,5,0.3,"one_stage",30,30,30,30,"CRM","multicycle_additive","multicycle_additive","multicycle_additive",0.15,0.85,"multicycle_additive",0.5,0.5,0.15,0.85,0.15,0.85,3,1,"one_stage","continuous",0.0179,28,3,"any_admissible_dose",0,0,0.2,0.85,0,1,0.95,4,0.15,0.15,0.1915,0.1916,43.8342,0.1118,NA,NA,13.5,12.5,5.412,4.724,2.707,29.856,15.602,0,0,4.1,854.8449,1000,1000
12,38,38,"user_added",1,5,5,0.3,"one_stage",30,30,30,30,"CRM","multicycle_additive","multicycle_additive","multicycle_additive",0.15,0.85,"multicycle_additive",0.5,0.5,0.15,0.85,0.15,0.85,3,1,"one_stage","continuous",0.0179,28,3,"any_admissible_dose",0,0,0.2,0.85,0,1,0.95,5,0.3,0.5,0.2772,0.4611,56.581,0.1118,NA,NA,82.6,66.4,10.614,8.563,4.473,29.856,15.602,0,0,4.1,854.8449,1000,1000
