"Task_ID","Scenario","Source_Scenario","Scenario_Group","Scenario_Attempt","True_MTD","True_OBD","Target_Toxicity","Allocation","Nmax","Sample_Size","N_s1","N_s2","Model","Model_ID","Carryover_Model","CRM_r_Model","CRM_Prior_a","CRM_Prior_b","Efficacy_Model","Efficacy_Prior_a","Efficacy_Prior_b","Efficacy_Carryover_Prior_a","Efficacy_Carryover_Prior_b","Efficacy_Additive_Alpha_Prior_a","Efficacy_Additive_Alpha_Prior_b","Utility_Type","Lambda_T","Stage2_Allocation","Enrollment_Scheme","Arrival_Rate","T_assess","Cycle_Max","IPDE_Dose_Assignment","Toxicity_IPDE_Alpha","Efficacy_IPDE_Alpha","Efficacy_Threshold","Futility_Cutoff","Min_Eff_N_for_Futility","Recycle_Toxicity_Rule","Recycle_Efficacy_Rule","Dose","True_DLT_rate","True_Efficacy_rate","Estimated_CRM_pj","Estimated_Efficacy","Estimated_Utility","r_hat","r_cap","r_use","MTD_Selection_pct","OBD_Selection_pct","Pts_Treated","Unique_Pts_by_Dose","IPDE_Doses","Total_Administrations","Total_Unique_Patients","Early_Stopping_pct","Design_Early_Stopping_pct","No_OBD_Selection_pct","Duration","n_valid","ntrial_from_files"
1,1,1,"base_example",1,1,1,0.3,"one_stage",30,30,30,30,"CRM","additive_shared","additive_shared","previous_dose",0.15,0.85,"previous_dose_additive",0.5,0.5,0.15,0.85,0.15,0.85,3,1,"highest_utility","ipde_first",0.0179,28,2,"any_admissible_dose",0,0,0.2,0.85,3,1,0,1,0.3,0.05,0.3259,0.0819,31.881,0.1209,NA,NA,55.1,18,10.743,8.056,2.981,19.566,12.646,10.3,10.3,70.9,843.2615,1000,1000
1,1,1,"base_example",1,1,1,0.3,"one_stage",30,30,30,30,"CRM","additive_shared","additive_shared","previous_dose",0.15,0.85,"previous_dose_additive",0.5,0.5,0.15,0.85,0.15,0.85,3,1,"highest_utility","ipde_first",0.0179,28,2,"any_admissible_dose",0,0,0.2,0.85,3,1,0,2,0.35,0.06,0.3792,0.2464,39.617,0.1209,NA,NA,18.8,8.2,4.818,4.174,2.494,19.566,12.646,10.3,10.3,70.9,843.2615,1000,1000
1,1,1,"base_example",1,1,1,0.3,"one_stage",30,30,30,30,"CRM","additive_shared","additive_shared","previous_dose",0.15,0.85,"previous_dose_additive",0.5,0.5,0.15,0.85,0.15,0.85,3,1,"highest_utility","ipde_first",0.0179,28,2,"any_admissible_dose",0,0,0.2,0.85,3,1,0,3,0.4,0.07,0.4745,0.3484,41.9216,0.1209,NA,NA,10.8,2.5,2.586,2.219,0.782,19.566,12.646,10.3,10.3,70.9,843.2615,1000,1000
1,1,1,"base_example",1,1,1,0.3,"one_stage",30,30,30,30,"CRM","additive_shared","additive_shared","previous_dose",0.15,0.85,"previous_dose_additive",0.5,0.5,0.15,0.85,0.15,0.85,3,1,"highest_utility","ipde_first",0.0179,28,2,"any_admissible_dose",0,0,0.2,0.85,3,1,0,4,0.45,0.08,0.5184,0.4287,44.984,0.1209,NA,NA,4.4,0.4,1.092,0.977,0.556,19.566,12.646,10.3,10.3,70.9,843.2615,1000,1000
1,1,1,"base_example",1,1,1,0.3,"one_stage",30,30,30,30,"CRM","additive_shared","additive_shared","previous_dose",0.15,0.85,"previous_dose_additive",0.5,0.5,0.15,0.85,0.15,0.85,3,1,"highest_utility","ipde_first",0.0179,28,2,"any_admissible_dose",0,0,0.2,0.85,3,1,0,5,0.5,0.09,0.6014,0.4775,44.5925,0.1209,NA,NA,0.6,0,0.327,0.283,0.107,19.566,12.646,10.3,10.3,70.9,843.2615,1000,1000
2,16,1,"five_scenarios_txt",1,5,1,0.3,"one_stage",30,30,30,30,"CRM","additive_shared","additive_shared","previous_dose",0.15,0.85,"previous_dose_additive",0.5,0.5,0.15,0.85,0.15,0.85,3,1,"highest_utility","ipde_first",0.0179,28,2,"any_admissible_dose",0,0,0.2,0.85,3,1,0,1,0.02,0.2,0.0399,0.1927,49.9635,0.1216,NA,NA,0,30,7.149,6.293,1.671,30,18.21,0,0,0,1248.6855,1000,1000
2,16,1,"five_scenarios_txt",1,5,1,0.3,"one_stage",30,30,30,30,"CRM","additive_shared","additive_shared","previous_dose",0.15,0.85,"previous_dose_additive",0.5,0.5,0.15,0.85,0.15,0.85,3,1,"highest_utility","ipde_first",0.0179,28,2,"any_admissible_dose",0,0,0.2,0.85,3,1,0,2,0.06,0.2,0.061,0.196,49.3212,0.1216,NA,NA,0.4,23.6,6.558,5.899,3.791,30,18.21,0,0,0,1248.6855,1000,1000
2,16,1,"five_scenarios_txt",1,5,1,0.3,"one_stage",30,30,30,30,"CRM","additive_shared","additive_shared","previous_dose",0.15,0.85,"previous_dose_additive",0.5,0.5,0.15,0.85,0.15,0.85,3,1,"highest_utility","ipde_first",0.0179,28,2,"any_admissible_dose",0,0,0.2,0.85,3,1,0,3,0.09,0.2,0.1142,0.2045,47.7006,0.1216,NA,NA,0.6,19.2,5.997,5.446,1.825,30,18.21,0,0,0,1248.6855,1000,1000
2,16,1,"five_scenarios_txt",1,5,1,0.3,"one_stage",30,30,30,30,"CRM","additive_shared","additive_shared","previous_dose",0.15,0.85,"previous_dose_additive",0.5,0.5,0.15,0.85,0.15,0.85,3,1,"highest_utility","ipde_first",0.0179,28,2,"any_admissible_dose",0,0,0.2,0.85,3,1,0,4,0.14,0.2,0.1464,0.2099,46.7409,0.1216,NA,NA,10.5,15.3,5.424,4.975,2.783,30,18.21,0,0,0,1248.6855,1000,1000
2,16,1,"five_scenarios_txt",1,5,1,0.3,"one_stage",30,30,30,30,"CRM","additive_shared","additive_shared","previous_dose",0.15,0.85,"previous_dose_additive",0.5,0.5,0.15,0.85,0.15,0.85,3,1,"highest_utility","ipde_first",0.0179,28,2,"any_admissible_dose",0,0,0.2,0.85,3,1,0,5,0.26,0.2,0.2225,0.247,45.9186,0.1216,NA,NA,88.5,11.9,4.872,4.37,1.72,30,18.21,0,0,0,1248.6855,1000,1000
3,20,5,"five_scenarios_txt",1,3,2,0.3,"one_stage",30,30,30,30,"CRM","additive_shared","additive_shared","previous_dose",0.15,0.85,"previous_dose_additive",0.5,0.5,0.15,0.85,0.15,0.85,3,1,"highest_utility","ipde_first",0.0179,28,2,"any_admissible_dose",0,0,0.2,0.85,3,1,0,1,0.07,0.05,0.1349,0.1238,42.035,0.1232,NA,NA,1.6,13.5,5.217,4.583,0.895,29.703,18.935,0.2,0.2,1.8,1273.9656,1000,1000
3,20,5,"five_scenarios_txt",1,3,2,0.3,"one_stage",30,30,30,30,"CRM","additive_shared","additive_shared","previous_dose",0.15,0.85,"previous_dose_additive",0.5,0.5,0.15,0.85,0.15,0.85,3,1,"highest_utility","ipde_first",0.0179,28,2,"any_admissible_dose",0,0,0.2,0.85,3,1,0,2,0.14,0.25,0.1787,0.224,46.2947,0.1232,NA,NA,8.2,44.3,10.743,9.061,5.137,29.703,18.935,0.2,0.2,1.8,1273.9656,1000,1000
3,20,5,"five_scenarios_txt",1,3,2,0.3,"one_stage",30,30,30,30,"CRM","additive_shared","additive_shared","previous_dose",0.15,0.85,"previous_dose_additive",0.5,0.5,0.15,0.85,0.15,0.85,3,1,"highest_utility","ipde_first",0.0179,28,2,"any_admissible_dose",0,0,0.2,0.85,3,1,0,3,0.31,0.25,0.269,0.2462,44.0149,0.1232,NA,NA,37.4,26,7.788,6.833,2.268,29.703,18.935,0.2,0.2,1.8,1273.9656,1000,1000
3,20,5,"five_scenarios_txt",1,3,2,0.3,"one_stage",30,30,30,30,"CRM","additive_shared","additive_shared","previous_dose",0.15,0.85,"previous_dose_additive",0.5,0.5,0.15,0.85,0.15,0.85,3,1,"highest_utility","ipde_first",0.0179,28,2,"any_admissible_dose",0,0,0.2,0.85,3,1,0,4,0.41,0.25,0.3155,0.2997,45.3585,0.1232,NA,NA,37.5,11.8,4.293,3.982,1.91,29.703,18.935,0.2,0.2,1.8,1273.9656,1000,1000
3,20,5,"five_scenarios_txt",1,3,2,0.3,"one_stage",30,30,30,30,"CRM","additive_shared","additive_shared","previous_dose",0.15,0.85,"previous_dose_additive",0.5,0.5,0.15,0.85,0.15,0.85,3,1,"highest_utility","ipde_first",0.0179,28,2,"any_admissible_dose",0,0,0.2,0.85,3,1,0,5,0.52,0.25,0.4113,0.4148,48.4362,0.1232,NA,NA,15.1,2.6,1.662,1.585,0.558,29.703,18.935,0.2,0.2,1.8,1273.9656,1000,1000
4,24,4,"five_scenarios_txt",1,5,4,0.3,"one_stage",30,30,30,30,"CRM","additive_shared","additive_shared","previous_dose",0.15,0.85,"previous_dose_additive",0.5,0.5,0.15,0.85,0.15,0.85,3,1,"highest_utility","ipde_first",0.0179,28,2,"any_admissible_dose",0,0,0.2,0.85,3,1,0,1,0.01,0.05,0.028,0.146,47.6367,0.1259,NA,NA,0,1.6,3.471,3.379,0.207,30,19.489,0,0,0,1321.1472,1000,1000
4,24,4,"five_scenarios_txt",1,5,4,0.3,"one_stage",30,30,30,30,"CRM","additive_shared","additive_shared","previous_dose",0.15,0.85,"previous_dose_additive",0.5,0.5,0.15,0.85,0.15,0.85,3,1,"highest_utility","ipde_first",0.0179,28,2,"any_admissible_dose",0,0,0.2,0.85,3,1,0,2,0.02,0.08,0.0447,0.1596,47.7864,0.1259,NA,NA,0,0.8,3.435,3.395,2.972,30,19.489,0,0,0,1321.1472,1000,1000
4,24,4,"five_scenarios_txt",1,5,4,0.3,"one_stage",30,30,30,30,"CRM","additive_shared","additive_shared","previous_dose",0.15,0.85,"previous_dose_additive",0.5,0.5,0.15,0.85,0.15,0.85,3,1,"highest_utility","ipde_first",0.0179,28,2,"any_admissible_dose",0,0,0.2,0.85,3,1,0,3,0.05,0.2,0.0893,0.2284,50.1352,0.1259,NA,NA,0,5.4,4.512,4.226,0.807,30,19.489,0,0,0,1321.1472,1000,1000
4,24,4,"five_scenarios_txt",1,5,4,0.3,"one_stage",30,30,30,30,"CRM","additive_shared","additive_shared","previous_dose",0.15,0.85,"previous_dose_additive",0.5,0.5,0.15,0.85,0.15,0.85,3,1,"highest_utility","ipde_first",0.0179,28,2,"any_admissible_dose",0,0,0.2,0.85,3,1,0,4,0.1,0.5,0.1174,0.4244,60.7663,0.1259,NA,NA,29.4,59.5,12.207,10.146,4.738,30,19.489,0,0,0,1321.1472,1000,1000
4,24,4,"five_scenarios_txt",1,5,4,0.3,"one_stage",30,30,30,30,"CRM","additive_shared","additive_shared","previous_dose",0.15,0.85,"previous_dose_additive",0.5,0.5,0.15,0.85,0.15,0.85,3,1,"highest_utility","ipde_first",0.0179,28,2,"any_admissible_dose",0,0,0.2,0.85,3,1,0,5,0.25,0.5,0.1867,0.4408,58.9817,0.1259,NA,NA,70.6,32.7,6.375,5.41,1.787,30,19.489,0,0,0,1321.1472,1000,1000
5,27,2,"higher_gap_above_MTD",1,3,3,0.3,"one_stage",30,30,30,30,"CRM","additive_shared","additive_shared","previous_dose",0.15,0.85,"previous_dose_additive",0.5,0.5,0.15,0.85,0.15,0.85,3,1,"highest_utility","ipde_first",0.0179,28,2,"any_admissible_dose",0,0,0.2,0.85,3,1,0,1,0.11,0.1,0.1597,0.1421,42.14,0.121,NA,NA,2.9,15.6,7.086,5.88,1.546,29.346,19.448,0.8,0.8,4.2,1304.9339,1000,1000
5,27,2,"higher_gap_above_MTD",1,3,3,0.3,"one_stage",30,30,30,30,"CRM","additive_shared","additive_shared","previous_dose",0.15,0.85,"previous_dose_additive",0.5,0.5,0.15,0.85,0.15,0.85,3,1,"highest_utility","ipde_first",0.0179,28,2,"any_admissible_dose",0,0,0.2,0.85,3,1,0,2,0.17,0.2,0.2066,0.2006,43.7763,0.121,NA,NA,14.1,21.2,7.842,6.851,3.869,29.346,19.448,0.8,0.8,4.2,1304.9339,1000,1000
5,27,2,"higher_gap_above_MTD",1,3,3,0.3,"one_stage",30,30,30,30,"CRM","additive_shared","additive_shared","previous_dose",0.15,0.85,"previous_dose_additive",0.5,0.5,0.15,0.85,0.15,0.85,3,1,"highest_utility","ipde_first",0.0179,28,2,"any_admissible_dose",0,0,0.2,0.85,3,1,0,3,0.3,0.4,0.3005,0.3566,49.3723,0.121,NA,NA,52.1,47.9,10.248,8.779,2.838,29.346,19.448,0.8,0.8,4.2,1304.9339,1000,1000
5,27,2,"higher_gap_above_MTD",1,3,3,0.3,"one_stage",30,30,30,30,"CRM","additive_shared","additive_shared","previous_dose",0.15,0.85,"previous_dose_additive",0.5,0.5,0.15,0.85,0.15,0.85,3,1,"highest_utility","ipde_first",0.0179,28,2,"any_admissible_dose",0,0,0.2,0.85,3,1,0,4,0.5,0.42,0.3479,0.4252,51.594,0.121,NA,NA,26.9,10.6,3.513,3.298,1.42,29.346,19.448,0.8,0.8,4.2,1304.9339,1000,1000
5,27,2,"higher_gap_above_MTD",1,3,3,0.3,"one_stage",30,30,30,30,"CRM","additive_shared","additive_shared","previous_dose",0.15,0.85,"previous_dose_additive",0.5,0.5,0.15,0.85,0.15,0.85,3,1,"highest_utility","ipde_first",0.0179,28,2,"any_admissible_dose",0,0,0.2,0.85,3,1,0,5,0.62,0.45,0.4436,0.487,51.4755,0.121,NA,NA,3.2,0.5,0.657,0.634,0.225,29.346,19.448,0.8,0.8,4.2,1304.9339,1000,1000
6,38,38,"user_added",1,5,5,0.3,"one_stage",30,30,30,30,"CRM","additive_shared","additive_shared","previous_dose",0.15,0.85,"previous_dose_additive",0.5,0.5,0.15,0.85,0.15,0.85,3,1,"highest_utility","ipde_first",0.0179,28,2,"any_admissible_dose",0,0,0.2,0.85,3,1,0,1,0.05,0.05,0.0606,0.1262,45.1486,0.1181,NA,NA,0.6,14.2,4.746,4.234,0.78,29.88,18.885,0,0,0.6,1286.99,1000,1000
6,38,38,"user_added",1,5,5,0.3,"one_stage",30,30,30,30,"CRM","additive_shared","additive_shared","previous_dose",0.15,0.85,"previous_dose_additive",0.5,0.5,0.15,0.85,0.15,0.85,3,1,"highest_utility","ipde_first",0.0179,28,2,"any_admissible_dose",0,0,0.2,0.85,3,1,0,2,0.1,0.08,0.0884,0.1419,44.9786,0.1181,NA,NA,0.1,7.7,4.419,4.182,3.174,29.88,18.885,0,0,0.6,1286.99,1000,1000
6,38,38,"user_added",1,5,5,0.3,"one_stage",30,30,30,30,"CRM","additive_shared","additive_shared","previous_dose",0.15,0.85,"previous_dose_additive",0.5,0.5,0.15,0.85,0.15,0.85,3,1,"highest_utility","ipde_first",0.0179,28,2,"any_admissible_dose",0,0,0.2,0.85,3,1,0,3,0.12,0.12,0.1539,0.1629,43.6149,0.1181,NA,NA,2.3,8,5.283,4.809,1.302,29.88,18.885,0,0,0.6,1286.99,1000,1000
6,38,38,"user_added",1,5,5,0.3,"one_stage",30,30,30,30,"CRM","additive_shared","additive_shared","previous_dose",0.15,0.85,"previous_dose_additive",0.5,0.5,0.15,0.85,0.15,0.85,3,1,"highest_utility","ipde_first",0.0179,28,2,"any_admissible_dose",0,0,0.2,0.85,3,1,0,4,0.15,0.15,0.1917,0.1856,43.4708,0.1181,NA,NA,17.6,8.1,5.301,4.809,2.906,29.88,18.885,0,0,0.6,1286.99,1000,1000
6,38,38,"user_added",1,5,5,0.3,"one_stage",30,30,30,30,"CRM","additive_shared","additive_shared","previous_dose",0.15,0.85,"previous_dose_additive",0.5,0.5,0.15,0.85,0.15,0.85,3,1,"highest_utility","ipde_first",0.0179,28,2,"any_admissible_dose",0,0,0.2,0.85,3,1,0,5,0.3,0.5,0.277,0.4521,56.0461,0.1181,NA,NA,79.4,61.4,10.131,8.557,2.833,29.88,18.885,0,0,0.6,1286.99,1000,1000
