"Task_ID","Scenario","Source_Scenario","Scenario_Group","Attempt","Allocation","Stage2_Allocation","Model_ID","Carryover_Model","Efficacy_Model","Nmax","N_s1","N_s2","n_eval","Cycle_Max","Arrival_Rate","T_assess","True_MTD","True_OBD","Target_Toxicity","Utility_Type","Lambda_T","Dose","Toxicity_IPDE_Alpha","Efficacy_IPDE_Alpha","True_DLT_rate","True_Efficacy_rate","Estimated_CRM_pj","Estimated_Efficacy","Estimated_Utility","Carryover_Mean","MTD_Selection_pct","OBD_Selection_pct","Pts_Treated","Unique_Pts_by_Dose","IPDE_Doses","Total_Administrations","Total_Unique_Patients","Duration","Early_Stop_pct","ntrial"
1,1,1,"base_example",1,"one_stage","highest_utility","additive_shared","additive_shared","previous_dose_additive",30,30,30,3,2,0.0178571428571429,28,1,1,0.3,3,1,1,0,0,0.3,0.05,0.333179029708921,0.0811423628958863,31.5413805853963,0.125347669805421,56.5,19.1,11.622,7.844,4.029,19.515,12.372,711.634407168859,66.9,1000
1,1,1,"base_example",1,"one_stage","highest_utility","additive_shared","additive_shared","previous_dose_additive",30,30,30,3,2,0.0178571428571429,28,1,1,0.3,3,1,2,0,0,0.35,0.06,0.386591217437593,0.253847589578931,39.7672066772322,0.125347669805421,19,8.4,4.656,3.594,1.906,19.515,12.372,711.634407168859,66.9,1000
1,1,1,"base_example",1,"one_stage","highest_utility","additive_shared","additive_shared","previous_dose_additive",30,30,30,3,2,0.0178571428571429,28,1,1,0.3,3,1,3,0,0,0.4,0.07,0.481586970696529,0.371029084273077,42.9982662285235,0.125347669805421,8,1.9,2.04,1.574,0.763,19.515,12.372,711.634407168859,66.9,1000
1,1,1,"base_example",1,"one_stage","highest_utility","additive_shared","additive_shared","previous_dose_additive",30,30,30,3,2,0.0178571428571429,28,1,1,0.3,3,1,4,0,0,0.45,0.08,0.525254986017689,0.43979583805329,45.3775508424898,0.125347669805421,4.7,0.3,0.885,0.712,0.338,19.515,12.372,711.634407168859,66.9,1000
1,1,1,"base_example",1,"one_stage","highest_utility","additive_shared","additive_shared","previous_dose_additive",30,30,30,3,2,0.0178571428571429,28,1,1,0.3,3,1,5,0,0,0.5,0.09,0.607546506108721,0.479618006890778,44.4752201690978,0.125347669805421,0.8,0.1,0.312,0.249,0.107,19.515,12.372,711.634407168859,66.9,1000
2,16,1,"five_scenarios_txt",1,"one_stage","highest_utility","additive_shared","additive_shared","previous_dose_additive",30,30,30,3,2,0.0178571428571429,28,5,1,0.3,3,1,1,0,0,0.02,0.2,0.0391028695225006,0.193958449646758,50.0733921979055,0.120716502671066,0,30.1,7.122,5.057,2.53,29.997,17.959,1082.88557544231,0.1,1000
2,16,1,"five_scenarios_txt",1,"one_stage","highest_utility","additive_shared","additive_shared","previous_dose_additive",30,30,30,3,2,0.0178571428571429,28,5,1,0.3,3,1,2,0,0,0.06,0.2,0.0598854239025405,0.193589966468162,49.2199810319881,0.120716502671066,0.2,22.1,6.741,5.151,2.906,29.997,17.959,1082.88557544231,0.1,1000
2,16,1,"five_scenarios_txt",1,"one_stage","highest_utility","additive_shared","additive_shared","previous_dose_additive",30,30,30,3,2,0.0178571428571429,28,5,1,0.3,3,1,3,0,0,0.09,0.2,0.112343600136951,0.208476116992374,48.0148230140644,0.120716502671066,0.6,20.7,5.853,4.522,2.473,29.997,17.959,1082.88557544231,0.1,1000
2,16,1,"five_scenarios_txt",1,"one_stage","highest_utility","additive_shared","additive_shared","previous_dose_additive",30,30,30,3,2,0.0178571428571429,28,5,1,0.3,3,1,4,0,0,0.14,0.2,0.144136021093552,0.21047056089797,46.8627928101361,0.120716502671066,9.7,15,5.652,4.403,2.349,29.997,17.959,1082.88557544231,0.1,1000
2,16,1,"five_scenarios_txt",1,"one_stage","highest_utility","additive_shared","additive_shared","previous_dose_additive",30,30,30,3,2,0.0178571428571429,28,5,1,0.3,3,1,5,0,0,0.26,0.2,0.219396020489259,0.253141657633023,46.412658638411,0.120716502671066,89.5,12,4.629,3.716,1.78,29.997,17.959,1082.88557544231,0.1,1000
3,20,5,"five_scenarios_txt",1,"one_stage","highest_utility","additive_shared","additive_shared","previous_dose_additive",30,30,30,3,2,0.0178571428571429,28,3,2,0.3,3,1,1,0,0,0.07,0.05,0.135476168419111,0.120450289471501,41.8079706315256,0.11802990192914,2,11.2,5.226,3.555,1.825,29.568,18.753,1100.67933350967,2.7,1000
3,20,5,"five_scenarios_txt",1,"one_stage","highest_utility","additive_shared","additive_shared","previous_dose_additive",30,30,30,3,2,0.0178571428571429,28,3,2,0.3,3,1,2,0,0,0.14,0.25,0.179285828292427,0.224140437480521,46.2769931171342,0.11802990192914,9.7,45.4,11.034,8.176,4.394,29.568,18.753,1100.67933350967,2.7,1000
3,20,5,"five_scenarios_txt",1,"one_stage","highest_utility","additive_shared","additive_shared","previous_dose_additive",30,30,30,3,2,0.0178571428571429,28,3,2,0.3,3,1,3,0,0,0.31,0.25,0.269513382351362,0.247119902024739,44.0466588274298,0.11802990192914,39.1,27.3,7.68,6.06,2.625,29.568,18.753,1100.67933350967,2.7,1000
3,20,5,"five_scenarios_txt",1,"one_stage","highest_utility","additive_shared","additive_shared","previous_dose_additive",30,30,30,3,2,0.0178571428571429,28,3,2,0.3,3,1,4,0,0,0.41,0.25,0.315990994582372,0.318033190881796,46.4423516696128,0.11802990192914,35.4,11.9,4.215,3.517,1.489,29.568,18.753,1100.67933350967,2.7,1000
3,20,5,"five_scenarios_txt",1,"one_stage","highest_utility","additive_shared","additive_shared","previous_dose_additive",30,30,30,3,2,0.0178571428571429,28,3,2,0.3,3,1,5,0,0,0.52,0.25,0.411677752444633,0.425439429981025,49.0592557010762,0.11802990192914,13.7,1.6,1.413,1.236,0.482,29.568,18.753,1100.67933350967,2.7,1000
4,24,4,"five_scenarios_txt",1,"one_stage","highest_utility","additive_shared","additive_shared","previous_dose_additive",30,30,30,3,2,0.0178571428571429,28,5,4,0.3,3,1,1,0,0,0.01,0.05,0.0278423089174126,0.145232669879006,47.6002678360439,0.122411111136802,0,0.9,3.429,2.39,1.109,30,19.502,1202.58351058119,0,1000
4,24,4,"five_scenarios_txt",1,"one_stage","highest_utility","additive_shared","additive_shared","previous_dose_additive",30,30,30,3,2,0.0178571428571429,28,5,4,0.3,3,1,2,0,0,0.02,0.08,0.0444656782018148,0.162996126100789,48.0011404379748,0.122411111136802,0,1.1,3.453,2.773,1.787,30,19.502,1202.58351058119,0,1000
4,24,4,"five_scenarios_txt",1,"one_stage","highest_utility","additive_shared","additive_shared","previous_dose_additive",30,30,30,3,2,0.0178571428571429,28,5,4,0.3,3,1,3,0,0,0.05,0.2,0.0889360036305993,0.225419960881879,49.9677575076887,0.122411111136802,0,4.5,4.452,3.479,1.838,30,19.502,1202.58351058119,0,1000
4,24,4,"five_scenarios_txt",1,"one_stage","highest_utility","additive_shared","additive_shared","previous_dose_additive",30,30,30,3,2,0.0178571428571429,28,5,4,0.3,3,1,4,0,0,0.1,0.5,0.11711710565504,0.423340410720182,60.7157404170093,0.122411111136802,31.6,60,12.216,9.418,3.911,30,19.502,1202.58351058119,0,1000
4,24,4,"five_scenarios_txt",1,"one_stage","highest_utility","additive_shared","additive_shared","previous_dose_additive",30,30,30,3,2,0.0178571428571429,28,5,4,0.3,3,1,5,0,0,0.25,0.5,0.186423458836673,0.450682507317621,59.5840120855904,0.122411111136802,68.4,33.5,6.45,5.216,1.853,30,19.502,1202.58351058119,0,1000
5,27,2,"higher_gap_above_MTD",1,"one_stage","highest_utility","additive_shared","additive_shared","previous_dose_additive",30,30,30,3,2,0.0178571428571429,28,3,3,0.3,3,1,1,0,0,0.11,0.1,0.158977308981575,0.139827536904756,42.0305598550224,0.117183704754871,4.1,13.1,7.098,4.828,2.508,29.193,19.209,1124.41595161521,4.7,1000
5,27,2,"higher_gap_above_MTD",1,"one_stage","highest_utility","additive_shared","additive_shared","previous_dose_additive",30,30,30,3,2,0.0178571428571429,28,3,3,0.3,3,1,2,0,0,0.17,0.2,0.205941880409411,0.21354787530924,44.5751973021779,0.117183704754871,15.2,25.4,8.193,6.222,3.26,29.193,19.209,1124.41595161521,4.7,1000
5,27,2,"higher_gap_above_MTD",1,"one_stage","highest_utility","additive_shared","additive_shared","previous_dose_additive",30,30,30,3,2,0.0178571428571429,28,3,3,0.3,3,1,3,0,0,0.3,0.4,0.300040082023075,0.361637757408629,49.6966621635947,0.117183704754871,50,45,9.45,7.567,2.973,29.193,19.209,1124.41595161521,4.7,1000
5,27,2,"higher_gap_above_MTD",1,"one_stage","highest_utility","additive_shared","additive_shared","previous_dose_additive",30,30,30,3,2,0.0178571428571429,28,3,3,0.3,3,1,4,0,0,0.5,0.42,0.347453669184138,0.433954781614194,52.1391401294861,0.117183704754871,27.7,10.9,3.816,3.309,1.082,29.193,19.209,1124.41595161521,4.7,1000
5,27,2,"higher_gap_above_MTD",1,"one_stage","highest_utility","additive_shared","additive_shared","previous_dose_additive",30,30,30,3,2,0.0178571428571429,28,3,3,0.3,3,1,5,0,0,0.62,0.45,0.443316283832384,0.492047071362939,51.790172928481,0.117183704754871,2.6,0.6,0.636,0.583,0.161,29.193,19.209,1124.41595161521,4.7,1000
6,38,38,"user_added",1,"one_stage","highest_utility","additive_shared","additive_shared","previous_dose_additive",30,30,30,3,2,0.0178571428571429,28,5,5,0.3,3,1,1,0,0,0.05,0.05,0.0605735771396529,0.12806686831643,45.2610690133997,0.114853094717082,0.7,14.5,4.689,3.209,1.625,29.835,18.606,1133.7624183924,1.2,1000
6,38,38,"user_added",1,"one_stage","highest_utility","additive_shared","additive_shared","previous_dose_additive",30,30,30,3,2,0.0178571428571429,28,5,5,0.3,3,1,2,0,0,0.1,0.08,0.0883586100399809,0.144069379009273,45.1098183389572,0.114853094717082,0.9,9.2,4.872,3.789,2.344,29.835,18.606,1133.7624183924,1.2,1000
6,38,38,"user_added",1,"one_stage","highest_utility","additive_shared","additive_shared","previous_dose_additive",30,30,30,3,2,0.0178571428571429,28,5,5,0.3,3,1,3,0,0,0.12,0.12,0.154171455393429,0.167552608069846,43.8862982684536,0.114853094717082,2.6,7.5,5.04,3.857,2.129,29.835,18.606,1133.7624183924,1.2,1000
6,38,38,"user_added",1,"one_stage","highest_utility","additive_shared","additive_shared","previous_dose_additive",30,30,30,3,2,0.0178571428571429,28,5,5,0.3,3,1,4,0,0,0.15,0.15,0.192079179975794,0.194018115258444,43.9579197164749,0.114853094717082,18.9,8.3,5.361,4.135,2.247,29.835,18.606,1133.7624183924,1.2,1000
6,38,38,"user_added",1,"one_stage","highest_utility","additive_shared","additive_shared","previous_dose_additive",30,30,30,3,2,0.0178571428571429,28,5,5,0.3,3,1,5,0,0,0.3,0.5,0.277826613232834,0.462363651898684,56.6287545846077,0.114853094717082,76.9,59.2,9.873,7.922,2.884,29.835,18.606,1133.7624183924,1.2,1000
