"dose","true_regular_probability","average_regular_estimate","average_ipde_estimate","scenario","alpha_eff","prior_type","prior_label","a_r","b_r","n_regular","n_ipde","true_ipde_probability"
1,0.2,0.18408857985822,0.18408857985822,"sce1",0,"dose_specific","Beta(0.05, 0.95)",0.05,0.95,3,3,0.2
2,0.35,0.296883125583344,0.252639949954863,"sce1",0,"dose_specific","Beta(0.05, 0.95)",0.05,0.95,3,3,0.35
3,0.36,0.261725791193887,0.254002683436943,"sce1",0,"dose_specific","Beta(0.05, 0.95)",0.05,0.95,3,3,0.36
4,0.37,0.25625369323208,0.287227004170126,"sce1",0,"dose_specific","Beta(0.05, 0.95)",0.05,0.95,3,3,0.37
5,0.38,0.306010574988578,0.283806755887432,"sce1",0,"dose_specific","Beta(0.05, 0.95)",0.05,0.95,3,3,0.38
1,0.2,0.212762288592364,0.212762288592364,"sce1",0,"dose_specific","Beta(0.15, 0.85)",0.15,0.85,3,3,0.2
2,0.35,0.327572234971383,0.260520831723194,"sce1",0,"dose_specific","Beta(0.15, 0.85)",0.15,0.85,3,3,0.35
3,0.36,0.306971379505684,0.306203527425432,"sce1",0,"dose_specific","Beta(0.15, 0.85)",0.15,0.85,3,3,0.36
4,0.37,0.290926704329512,0.270140874706037,"sce1",0,"dose_specific","Beta(0.15, 0.85)",0.15,0.85,3,3,0.37
5,0.38,0.300276435655058,0.344567881345057,"sce1",0,"dose_specific","Beta(0.15, 0.85)",0.15,0.85,3,3,0.38
1,0.2,0.252995015951159,0.252995015951159,"sce1",0,"dose_specific","Beta(0.30, 0.70)",0.3,0.7,3,3,0.2
2,0.35,0.387354316585021,0.337412603045099,"sce1",0,"dose_specific","Beta(0.30, 0.70)",0.3,0.7,3,3,0.35
3,0.36,0.322462555395252,0.337005324317737,"sce1",0,"dose_specific","Beta(0.30, 0.70)",0.3,0.7,3,3,0.36
4,0.37,0.357470769864724,0.352128482616248,"sce1",0,"dose_specific","Beta(0.30, 0.70)",0.3,0.7,3,3,0.37
5,0.38,0.343090827195675,0.394872603567843,"sce1",0,"dose_specific","Beta(0.30, 0.70)",0.3,0.7,3,3,0.38
1,0.2,0.249915859039011,0.249915859039011,"sce1",0,"dose_specific","Beta(0.50, 0.50)",0.5,0.5,3,3,0.2
2,0.35,0.379732335208927,0.382925508288516,"sce1",0,"dose_specific","Beta(0.50, 0.50)",0.5,0.5,3,3,0.35
3,0.36,0.388059752623875,0.402078633687692,"sce1",0,"dose_specific","Beta(0.50, 0.50)",0.5,0.5,3,3,0.36
4,0.37,0.402723343114956,0.401761794711587,"sce1",0,"dose_specific","Beta(0.50, 0.50)",0.5,0.5,3,3,0.37
5,0.38,0.440023312757561,0.420277640445604,"sce1",0,"dose_specific","Beta(0.50, 0.50)",0.5,0.5,3,3,0.38
1,0.01,0.01053017370182,0.01053017370182,"sce2",0,"dose_specific","Beta(0.05, 0.95)",0.05,0.95,3,3,0.01
2,0.05,0.034201544539559,0.0444266346504655,"sce2",0,"dose_specific","Beta(0.05, 0.95)",0.05,0.95,3,3,0.05
3,0.3,0.217446682665106,0.208380573892663,"sce2",0,"dose_specific","Beta(0.05, 0.95)",0.05,0.95,3,3,0.3
4,0.6,0.428706538696831,0.453517527457503,"sce2",0,"dose_specific","Beta(0.05, 0.95)",0.05,0.95,3,3,0.6
5,0.6,0.441865640696448,0.456742847630994,"sce2",0,"dose_specific","Beta(0.05, 0.95)",0.05,0.95,3,3,0.6
1,0.01,0.01928063328826,0.01928063328826,"sce2",0,"dose_specific","Beta(0.15, 0.85)",0.15,0.85,3,3,0.01
2,0.05,0.0704940725453902,0.0558045057024359,"sce2",0,"dose_specific","Beta(0.15, 0.85)",0.15,0.85,3,3,0.05
3,0.3,0.266533178022091,0.238072665671099,"sce2",0,"dose_specific","Beta(0.15, 0.85)",0.15,0.85,3,3,0.3
4,0.6,0.501763710813895,0.519754994180775,"sce2",0,"dose_specific","Beta(0.15, 0.85)",0.15,0.85,3,3,0.6
5,0.6,0.495138805642357,0.48989000064345,"sce2",0,"dose_specific","Beta(0.15, 0.85)",0.15,0.85,3,3,0.6
1,0.01,0.0492787016851194,0.0492787016851194,"sce2",0,"dose_specific","Beta(0.30, 0.70)",0.3,0.7,3,3,0.01
2,0.05,0.111073908810065,0.122437906087614,"sce2",0,"dose_specific","Beta(0.30, 0.70)",0.3,0.7,3,3,0.05
3,0.3,0.260268429028151,0.298748563677537,"sce2",0,"dose_specific","Beta(0.30, 0.70)",0.3,0.7,3,3,0.3
4,0.6,0.517901789756446,0.494702163812701,"sce2",0,"dose_specific","Beta(0.30, 0.70)",0.3,0.7,3,3,0.6
5,0.6,0.529615749601637,0.507628101460761,"sce2",0,"dose_specific","Beta(0.30, 0.70)",0.3,0.7,3,3,0.6
1,0.01,0.0758447374452174,0.0758447374452174,"sce2",0,"dose_specific","Beta(0.50, 0.50)",0.5,0.5,3,3,0.01
2,0.05,0.165325409335064,0.164986244576325,"sce2",0,"dose_specific","Beta(0.50, 0.50)",0.5,0.5,3,3,0.05
3,0.3,0.342421375193341,0.360330801202885,"sce2",0,"dose_specific","Beta(0.50, 0.50)",0.5,0.5,3,3,0.3
4,0.6,0.579955437295747,0.569854720062994,"sce2",0,"dose_specific","Beta(0.50, 0.50)",0.5,0.5,3,3,0.6
5,0.6,0.560249285656327,0.570095529483104,"sce2",0,"dose_specific","Beta(0.50, 0.50)",0.5,0.5,3,3,0.6
1,0.05,0.0417029307101494,0.0417029307101494,"sce3",0,"dose_specific","Beta(0.05, 0.95)",0.05,0.95,3,3,0.05
2,0.1,0.0915336920294039,0.0703623883329261,"sce3",0,"dose_specific","Beta(0.05, 0.95)",0.05,0.95,3,3,0.1
3,0.5,0.391108981526615,0.410982165626412,"sce3",0,"dose_specific","Beta(0.05, 0.95)",0.05,0.95,3,3,0.5
4,0.68,0.514534009832768,0.511659855575961,"sce3",0,"dose_specific","Beta(0.05, 0.95)",0.05,0.95,3,3,0.68
5,0.7,0.512152312557703,0.531706251593768,"sce3",0,"dose_specific","Beta(0.05, 0.95)",0.05,0.95,3,3,0.7
1,0.05,0.0609216946684916,0.0609216946684916,"sce3",0,"dose_specific","Beta(0.15, 0.85)",0.15,0.85,3,3,0.05
2,0.1,0.0853404577634191,0.0831449118985959,"sce3",0,"dose_specific","Beta(0.15, 0.85)",0.15,0.85,3,3,0.1
3,0.5,0.406823834883924,0.41923397293012,"sce3",0,"dose_specific","Beta(0.15, 0.85)",0.15,0.85,3,3,0.5
4,0.68,0.531259889298768,0.573769914875793,"sce3",0,"dose_specific","Beta(0.15, 0.85)",0.15,0.85,3,3,0.68
5,0.7,0.533580555461761,0.561975657050075,"sce3",0,"dose_specific","Beta(0.15, 0.85)",0.15,0.85,3,3,0.7
1,0.05,0.0914532689910877,0.0914532689910877,"sce3",0,"dose_specific","Beta(0.30, 0.70)",0.3,0.7,3,3,0.05
2,0.1,0.132369727297938,0.162394546176102,"sce3",0,"dose_specific","Beta(0.30, 0.70)",0.3,0.7,3,3,0.1
3,0.5,0.475195797044296,0.427121295468039,"sce3",0,"dose_specific","Beta(0.30, 0.70)",0.3,0.7,3,3,0.5
4,0.68,0.602331861563999,0.605346191567368,"sce3",0,"dose_specific","Beta(0.30, 0.70)",0.3,0.7,3,3,0.68
5,0.7,0.590279936215006,0.589621509223212,"sce3",0,"dose_specific","Beta(0.30, 0.70)",0.3,0.7,3,3,0.7
1,0.05,0.119760939488551,0.119760939488551,"sce3",0,"dose_specific","Beta(0.50, 0.50)",0.5,0.5,3,3,0.05
2,0.1,0.194855499407625,0.184881744858936,"sce3",0,"dose_specific","Beta(0.50, 0.50)",0.5,0.5,3,3,0.1
3,0.5,0.507385694822909,0.520480665467666,"sce3",0,"dose_specific","Beta(0.50, 0.50)",0.5,0.5,3,3,0.5
4,0.68,0.637611702282949,0.604239137768668,"sce3",0,"dose_specific","Beta(0.50, 0.50)",0.5,0.5,3,3,0.68
5,0.7,0.649912360744781,0.65185297285719,"sce3",0,"dose_specific","Beta(0.50, 0.50)",0.5,0.5,3,3,0.7
1,0.01,0.0162897994963458,0.0162897994963458,"sce4",0,"dose_specific","Beta(0.05, 0.95)",0.05,0.95,3,3,0.01
2,0.05,0.0472860194301934,0.0287115680695593,"sce4",0,"dose_specific","Beta(0.05, 0.95)",0.05,0.95,3,3,0.05
3,0.1,0.102169366257575,0.0575751395956371,"sce4",0,"dose_specific","Beta(0.05, 0.95)",0.05,0.95,3,3,0.1
4,0.2,0.163716150984738,0.134962544113209,"sce4",0,"dose_specific","Beta(0.05, 0.95)",0.05,0.95,3,3,0.2
5,0.4,0.2837719121354,0.317262118753312,"sce4",0,"dose_specific","Beta(0.05, 0.95)",0.05,0.95,3,3,0.4
1,0.01,0.0234421570822497,0.0234421570822497,"sce4",0,"dose_specific","Beta(0.15, 0.85)",0.15,0.85,3,3,0.01
2,0.05,0.0507477131135538,0.0520781132284622,"sce4",0,"dose_specific","Beta(0.15, 0.85)",0.15,0.85,3,3,0.05
3,0.1,0.0745465119062567,0.102962578281143,"sce4",0,"dose_specific","Beta(0.15, 0.85)",0.15,0.85,3,3,0.1
4,0.2,0.17896599236093,0.199813522416199,"sce4",0,"dose_specific","Beta(0.15, 0.85)",0.15,0.85,3,3,0.2
5,0.4,0.304346978348241,0.350622775609456,"sce4",0,"dose_specific","Beta(0.15, 0.85)",0.15,0.85,3,3,0.4
1,0.01,0.0528506339628936,0.0528506339628936,"sce4",0,"dose_specific","Beta(0.30, 0.70)",0.3,0.7,3,3,0.01
2,0.05,0.112600964315766,0.117287548448925,"sce4",0,"dose_specific","Beta(0.30, 0.70)",0.3,0.7,3,3,0.05
3,0.1,0.139782014527976,0.147844770662635,"sce4",0,"dose_specific","Beta(0.30, 0.70)",0.3,0.7,3,3,0.1
4,0.2,0.254027412015467,0.210443687237257,"sce4",0,"dose_specific","Beta(0.30, 0.70)",0.3,0.7,3,3,0.2
5,0.4,0.399269938138333,0.392443215938926,"sce4",0,"dose_specific","Beta(0.30, 0.70)",0.3,0.7,3,3,0.4
1,0.01,0.0805817068092577,0.0805817068092577,"sce4",0,"dose_specific","Beta(0.50, 0.50)",0.5,0.5,3,3,0.01
2,0.05,0.175300745583813,0.164197080699253,"sce4",0,"dose_specific","Beta(0.50, 0.50)",0.5,0.5,3,3,0.05
3,0.1,0.214846546441715,0.174706901700406,"sce4",0,"dose_specific","Beta(0.50, 0.50)",0.5,0.5,3,3,0.1
4,0.2,0.292523702494706,0.262111255736224,"sce4",0,"dose_specific","Beta(0.50, 0.50)",0.5,0.5,3,3,0.2
5,0.4,0.425100489855149,0.407490805704834,"sce4",0,"dose_specific","Beta(0.50, 0.50)",0.5,0.5,3,3,0.4
1,0.1,0.0775191330567368,0.0775191330567368,"sce5",0,"dose_specific","Beta(0.05, 0.95)",0.05,0.95,3,3,0.1
2,0.2,0.153477605573343,0.163910000397702,"sce5",0,"dose_specific","Beta(0.05, 0.95)",0.05,0.95,3,3,0.2
3,0.4,0.315246569034132,0.312404877176833,"sce5",0,"dose_specific","Beta(0.05, 0.95)",0.05,0.95,3,3,0.4
4,0.45,0.355189520299147,0.357607174591462,"sce5",0,"dose_specific","Beta(0.05, 0.95)",0.05,0.95,3,3,0.45
5,0.5,0.359740326569672,0.388082104496501,"sce5",0,"dose_specific","Beta(0.05, 0.95)",0.05,0.95,3,3,0.5
1,0.1,0.0936217034931779,0.0936217034931779,"sce5",0,"dose_specific","Beta(0.15, 0.85)",0.15,0.85,3,3,0.1
2,0.2,0.188902627965845,0.164723870558911,"sce5",0,"dose_specific","Beta(0.15, 0.85)",0.15,0.85,3,3,0.2
3,0.4,0.309275978285913,0.327074919959057,"sce5",0,"dose_specific","Beta(0.15, 0.85)",0.15,0.85,3,3,0.4
4,0.45,0.387004993800251,0.399031083811209,"sce5",0,"dose_specific","Beta(0.15, 0.85)",0.15,0.85,3,3,0.45
5,0.5,0.395218675782653,0.386249812721081,"sce5",0,"dose_specific","Beta(0.15, 0.85)",0.15,0.85,3,3,0.5
1,0.1,0.128619900960773,0.128619900960773,"sce5",0,"dose_specific","Beta(0.30, 0.70)",0.3,0.7,3,3,0.1
2,0.2,0.189185266575023,0.192325589778101,"sce5",0,"dose_specific","Beta(0.30, 0.70)",0.3,0.7,3,3,0.2
3,0.4,0.357205935174385,0.358050943930018,"sce5",0,"dose_specific","Beta(0.30, 0.70)",0.3,0.7,3,3,0.4
4,0.45,0.410532896541944,0.42503354903127,"sce5",0,"dose_specific","Beta(0.30, 0.70)",0.3,0.7,3,3,0.45
5,0.5,0.460299345303846,0.414447498246096,"sce5",0,"dose_specific","Beta(0.30, 0.70)",0.3,0.7,3,3,0.5
1,0.1,0.164043701291122,0.164043701291122,"sce5",0,"dose_specific","Beta(0.50, 0.50)",0.5,0.5,3,3,0.1
2,0.2,0.287856206288545,0.294703586975602,"sce5",0,"dose_specific","Beta(0.50, 0.50)",0.5,0.5,3,3,0.2
3,0.4,0.386722359406919,0.432278149803558,"sce5",0,"dose_specific","Beta(0.50, 0.50)",0.5,0.5,3,3,0.4
4,0.45,0.457006784431297,0.477427642665054,"sce5",0,"dose_specific","Beta(0.50, 0.50)",0.5,0.5,3,3,0.45
5,0.5,0.552750521443645,0.502301947622215,"sce5",0,"dose_specific","Beta(0.50, 0.50)",0.5,0.5,3,3,0.5
1,0.2,0.174147645434008,0.174147645434008,"sce1",0.3,"dose_specific","Beta(0.05, 0.95)",0.05,0.95,3,3,0.2
2,0.35,0.243837923736272,0.307337116255732,"sce1",0.3,"dose_specific","Beta(0.05, 0.95)",0.05,0.95,3,3,0.41
3,0.36,0.286678968181314,0.388045463452141,"sce1",0.3,"dose_specific","Beta(0.05, 0.95)",0.05,0.95,3,3,0.465
4,0.37,0.297232297505178,0.372606539315664,"sce1",0.3,"dose_specific","Beta(0.05, 0.95)",0.05,0.95,3,3,0.478
5,0.38,0.30727571209097,0.390833027992125,"sce1",0.3,"dose_specific","Beta(0.05, 0.95)",0.05,0.95,3,3,0.491
1,0.2,0.205530423839694,0.205530423839694,"sce1",0.3,"dose_specific","Beta(0.15, 0.85)",0.15,0.85,3,3,0.2
2,0.35,0.31316358724322,0.35722147942079,"sce1",0.3,"dose_specific","Beta(0.15, 0.85)",0.15,0.85,3,3,0.41
3,0.36,0.330273709424406,0.369861101102506,"sce1",0.3,"dose_specific","Beta(0.15, 0.85)",0.15,0.85,3,3,0.465
4,0.37,0.266793465528783,0.395784048100913,"sce1",0.3,"dose_specific","Beta(0.15, 0.85)",0.15,0.85,3,3,0.478
5,0.38,0.318164596452074,0.397330034236132,"sce1",0.3,"dose_specific","Beta(0.15, 0.85)",0.15,0.85,3,3,0.491
1,0.2,0.23417809204115,0.23417809204115,"sce1",0.3,"dose_specific","Beta(0.30, 0.70)",0.3,0.7,3,3,0.2
2,0.35,0.342993629149157,0.399374077670957,"sce1",0.3,"dose_specific","Beta(0.30, 0.70)",0.3,0.7,3,3,0.41
3,0.36,0.306955637779298,0.414118833504005,"sce1",0.3,"dose_specific","Beta(0.30, 0.70)",0.3,0.7,3,3,0.465
4,0.37,0.367074077942462,0.384380968626567,"sce1",0.3,"dose_specific","Beta(0.30, 0.70)",0.3,0.7,3,3,0.478
5,0.38,0.385120885659051,0.442871891989215,"sce1",0.3,"dose_specific","Beta(0.30, 0.70)",0.3,0.7,3,3,0.491
1,0.2,0.241196950267107,0.241196950267107,"sce1",0.3,"dose_specific","Beta(0.50, 0.50)",0.5,0.5,3,3,0.2
2,0.35,0.368042893467169,0.439824638707419,"sce1",0.3,"dose_specific","Beta(0.50, 0.50)",0.5,0.5,3,3,0.41
3,0.36,0.40192081606728,0.505021366393512,"sce1",0.3,"dose_specific","Beta(0.50, 0.50)",0.5,0.5,3,3,0.465
4,0.37,0.427915735369915,0.4875508537104,"sce1",0.3,"dose_specific","Beta(0.50, 0.50)",0.5,0.5,3,3,0.478
5,0.38,0.424875004787133,0.49749714182935,"sce1",0.3,"dose_specific","Beta(0.50, 0.50)",0.5,0.5,3,3,0.491
1,0.01,0.00903407009431339,0.00903407009431339,"sce2",0.3,"dose_specific","Beta(0.05, 0.95)",0.05,0.95,3,3,0.01
2,0.05,0.0341547725746921,0.0471088626191021,"sce2",0.3,"dose_specific","Beta(0.05, 0.95)",0.05,0.95,3,3,0.053
3,0.3,0.21610417080873,0.207493217148409,"sce2",0.3,"dose_specific","Beta(0.05, 0.95)",0.05,0.95,3,3,0.315
4,0.6,0.423959945463546,0.542676564547142,"sce2",0.3,"dose_specific","Beta(0.05, 0.95)",0.05,0.95,3,3,0.69
5,0.6,0.441346910016345,0.59722070315214,"sce2",0.3,"dose_specific","Beta(0.05, 0.95)",0.05,0.95,3,3,0.78
1,0.01,0.0226489488863918,0.0226489488863918,"sce2",0.3,"dose_specific","Beta(0.15, 0.85)",0.15,0.85,3,3,0.01
2,0.05,0.0522071681433022,0.075036496968758,"sce2",0.3,"dose_specific","Beta(0.15, 0.85)",0.15,0.85,3,3,0.053
3,0.3,0.259510804055467,0.271685248039581,"sce2",0.3,"dose_specific","Beta(0.15, 0.85)",0.15,0.85,3,3,0.315
4,0.6,0.485653513933176,0.539599525801648,"sce2",0.3,"dose_specific","Beta(0.15, 0.85)",0.15,0.85,3,3,0.69
5,0.6,0.50629750429416,0.602091975830002,"sce2",0.3,"dose_specific","Beta(0.15, 0.85)",0.15,0.85,3,3,0.78
1,0.01,0.0454441166066255,0.0454441166066255,"sce2",0.3,"dose_specific","Beta(0.30, 0.70)",0.3,0.7,3,3,0.01
2,0.05,0.121862222696537,0.104228783212311,"sce2",0.3,"dose_specific","Beta(0.30, 0.70)",0.3,0.7,3,3,0.053
3,0.3,0.30997903034517,0.349534338943922,"sce2",0.3,"dose_specific","Beta(0.30, 0.70)",0.3,0.7,3,3,0.315
4,0.6,0.534971046731979,0.61244787154519,"sce2",0.3,"dose_specific","Beta(0.30, 0.70)",0.3,0.7,3,3,0.69
5,0.6,0.55981633233819,0.667649797413621,"sce2",0.3,"dose_specific","Beta(0.30, 0.70)",0.3,0.7,3,3,0.78
1,0.01,0.0784813714288192,0.0784813714288192,"sce2",0.3,"dose_specific","Beta(0.50, 0.50)",0.5,0.5,3,3,0.01
2,0.05,0.157649002421029,0.159765790932581,"sce2",0.3,"dose_specific","Beta(0.50, 0.50)",0.5,0.5,3,3,0.053
3,0.3,0.344889255450022,0.39508470242914,"sce2",0.3,"dose_specific","Beta(0.50, 0.50)",0.5,0.5,3,3,0.315
4,0.6,0.582890159249042,0.658102890588697,"sce2",0.3,"dose_specific","Beta(0.50, 0.50)",0.5,0.5,3,3,0.69
5,0.6,0.602719503486732,0.719990664797785,"sce2",0.3,"dose_specific","Beta(0.50, 0.50)",0.5,0.5,3,3,0.78
1,0.05,0.041715958405618,0.041715958405618,"sce3",0.3,"dose_specific","Beta(0.05, 0.95)",0.05,0.95,3,3,0.05
2,0.1,0.104678337774153,0.0758413600090503,"sce3",0.3,"dose_specific","Beta(0.05, 0.95)",0.05,0.95,3,3,0.115
3,0.5,0.408985479652458,0.414047918009616,"sce3",0.3,"dose_specific","Beta(0.05, 0.95)",0.05,0.95,3,3,0.53
4,0.68,0.507140740652422,0.607425700897593,"sce3",0.3,"dose_specific","Beta(0.05, 0.95)",0.05,0.95,3,3,0.83
5,0.7,0.519972119802112,0.697666771812385,"sce3",0.3,"dose_specific","Beta(0.05, 0.95)",0.05,0.95,3,3,0.904
1,0.05,0.0591959410257282,0.0591959410257282,"sce3",0.3,"dose_specific","Beta(0.15, 0.85)",0.15,0.85,3,3,0.05
2,0.1,0.0979031661841051,0.132733712836053,"sce3",0.3,"dose_specific","Beta(0.15, 0.85)",0.15,0.85,3,3,0.115
3,0.5,0.390263889758596,0.412143191816009,"sce3",0.3,"dose_specific","Beta(0.15, 0.85)",0.15,0.85,3,3,0.53
4,0.68,0.554361448411344,0.665393811518332,"sce3",0.3,"dose_specific","Beta(0.15, 0.85)",0.15,0.85,3,3,0.83
5,0.7,0.574255846782352,0.699911405934242,"sce3",0.3,"dose_specific","Beta(0.15, 0.85)",0.15,0.85,3,3,0.904
1,0.05,0.0862689205354863,0.0862689205354863,"sce3",0.3,"dose_specific","Beta(0.30, 0.70)",0.3,0.7,3,3,0.05
2,0.1,0.135035644375419,0.169205200430019,"sce3",0.3,"dose_specific","Beta(0.30, 0.70)",0.3,0.7,3,3,0.115
3,0.5,0.430193633004194,0.47022477314424,"sce3",0.3,"dose_specific","Beta(0.30, 0.70)",0.3,0.7,3,3,0.53
4,0.68,0.582906786901379,0.677576490205209,"sce3",0.3,"dose_specific","Beta(0.30, 0.70)",0.3,0.7,3,3,0.83
5,0.7,0.607873537643299,0.749478591905471,"sce3",0.3,"dose_specific","Beta(0.30, 0.70)",0.3,0.7,3,3,0.904
1,0.05,0.114218560795219,0.114218560795219,"sce3",0.3,"dose_specific","Beta(0.50, 0.50)",0.5,0.5,3,3,0.05
2,0.1,0.19518049264847,0.214969388550502,"sce3",0.3,"dose_specific","Beta(0.50, 0.50)",0.5,0.5,3,3,0.115
3,0.5,0.497310435952584,0.484861239342255,"sce3",0.3,"dose_specific","Beta(0.50, 0.50)",0.5,0.5,3,3,0.53
4,0.68,0.614954982314483,0.774687315347277,"sce3",0.3,"dose_specific","Beta(0.50, 0.50)",0.5,0.5,3,3,0.83
5,0.7,0.627608745199842,0.794380478245088,"sce3",0.3,"dose_specific","Beta(0.50, 0.50)",0.5,0.5,3,3,0.904
1,0.01,0.00906023625160706,0.00906023625160706,"sce4",0.3,"dose_specific","Beta(0.05, 0.95)",0.05,0.95,3,3,0.01
2,0.05,0.0421661357250955,0.0497560099656218,"sce4",0.3,"dose_specific","Beta(0.05, 0.95)",0.05,0.95,3,3,0.053
3,0.1,0.0862149941413125,0.0914520292181958,"sce4",0.3,"dose_specific","Beta(0.05, 0.95)",0.05,0.95,3,3,0.115
4,0.2,0.14090003913625,0.16372328772977,"sce4",0.3,"dose_specific","Beta(0.05, 0.95)",0.05,0.95,3,3,0.23
5,0.4,0.355925909112196,0.38856079404737,"sce4",0.3,"dose_specific","Beta(0.05, 0.95)",0.05,0.95,3,3,0.46
1,0.01,0.0170407075260312,0.0170407075260312,"sce4",0.3,"dose_specific","Beta(0.15, 0.85)",0.15,0.85,3,3,0.01
2,0.05,0.0557997300674628,0.0633747066377764,"sce4",0.3,"dose_specific","Beta(0.15, 0.85)",0.15,0.85,3,3,0.053
3,0.1,0.0957112288683402,0.0952733155585452,"sce4",0.3,"dose_specific","Beta(0.15, 0.85)",0.15,0.85,3,3,0.115
4,0.2,0.193994134311757,0.196528548229806,"sce4",0.3,"dose_specific","Beta(0.15, 0.85)",0.15,0.85,3,3,0.23
5,0.4,0.333922513785789,0.371936176957549,"sce4",0.3,"dose_specific","Beta(0.15, 0.85)",0.15,0.85,3,3,0.46
1,0.01,0.0513458867459653,0.0513458867459653,"sce4",0.3,"dose_specific","Beta(0.30, 0.70)",0.3,0.7,3,3,0.01
2,0.05,0.102205098429529,0.111644270250615,"sce4",0.3,"dose_specific","Beta(0.30, 0.70)",0.3,0.7,3,3,0.053
3,0.1,0.137427913334169,0.142636864884098,"sce4",0.3,"dose_specific","Beta(0.30, 0.70)",0.3,0.7,3,3,0.115
4,0.2,0.231339113077293,0.252435232698164,"sce4",0.3,"dose_specific","Beta(0.30, 0.70)",0.3,0.7,3,3,0.23
5,0.4,0.374325944813018,0.37494252003042,"sce4",0.3,"dose_specific","Beta(0.30, 0.70)",0.3,0.7,3,3,0.46
1,0.01,0.089941470782297,0.089941470782297,"sce4",0.3,"dose_specific","Beta(0.50, 0.50)",0.5,0.5,3,3,0.01
2,0.05,0.169828569747617,0.160361245051796,"sce4",0.3,"dose_specific","Beta(0.50, 0.50)",0.5,0.5,3,3,0.053
3,0.1,0.207803487025592,0.207652504352333,"sce4",0.3,"dose_specific","Beta(0.50, 0.50)",0.5,0.5,3,3,0.115
4,0.2,0.262907684718372,0.309741741884463,"sce4",0.3,"dose_specific","Beta(0.50, 0.50)",0.5,0.5,3,3,0.23
5,0.4,0.415141415441956,0.472840952655626,"sce4",0.3,"dose_specific","Beta(0.50, 0.50)",0.5,0.5,3,3,0.46
1,0.1,0.0802968022498121,0.0802968022498121,"sce5",0.3,"dose_specific","Beta(0.05, 0.95)",0.05,0.95,3,3,0.1
2,0.2,0.151152170399157,0.220975795812564,"sce5",0.3,"dose_specific","Beta(0.05, 0.95)",0.05,0.95,3,3,0.23
3,0.4,0.304932838033512,0.338043481099138,"sce5",0.3,"dose_specific","Beta(0.05, 0.95)",0.05,0.95,3,3,0.46
4,0.45,0.322704170735731,0.416236512883671,"sce5",0.3,"dose_specific","Beta(0.05, 0.95)",0.05,0.95,3,3,0.57
5,0.5,0.403863501602031,0.469848137385947,"sce5",0.3,"dose_specific","Beta(0.05, 0.95)",0.05,0.95,3,3,0.635
1,0.1,0.102244823980605,0.102244823980605,"sce5",0.3,"dose_specific","Beta(0.15, 0.85)",0.15,0.85,3,3,0.1
2,0.2,0.168264616156939,0.210498475089264,"sce5",0.3,"dose_specific","Beta(0.15, 0.85)",0.15,0.85,3,3,0.23
3,0.4,0.364517508261558,0.392975872269608,"sce5",0.3,"dose_specific","Beta(0.15, 0.85)",0.15,0.85,3,3,0.46
4,0.45,0.337858226463236,0.474635861704865,"sce5",0.3,"dose_specific","Beta(0.15, 0.85)",0.15,0.85,3,3,0.57
5,0.5,0.422955771377324,0.501393695059155,"sce5",0.3,"dose_specific","Beta(0.15, 0.85)",0.15,0.85,3,3,0.635
1,0.1,0.133860437875572,0.133860437875572,"sce5",0.3,"dose_specific","Beta(0.30, 0.70)",0.3,0.7,3,3,0.1
2,0.2,0.217843585036825,0.249926442230419,"sce5",0.3,"dose_specific","Beta(0.30, 0.70)",0.3,0.7,3,3,0.23
3,0.4,0.367248774851697,0.437489245082741,"sce5",0.3,"dose_specific","Beta(0.30, 0.70)",0.3,0.7,3,3,0.46
4,0.45,0.400235330580093,0.51217029303926,"sce5",0.3,"dose_specific","Beta(0.30, 0.70)",0.3,0.7,3,3,0.57
5,0.5,0.457038134478776,0.547187811142683,"sce5",0.3,"dose_specific","Beta(0.30, 0.70)",0.3,0.7,3,3,0.635
1,0.1,0.161569691173225,0.161569691173225,"sce5",0.3,"dose_specific","Beta(0.50, 0.50)",0.5,0.5,3,3,0.1
2,0.2,0.285246022096283,0.310562148317426,"sce5",0.3,"dose_specific","Beta(0.50, 0.50)",0.5,0.5,3,3,0.23
3,0.4,0.411923489189121,0.505190356879848,"sce5",0.3,"dose_specific","Beta(0.50, 0.50)",0.5,0.5,3,3,0.46
4,0.45,0.499719908916019,0.592636916748423,"sce5",0.3,"dose_specific","Beta(0.50, 0.50)",0.5,0.5,3,3,0.57
5,0.5,0.505258718979337,0.602444288347887,"sce5",0.3,"dose_specific","Beta(0.50, 0.50)",0.5,0.5,3,3,0.635
1,0.2,0.157515367437936,0.157515367437936,"sce1",0.6,"dose_specific","Beta(0.05, 0.95)",0.05,0.95,3,3,0.2
2,0.35,0.251190119175118,0.368252947696121,"sce1",0.6,"dose_specific","Beta(0.05, 0.95)",0.05,0.95,3,3,0.47
3,0.36,0.279405825201813,0.449082383782778,"sce1",0.6,"dose_specific","Beta(0.05, 0.95)",0.05,0.95,3,3,0.57
4,0.37,0.279002768169502,0.459761167886458,"sce1",0.6,"dose_specific","Beta(0.05, 0.95)",0.05,0.95,3,3,0.586
5,0.38,0.309557140310672,0.491851392710274,"sce1",0.6,"dose_specific","Beta(0.05, 0.95)",0.05,0.95,3,3,0.602
1,0.2,0.217079224001353,0.217079224001353,"sce1",0.6,"dose_specific","Beta(0.15, 0.85)",0.15,0.85,3,3,0.2
2,0.35,0.295943057927104,0.419590707378309,"sce1",0.6,"dose_specific","Beta(0.15, 0.85)",0.15,0.85,3,3,0.47
3,0.36,0.316380452787064,0.467549801144508,"sce1",0.6,"dose_specific","Beta(0.15, 0.85)",0.15,0.85,3,3,0.57
4,0.37,0.272040369110077,0.458386492053139,"sce1",0.6,"dose_specific","Beta(0.15, 0.85)",0.15,0.85,3,3,0.586
5,0.38,0.327776900449434,0.511615734872295,"sce1",0.6,"dose_specific","Beta(0.15, 0.85)",0.15,0.85,3,3,0.602
1,0.2,0.211631225025315,0.211631225025315,"sce1",0.6,"dose_specific","Beta(0.30, 0.70)",0.3,0.7,3,3,0.2
2,0.35,0.362054806245414,0.442286797802521,"sce1",0.6,"dose_specific","Beta(0.30, 0.70)",0.3,0.7,3,3,0.47
3,0.36,0.329678754562092,0.455407235189487,"sce1",0.6,"dose_specific","Beta(0.30, 0.70)",0.3,0.7,3,3,0.57
4,0.37,0.365207304684663,0.509973008528543,"sce1",0.6,"dose_specific","Beta(0.30, 0.70)",0.3,0.7,3,3,0.586
5,0.38,0.384649224394882,0.504675067997192,"sce1",0.6,"dose_specific","Beta(0.30, 0.70)",0.3,0.7,3,3,0.602
1,0.2,0.254444416460165,0.254444416460165,"sce1",0.6,"dose_specific","Beta(0.50, 0.50)",0.5,0.5,3,3,0.2
2,0.35,0.40757383293914,0.489720621838887,"sce1",0.6,"dose_specific","Beta(0.50, 0.50)",0.5,0.5,3,3,0.47
3,0.36,0.437064370475904,0.534592677834483,"sce1",0.6,"dose_specific","Beta(0.50, 0.50)",0.5,0.5,3,3,0.57
4,0.37,0.367853266587103,0.55993883694122,"sce1",0.6,"dose_specific","Beta(0.50, 0.50)",0.5,0.5,3,3,0.586
5,0.38,0.422798936464801,0.577843201282956,"sce1",0.6,"dose_specific","Beta(0.50, 0.50)",0.5,0.5,3,3,0.602
1,0.01,0.00448544254324438,0.00448544254324438,"sce2",0.6,"dose_specific","Beta(0.05, 0.95)",0.05,0.95,3,3,0.01
2,0.05,0.028701857769346,0.0340352772443821,"sce2",0.6,"dose_specific","Beta(0.05, 0.95)",0.05,0.95,3,3,0.056
3,0.3,0.242965827508005,0.255018931504166,"sce2",0.6,"dose_specific","Beta(0.05, 0.95)",0.05,0.95,3,3,0.33
4,0.6,0.492104876941842,0.590198932570102,"sce2",0.6,"dose_specific","Beta(0.05, 0.95)",0.05,0.95,3,3,0.78
5,0.6,0.438388689446233,0.732768086334085,"sce2",0.6,"dose_specific","Beta(0.05, 0.95)",0.05,0.95,3,3,0.96
1,0.01,0.0195337652249522,0.0195337652249522,"sce2",0.6,"dose_specific","Beta(0.15, 0.85)",0.15,0.85,3,3,0.01
2,0.05,0.0731518645953341,0.0534642201473543,"sce2",0.6,"dose_specific","Beta(0.15, 0.85)",0.15,0.85,3,3,0.056
3,0.3,0.253997148814366,0.272111607040956,"sce2",0.6,"dose_specific","Beta(0.15, 0.85)",0.15,0.85,3,3,0.33
4,0.6,0.479031981481524,0.616971882036257,"sce2",0.6,"dose_specific","Beta(0.15, 0.85)",0.15,0.85,3,3,0.78
5,0.6,0.479685517191177,0.735035334061198,"sce2",0.6,"dose_specific","Beta(0.15, 0.85)",0.15,0.85,3,3,0.96
1,0.01,0.0486311021042689,0.0486311021042689,"sce2",0.6,"dose_specific","Beta(0.30, 0.70)",0.3,0.7,3,3,0.01
2,0.05,0.117872802332666,0.110257365819164,"sce2",0.6,"dose_specific","Beta(0.30, 0.70)",0.3,0.7,3,3,0.056
3,0.3,0.299403962335367,0.352239000051981,"sce2",0.6,"dose_specific","Beta(0.30, 0.70)",0.3,0.7,3,3,0.33
4,0.6,0.512772103189111,0.662282952587976,"sce2",0.6,"dose_specific","Beta(0.30, 0.70)",0.3,0.7,3,3,0.78
5,0.6,0.514936091660032,0.782195866354551,"sce2",0.6,"dose_specific","Beta(0.30, 0.70)",0.3,0.7,3,3,0.96
1,0.01,0.0770649879008247,0.0770649879008247,"sce2",0.6,"dose_specific","Beta(0.50, 0.50)",0.5,0.5,3,3,0.01
2,0.05,0.162726767929843,0.179505353119774,"sce2",0.6,"dose_specific","Beta(0.50, 0.50)",0.5,0.5,3,3,0.056
3,0.3,0.334761716443957,0.377294824596326,"sce2",0.6,"dose_specific","Beta(0.50, 0.50)",0.5,0.5,3,3,0.33
4,0.6,0.553938244534576,0.729994605070024,"sce2",0.6,"dose_specific","Beta(0.50, 0.50)",0.5,0.5,3,3,0.78
5,0.6,0.550238098445227,0.84282400237742,"sce2",0.6,"dose_specific","Beta(0.50, 0.50)",0.5,0.5,3,3,0.96
1,0.05,0.0550333750157033,0.0550333750157033,"sce3",0.6,"dose_specific","Beta(0.05, 0.95)",0.05,0.95,3,3,0.05
2,0.1,0.083399926386022,0.10989240986186,"sce3",0.6,"dose_specific","Beta(0.05, 0.95)",0.05,0.95,3,3,0.13
3,0.5,0.424070993947205,0.421241909788327,"sce3",0.6,"dose_specific","Beta(0.05, 0.95)",0.05,0.95,3,3,0.56
4,0.68,0.504875672261145,0.744804565531785,"sce3",0.6,"dose_specific","Beta(0.05, 0.95)",0.05,0.95,3,3,0.98
5,0.7,0.538972658823564,0.762423113790838,"sce3",0.6,"dose_specific","Beta(0.05, 0.95)",0.05,0.95,3,3,0.99999999
1,0.05,0.0632234881729537,0.0632234881729537,"sce3",0.6,"dose_specific","Beta(0.15, 0.85)",0.15,0.85,3,3,0.05
2,0.1,0.122037070741814,0.13817335708022,"sce3",0.6,"dose_specific","Beta(0.15, 0.85)",0.15,0.85,3,3,0.13
3,0.5,0.386898289551571,0.494424078320607,"sce3",0.6,"dose_specific","Beta(0.15, 0.85)",0.15,0.85,3,3,0.56
4,0.68,0.516445557383456,0.767662524094163,"sce3",0.6,"dose_specific","Beta(0.15, 0.85)",0.15,0.85,3,3,0.98
5,0.7,0.584775571834775,0.787168440616194,"sce3",0.6,"dose_specific","Beta(0.15, 0.85)",0.15,0.85,3,3,0.99999999
1,0.05,0.0825576595994376,0.0825576595994376,"sce3",0.6,"dose_specific","Beta(0.30, 0.70)",0.3,0.7,3,3,0.05
2,0.1,0.13500906160152,0.197173304861626,"sce3",0.6,"dose_specific","Beta(0.30, 0.70)",0.3,0.7,3,3,0.13
3,0.5,0.424200147476386,0.438253204424657,"sce3",0.6,"dose_specific","Beta(0.30, 0.70)",0.3,0.7,3,3,0.56
4,0.68,0.595114161298755,0.810008397739247,"sce3",0.6,"dose_specific","Beta(0.30, 0.70)",0.3,0.7,3,3,0.98
5,0.7,0.632508085366566,0.825107748070201,"sce3",0.6,"dose_specific","Beta(0.30, 0.70)",0.3,0.7,3,3,0.99999999
1,0.05,0.117351552843812,0.117351552843812,"sce3",0.6,"dose_specific","Beta(0.50, 0.50)",0.5,0.5,3,3,0.05
2,0.1,0.210141811787312,0.20988272212361,"sce3",0.6,"dose_specific","Beta(0.50, 0.50)",0.5,0.5,3,3,0.13
3,0.5,0.467153150195039,0.532683511944447,"sce3",0.6,"dose_specific","Beta(0.50, 0.50)",0.5,0.5,3,3,0.56
4,0.68,0.662750875521504,0.847481810170486,"sce3",0.6,"dose_specific","Beta(0.50, 0.50)",0.5,0.5,3,3,0.98
5,0.7,0.657467404870188,0.875001928747266,"sce3",0.6,"dose_specific","Beta(0.50, 0.50)",0.5,0.5,3,3,0.99999999
1,0.01,0.0135780333334556,0.0135780333334556,"sce4",0.6,"dose_specific","Beta(0.05, 0.95)",0.05,0.95,3,3,0.01
2,0.05,0.0263653428994585,0.041852254367361,"sce4",0.6,"dose_specific","Beta(0.05, 0.95)",0.05,0.95,3,3,0.056
3,0.1,0.0809165907678424,0.0754445955335694,"sce4",0.6,"dose_specific","Beta(0.05, 0.95)",0.05,0.95,3,3,0.13
4,0.2,0.112406384631288,0.215935277099758,"sce4",0.6,"dose_specific","Beta(0.05, 0.95)",0.05,0.95,3,3,0.26
5,0.4,0.289714540285818,0.390908091541108,"sce4",0.6,"dose_specific","Beta(0.05, 0.95)",0.05,0.95,3,3,0.52
1,0.01,0.0184373084732143,0.0184373084732143,"sce4",0.6,"dose_specific","Beta(0.15, 0.85)",0.15,0.85,3,3,0.01
2,0.05,0.0659272782753396,0.069936880484527,"sce4",0.6,"dose_specific","Beta(0.15, 0.85)",0.15,0.85,3,3,0.056
3,0.1,0.0933612245836923,0.133479472132613,"sce4",0.6,"dose_specific","Beta(0.15, 0.85)",0.15,0.85,3,3,0.13
4,0.2,0.159288351270462,0.21076198175896,"sce4",0.6,"dose_specific","Beta(0.15, 0.85)",0.15,0.85,3,3,0.26
5,0.4,0.339454819821485,0.453855897973871,"sce4",0.6,"dose_specific","Beta(0.15, 0.85)",0.15,0.85,3,3,0.52
1,0.01,0.0508932998617482,0.0508932998617482,"sce4",0.6,"dose_specific","Beta(0.30, 0.70)",0.3,0.7,3,3,0.01
2,0.05,0.104934807771839,0.141736113799807,"sce4",0.6,"dose_specific","Beta(0.30, 0.70)",0.3,0.7,3,3,0.056
3,0.1,0.151593107699997,0.146797184399343,"sce4",0.6,"dose_specific","Beta(0.30, 0.70)",0.3,0.7,3,3,0.13
4,0.2,0.247503927555071,0.247837762340584,"sce4",0.6,"dose_specific","Beta(0.30, 0.70)",0.3,0.7,3,3,0.26
5,0.4,0.396684438908713,0.427770186903519,"sce4",0.6,"dose_specific","Beta(0.30, 0.70)",0.3,0.7,3,3,0.52
1,0.01,0.0750184703824856,0.0750184703824856,"sce4",0.6,"dose_specific","Beta(0.50, 0.50)",0.5,0.5,3,3,0.01
2,0.05,0.159935927752058,0.152745895541006,"sce4",0.6,"dose_specific","Beta(0.50, 0.50)",0.5,0.5,3,3,0.056
3,0.1,0.220191753678271,0.232578194155331,"sce4",0.6,"dose_specific","Beta(0.50, 0.50)",0.5,0.5,3,3,0.13
4,0.2,0.274976464844018,0.315391749293922,"sce4",0.6,"dose_specific","Beta(0.50, 0.50)",0.5,0.5,3,3,0.26
5,0.4,0.434660999771354,0.484804154012355,"sce4",0.6,"dose_specific","Beta(0.50, 0.50)",0.5,0.5,3,3,0.52
1,0.1,0.0952068277412038,0.0952068277412038,"sce5",0.6,"dose_specific","Beta(0.05, 0.95)",0.05,0.95,3,3,0.1
2,0.2,0.15882630590693,0.230194855163086,"sce5",0.6,"dose_specific","Beta(0.05, 0.95)",0.05,0.95,3,3,0.26
3,0.4,0.309158787858461,0.380260882151466,"sce5",0.6,"dose_specific","Beta(0.05, 0.95)",0.05,0.95,3,3,0.52
4,0.45,0.334900440422136,0.53427972587021,"sce5",0.6,"dose_specific","Beta(0.05, 0.95)",0.05,0.95,3,3,0.69
5,0.5,0.342691739358732,0.57256527430902,"sce5",0.6,"dose_specific","Beta(0.05, 0.95)",0.05,0.95,3,3,0.77
1,0.1,0.102780843064465,0.102780843064465,"sce5",0.6,"dose_specific","Beta(0.15, 0.85)",0.15,0.85,3,3,0.1
2,0.2,0.171399878826773,0.194919767822605,"sce5",0.6,"dose_specific","Beta(0.15, 0.85)",0.15,0.85,3,3,0.26
3,0.4,0.367749419434803,0.428632753123377,"sce5",0.6,"dose_specific","Beta(0.15, 0.85)",0.15,0.85,3,3,0.52
4,0.45,0.370496508162891,0.547003287314856,"sce5",0.6,"dose_specific","Beta(0.15, 0.85)",0.15,0.85,3,3,0.69
5,0.5,0.419347409538253,0.601774591596338,"sce5",0.6,"dose_specific","Beta(0.15, 0.85)",0.15,0.85,3,3,0.77
1,0.1,0.131507285345616,0.131507285345616,"sce5",0.6,"dose_specific","Beta(0.30, 0.70)",0.3,0.7,3,3,0.1
2,0.2,0.227383842720261,0.259396934650509,"sce5",0.6,"dose_specific","Beta(0.30, 0.70)",0.3,0.7,3,3,0.26
3,0.4,0.345105968367233,0.427307618977407,"sce5",0.6,"dose_specific","Beta(0.30, 0.70)",0.3,0.7,3,3,0.52
4,0.45,0.415306295596489,0.565357973922298,"sce5",0.6,"dose_specific","Beta(0.30, 0.70)",0.3,0.7,3,3,0.69
5,0.5,0.450423655181006,0.672829595697865,"sce5",0.6,"dose_specific","Beta(0.30, 0.70)",0.3,0.7,3,3,0.77
1,0.1,0.172824027597137,0.172824027597137,"sce5",0.6,"dose_specific","Beta(0.50, 0.50)",0.5,0.5,3,3,0.1
2,0.2,0.283232570701565,0.337571678217224,"sce5",0.6,"dose_specific","Beta(0.50, 0.50)",0.5,0.5,3,3,0.26
3,0.4,0.424724472755021,0.515303273483438,"sce5",0.6,"dose_specific","Beta(0.50, 0.50)",0.5,0.5,3,3,0.52
4,0.45,0.46463200611235,0.685268591837412,"sce5",0.6,"dose_specific","Beta(0.50, 0.50)",0.5,0.5,3,3,0.69
5,0.5,0.506884357434514,0.701820413016847,"sce5",0.6,"dose_specific","Beta(0.50, 0.50)",0.5,0.5,3,3,0.77
1,0.2,0.163908900634817,0.163908900634817,"sce1",0.9,"dose_specific","Beta(0.05, 0.95)",0.05,0.95,3,3,0.2
2,0.35,0.256679200129348,0.434104686262604,"sce1",0.9,"dose_specific","Beta(0.05, 0.95)",0.05,0.95,3,3,0.53
3,0.36,0.238779751072247,0.524911284190179,"sce1",0.9,"dose_specific","Beta(0.05, 0.95)",0.05,0.95,3,3,0.675
4,0.37,0.312386274479312,0.53692181439579,"sce1",0.9,"dose_specific","Beta(0.05, 0.95)",0.05,0.95,3,3,0.694
5,0.38,0.281973699046761,0.559855256259501,"sce1",0.9,"dose_specific","Beta(0.05, 0.95)",0.05,0.95,3,3,0.713
1,0.2,0.192162272245394,0.192162272245394,"sce1",0.9,"dose_specific","Beta(0.15, 0.85)",0.15,0.85,3,3,0.2
2,0.35,0.286854616055723,0.422963662685199,"sce1",0.9,"dose_specific","Beta(0.15, 0.85)",0.15,0.85,3,3,0.53
3,0.36,0.284673392114756,0.557355260471307,"sce1",0.9,"dose_specific","Beta(0.15, 0.85)",0.15,0.85,3,3,0.675
4,0.37,0.308393488094224,0.574184243953479,"sce1",0.9,"dose_specific","Beta(0.15, 0.85)",0.15,0.85,3,3,0.694
5,0.38,0.30514593554605,0.564810598871263,"sce1",0.9,"dose_specific","Beta(0.15, 0.85)",0.15,0.85,3,3,0.713
1,0.2,0.211324341756005,0.211324341756005,"sce1",0.9,"dose_specific","Beta(0.30, 0.70)",0.3,0.7,3,3,0.2
2,0.35,0.359360961516659,0.479745384225707,"sce1",0.9,"dose_specific","Beta(0.30, 0.70)",0.3,0.7,3,3,0.53
3,0.36,0.367504244099036,0.545815824540395,"sce1",0.9,"dose_specific","Beta(0.30, 0.70)",0.3,0.7,3,3,0.675
4,0.37,0.347543727411756,0.587320403932091,"sce1",0.9,"dose_specific","Beta(0.30, 0.70)",0.3,0.7,3,3,0.694
5,0.38,0.382052374873116,0.622380180356005,"sce1",0.9,"dose_specific","Beta(0.30, 0.70)",0.3,0.7,3,3,0.713
1,0.2,0.255681638340452,0.255681638340452,"sce1",0.9,"dose_specific","Beta(0.50, 0.50)",0.5,0.5,3,3,0.2
2,0.35,0.362707285849153,0.534535630084441,"sce1",0.9,"dose_specific","Beta(0.50, 0.50)",0.5,0.5,3,3,0.53
3,0.36,0.404850754590218,0.627357133706057,"sce1",0.9,"dose_specific","Beta(0.50, 0.50)",0.5,0.5,3,3,0.675
4,0.37,0.395041307553111,0.592423886786492,"sce1",0.9,"dose_specific","Beta(0.50, 0.50)",0.5,0.5,3,3,0.694
5,0.38,0.399366521584891,0.702436506767327,"sce1",0.9,"dose_specific","Beta(0.50, 0.50)",0.5,0.5,3,3,0.713
1,0.01,0.00760100088329326,0.00760100088329326,"sce2",0.9,"dose_specific","Beta(0.05, 0.95)",0.05,0.95,3,3,0.01
2,0.05,0.0341085102096162,0.0366337472054269,"sce2",0.9,"dose_specific","Beta(0.05, 0.95)",0.05,0.95,3,3,0.059
3,0.3,0.225278630577833,0.266697135571376,"sce2",0.9,"dose_specific","Beta(0.05, 0.95)",0.05,0.95,3,3,0.345
4,0.6,0.453637885311848,0.649591567678226,"sce2",0.9,"dose_specific","Beta(0.05, 0.95)",0.05,0.95,3,3,0.87
5,0.6,0.479222551850076,0.76229046457464,"sce2",0.9,"dose_specific","Beta(0.05, 0.95)",0.05,0.95,3,3,0.99999999
1,0.01,0.0244017794111726,0.0244017794111726,"sce2",0.9,"dose_specific","Beta(0.15, 0.85)",0.15,0.85,3,3,0.01
2,0.05,0.0796942517139916,0.0752785685731826,"sce2",0.9,"dose_specific","Beta(0.15, 0.85)",0.15,0.85,3,3,0.059
3,0.3,0.272479848101222,0.318489329578804,"sce2",0.9,"dose_specific","Beta(0.15, 0.85)",0.15,0.85,3,3,0.345
4,0.6,0.468441800046404,0.727403286992418,"sce2",0.9,"dose_specific","Beta(0.15, 0.85)",0.15,0.85,3,3,0.87
5,0.6,0.522254676816642,0.786880435202192,"sce2",0.9,"dose_specific","Beta(0.15, 0.85)",0.15,0.85,3,3,0.99999999
1,0.01,0.0503028016525812,0.0503028016525812,"sce2",0.9,"dose_specific","Beta(0.30, 0.70)",0.3,0.7,3,3,0.01
2,0.05,0.108510550206486,0.122272824468697,"sce2",0.9,"dose_specific","Beta(0.30, 0.70)",0.3,0.7,3,3,0.059
3,0.3,0.311957437130212,0.365315910752538,"sce2",0.9,"dose_specific","Beta(0.30, 0.70)",0.3,0.7,3,3,0.345
4,0.6,0.524653597805575,0.71779729642336,"sce2",0.9,"dose_specific","Beta(0.30, 0.70)",0.3,0.7,3,3,0.87
5,0.6,0.527059011336704,0.825015527073325,"sce2",0.9,"dose_specific","Beta(0.30, 0.70)",0.3,0.7,3,3,0.99999999
1,0.01,0.079998843182408,0.079998843182408,"sce2",0.9,"dose_specific","Beta(0.50, 0.50)",0.5,0.5,3,3,0.01
2,0.05,0.165227965289731,0.167626122153867,"sce2",0.9,"dose_specific","Beta(0.50, 0.50)",0.5,0.5,3,3,0.059
3,0.3,0.358307586006973,0.382455688144271,"sce2",0.9,"dose_specific","Beta(0.50, 0.50)",0.5,0.5,3,3,0.345
4,0.6,0.562773869251531,0.787009350989683,"sce2",0.9,"dose_specific","Beta(0.50, 0.50)",0.5,0.5,3,3,0.87
5,0.6,0.58757380439231,0.874994279406236,"sce2",0.9,"dose_specific","Beta(0.50, 0.50)",0.5,0.5,3,3,0.99999999
1,0.05,0.0509504356468081,0.0509504356468081,"sce3",0.9,"dose_specific","Beta(0.05, 0.95)",0.05,0.95,3,3,0.05
2,0.1,0.0784510674594671,0.104623406146559,"sce3",0.9,"dose_specific","Beta(0.05, 0.95)",0.05,0.95,3,3,0.145
3,0.5,0.396119010868185,0.459192436419659,"sce3",0.9,"dose_specific","Beta(0.05, 0.95)",0.05,0.95,3,3,0.59
4,0.68,0.539475043358102,0.762339108393576,"sce3",0.9,"dose_specific","Beta(0.05, 0.95)",0.05,0.95,3,3,0.99999999
5,0.7,0.564826357227747,0.761934682078375,"sce3",0.9,"dose_specific","Beta(0.05, 0.95)",0.05,0.95,3,3,0.99999999
1,0.05,0.0694490333341075,0.0694490333341075,"sce3",0.9,"dose_specific","Beta(0.15, 0.85)",0.15,0.85,3,3,0.05
2,0.1,0.0944078535200913,0.152670038414912,"sce3",0.9,"dose_specific","Beta(0.15, 0.85)",0.15,0.85,3,3,0.145
3,0.5,0.382565322207274,0.485907129156735,"sce3",0.9,"dose_specific","Beta(0.15, 0.85)",0.15,0.85,3,3,0.59
4,0.68,0.562227294948266,0.787124866222927,"sce3",0.9,"dose_specific","Beta(0.15, 0.85)",0.15,0.85,3,3,0.99999999
5,0.7,0.563607442315154,0.787553975668534,"sce3",0.9,"dose_specific","Beta(0.15, 0.85)",0.15,0.85,3,3,0.99999999
1,0.05,0.0824540633107021,0.0824540633107021,"sce3",0.9,"dose_specific","Beta(0.30, 0.70)",0.3,0.7,3,3,0.05
2,0.1,0.151068236693018,0.222915628832104,"sce3",0.9,"dose_specific","Beta(0.30, 0.70)",0.3,0.7,3,3,0.145
3,0.5,0.444617556271277,0.517917839221894,"sce3",0.9,"dose_specific","Beta(0.30, 0.70)",0.3,0.7,3,3,0.59
4,0.68,0.575429274696174,0.82482345037464,"sce3",0.9,"dose_specific","Beta(0.30, 0.70)",0.3,0.7,3,3,0.99999999
5,0.7,0.631857756101049,0.825034235590537,"sce3",0.9,"dose_specific","Beta(0.30, 0.70)",0.3,0.7,3,3,0.99999999
1,0.05,0.130089350318467,0.130089350318467,"sce3",0.9,"dose_specific","Beta(0.50, 0.50)",0.5,0.5,3,3,0.05
2,0.1,0.205134475380381,0.255185291360367,"sce3",0.9,"dose_specific","Beta(0.50, 0.50)",0.5,0.5,3,3,0.145
3,0.5,0.534980017310089,0.585049016868385,"sce3",0.9,"dose_specific","Beta(0.50, 0.50)",0.5,0.5,3,3,0.59
4,0.68,0.65773089508638,0.875188682949394,"sce3",0.9,"dose_specific","Beta(0.50, 0.50)",0.5,0.5,3,3,0.99999999
5,0.7,0.619844178180122,0.875166798809639,"sce3",0.9,"dose_specific","Beta(0.50, 0.50)",0.5,0.5,3,3,0.99999999
1,0.01,0.00598439490165895,0.00598439490165895,"sce4",0.9,"dose_specific","Beta(0.05, 0.95)",0.05,0.95,3,3,0.01
2,0.05,0.0390854943196595,0.0498107654598861,"sce4",0.9,"dose_specific","Beta(0.05, 0.95)",0.05,0.95,3,3,0.059
3,0.1,0.0969218218991201,0.11448508174138,"sce4",0.9,"dose_specific","Beta(0.05, 0.95)",0.05,0.95,3,3,0.145
4,0.2,0.135314896331131,0.235206852404815,"sce4",0.9,"dose_specific","Beta(0.05, 0.95)",0.05,0.95,3,3,0.29
5,0.4,0.307538285841472,0.408784844541238,"sce4",0.9,"dose_specific","Beta(0.05, 0.95)",0.05,0.95,3,3,0.58
1,0.01,0.0159291952635619,0.0159291952635619,"sce4",0.9,"dose_specific","Beta(0.15, 0.85)",0.15,0.85,3,3,0.01
2,0.05,0.064088307535231,0.059650148156853,"sce4",0.9,"dose_specific","Beta(0.15, 0.85)",0.15,0.85,3,3,0.059
3,0.1,0.1040030116868,0.155554307178519,"sce4",0.9,"dose_specific","Beta(0.15, 0.85)",0.15,0.85,3,3,0.145
4,0.2,0.170642300477991,0.263895492861877,"sce4",0.9,"dose_specific","Beta(0.15, 0.85)",0.15,0.85,3,3,0.29
5,0.4,0.307792039993981,0.471975059919357,"sce4",0.9,"dose_specific","Beta(0.15, 0.85)",0.15,0.85,3,3,0.58
1,0.01,0.0463181379102962,0.0463181379102962,"sce4",0.9,"dose_specific","Beta(0.30, 0.70)",0.3,0.7,3,3,0.01
2,0.05,0.114559774571113,0.121878857082976,"sce4",0.9,"dose_specific","Beta(0.30, 0.70)",0.3,0.7,3,3,0.059
3,0.1,0.149048697785039,0.187287693332499,"sce4",0.9,"dose_specific","Beta(0.30, 0.70)",0.3,0.7,3,3,0.145
4,0.2,0.252402628197792,0.282119829175315,"sce4",0.9,"dose_specific","Beta(0.30, 0.70)",0.3,0.7,3,3,0.29
5,0.4,0.400346739119163,0.514869363497645,"sce4",0.9,"dose_specific","Beta(0.30, 0.70)",0.3,0.7,3,3,0.58
1,0.01,0.0797961507047387,0.0797961507047387,"sce4",0.9,"dose_specific","Beta(0.50, 0.50)",0.5,0.5,3,3,0.01
2,0.05,0.174776345280777,0.157922918745264,"sce4",0.9,"dose_specific","Beta(0.50, 0.50)",0.5,0.5,3,3,0.059
3,0.1,0.207359672382183,0.229560034066381,"sce4",0.9,"dose_specific","Beta(0.50, 0.50)",0.5,0.5,3,3,0.145
4,0.2,0.292619673012128,0.329408477969894,"sce4",0.9,"dose_specific","Beta(0.50, 0.50)",0.5,0.5,3,3,0.29
5,0.4,0.437174338277789,0.547321484739162,"sce4",0.9,"dose_specific","Beta(0.50, 0.50)",0.5,0.5,3,3,0.58
1,0.1,0.0952699062596719,0.0952699062596719,"sce5",0.9,"dose_specific","Beta(0.05, 0.95)",0.05,0.95,3,3,0.1
2,0.2,0.169312476029923,0.237676985342921,"sce5",0.9,"dose_specific","Beta(0.05, 0.95)",0.05,0.95,3,3,0.29
3,0.4,0.266796660625578,0.459787390107759,"sce5",0.9,"dose_specific","Beta(0.05, 0.95)",0.05,0.95,3,3,0.58
4,0.45,0.360671011586562,0.612311132920238,"sce5",0.9,"dose_specific","Beta(0.05, 0.95)",0.05,0.95,3,3,0.81
5,0.5,0.37328915604838,0.685061743968293,"sce5",0.9,"dose_specific","Beta(0.05, 0.95)",0.05,0.95,3,3,0.905
1,0.1,0.108323245324131,0.108323245324131,"sce5",0.9,"dose_specific","Beta(0.15, 0.85)",0.15,0.85,3,3,0.1
2,0.2,0.172098987259503,0.287349295824598,"sce5",0.9,"dose_specific","Beta(0.15, 0.85)",0.15,0.85,3,3,0.29
3,0.4,0.310143663735634,0.454598773597124,"sce5",0.9,"dose_specific","Beta(0.15, 0.85)",0.15,0.85,3,3,0.58
4,0.45,0.420041362130997,0.675464191914152,"sce5",0.9,"dose_specific","Beta(0.15, 0.85)",0.15,0.85,3,3,0.81
5,0.5,0.407866921243208,0.717329018704847,"sce5",0.9,"dose_specific","Beta(0.15, 0.85)",0.15,0.85,3,3,0.905
1,0.1,0.12798272927853,0.12798272927853,"sce5",0.9,"dose_specific","Beta(0.30, 0.70)",0.3,0.7,3,3,0.1
2,0.2,0.211837470737572,0.300798204624736,"sce5",0.9,"dose_specific","Beta(0.30, 0.70)",0.3,0.7,3,3,0.29
3,0.4,0.402273941456423,0.509283838419698,"sce5",0.9,"dose_specific","Beta(0.30, 0.70)",0.3,0.7,3,3,0.58
4,0.45,0.464977636214421,0.687388074353735,"sce5",0.9,"dose_specific","Beta(0.30, 0.70)",0.3,0.7,3,3,0.81
5,0.5,0.427201902949437,0.749969259588137,"sce5",0.9,"dose_specific","Beta(0.30, 0.70)",0.3,0.7,3,3,0.905
1,0.1,0.137334161546079,0.137334161546079,"sce5",0.9,"dose_specific","Beta(0.50, 0.50)",0.5,0.5,3,3,0.1
2,0.2,0.289615727690596,0.350476724755652,"sce5",0.9,"dose_specific","Beta(0.50, 0.50)",0.5,0.5,3,3,0.29
3,0.4,0.440087827229634,0.579895587604959,"sce5",0.9,"dose_specific","Beta(0.50, 0.50)",0.5,0.5,3,3,0.58
4,0.45,0.465689600065624,0.735326516083916,"sce5",0.9,"dose_specific","Beta(0.50, 0.50)",0.5,0.5,3,3,0.81
5,0.5,0.500052451897533,0.814634270701715,"sce5",0.9,"dose_specific","Beta(0.50, 0.50)",0.5,0.5,3,3,0.905
1,0.2,0.203007067506172,0.203007067506172,"sce1",0,"dose_specific","Beta(0.05, 0.95)",0.05,0.95,6,6,0.2
2,0.35,0.280925546726417,0.3092281941349,"sce1",0,"dose_specific","Beta(0.05, 0.95)",0.05,0.95,6,6,0.35
3,0.36,0.329869804358553,0.33548099209456,"sce1",0,"dose_specific","Beta(0.05, 0.95)",0.05,0.95,6,6,0.36
4,0.37,0.329909201965173,0.338300417968078,"sce1",0,"dose_specific","Beta(0.05, 0.95)",0.05,0.95,6,6,0.37
5,0.38,0.34510750706166,0.316789558828253,"sce1",0,"dose_specific","Beta(0.05, 0.95)",0.05,0.95,6,6,0.38
1,0.2,0.191088607706352,0.191088607706352,"sce1",0,"dose_specific","Beta(0.15, 0.85)",0.15,0.85,6,6,0.2
2,0.35,0.281586773805323,0.335063857895924,"sce1",0,"dose_specific","Beta(0.15, 0.85)",0.15,0.85,6,6,0.35
3,0.36,0.343979944193008,0.325461650923195,"sce1",0,"dose_specific","Beta(0.15, 0.85)",0.15,0.85,6,6,0.36
4,0.37,0.325457940486733,0.312056000543079,"sce1",0,"dose_specific","Beta(0.15, 0.85)",0.15,0.85,6,6,0.37
5,0.38,0.369771608734807,0.352564112829176,"sce1",0,"dose_specific","Beta(0.15, 0.85)",0.15,0.85,6,6,0.38
1,0.2,0.208103335965482,0.208103335965482,"sce1",0,"dose_specific","Beta(0.30, 0.70)",0.3,0.7,6,6,0.2
2,0.35,0.362822224181689,0.348663545934106,"sce1",0,"dose_specific","Beta(0.30, 0.70)",0.3,0.7,6,6,0.35
3,0.36,0.335845193805351,0.374239293334096,"sce1",0,"dose_specific","Beta(0.30, 0.70)",0.3,0.7,6,6,0.36
4,0.37,0.381518225772992,0.361398141379401,"sce1",0,"dose_specific","Beta(0.30, 0.70)",0.3,0.7,6,6,0.37
5,0.38,0.365822431450699,0.35264274529835,"sce1",0,"dose_specific","Beta(0.30, 0.70)",0.3,0.7,6,6,0.38
1,0.2,0.199278442340969,0.199278442340969,"sce1",0,"dose_specific","Beta(0.50, 0.50)",0.5,0.5,6,6,0.2
2,0.35,0.377657053596109,0.380215270926674,"sce1",0,"dose_specific","Beta(0.50, 0.50)",0.5,0.5,6,6,0.35
3,0.36,0.382688925705835,0.377164718878038,"sce1",0,"dose_specific","Beta(0.50, 0.50)",0.5,0.5,6,6,0.36
4,0.37,0.389640101751287,0.371460373600241,"sce1",0,"dose_specific","Beta(0.50, 0.50)",0.5,0.5,6,6,0.37
5,0.38,0.377077976897876,0.382724583640082,"sce1",0,"dose_specific","Beta(0.50, 0.50)",0.5,0.5,6,6,0.38
1,0.01,0.00880523651225506,0.00880523651225506,"sce2",0,"dose_specific","Beta(0.05, 0.95)",0.05,0.95,6,6,0.01
2,0.05,0.0448586287935996,0.0465074596147692,"sce2",0,"dose_specific","Beta(0.05, 0.95)",0.05,0.95,6,6,0.05
3,0.3,0.263107109178072,0.283848993152954,"sce2",0,"dose_specific","Beta(0.05, 0.95)",0.05,0.95,6,6,0.3
4,0.6,0.562880780025715,0.512249482491276,"sce2",0,"dose_specific","Beta(0.05, 0.95)",0.05,0.95,6,6,0.6
5,0.6,0.508159782794819,0.513137484028426,"sce2",0,"dose_specific","Beta(0.05, 0.95)",0.05,0.95,6,6,0.6
1,0.01,0.021867701316349,0.021867701316349,"sce2",0,"dose_specific","Beta(0.15, 0.85)",0.15,0.85,6,6,0.01
2,0.05,0.0577516406446156,0.0492859201222688,"sce2",0,"dose_specific","Beta(0.15, 0.85)",0.15,0.85,6,6,0.05
3,0.3,0.265474251228138,0.259851223582612,"sce2",0,"dose_specific","Beta(0.15, 0.85)",0.15,0.85,6,6,0.3
4,0.6,0.53273136983747,0.520042789392018,"sce2",0,"dose_specific","Beta(0.15, 0.85)",0.15,0.85,6,6,0.6
5,0.6,0.50529839953242,0.545904996097436,"sce2",0,"dose_specific","Beta(0.15, 0.85)",0.15,0.85,6,6,0.6
1,0.01,0.0336599246279762,0.0336599246279762,"sce2",0,"dose_specific","Beta(0.30, 0.70)",0.3,0.7,6,6,0.01
2,0.05,0.0785155945086309,0.0796497777977475,"sce2",0,"dose_specific","Beta(0.30, 0.70)",0.3,0.7,6,6,0.05
3,0.3,0.304545278616681,0.296615568111956,"sce2",0,"dose_specific","Beta(0.30, 0.70)",0.3,0.7,6,6,0.3
4,0.6,0.544395269351608,0.544564519119004,"sce2",0,"dose_specific","Beta(0.30, 0.70)",0.3,0.7,6,6,0.6
5,0.6,0.574555635101607,0.531895066448263,"sce2",0,"dose_specific","Beta(0.30, 0.70)",0.3,0.7,6,6,0.6
1,0.01,0.0452156422197096,0.0452156422197096,"sce2",0,"dose_specific","Beta(0.50, 0.50)",0.5,0.5,6,6,0.01
2,0.05,0.117116690618593,0.116805502999852,"sce2",0,"dose_specific","Beta(0.50, 0.50)",0.5,0.5,6,6,0.05
3,0.3,0.343244136159103,0.325820340203995,"sce2",0,"dose_specific","Beta(0.50, 0.50)",0.5,0.5,6,6,0.3
4,0.6,0.545691488535789,0.603120521348242,"sce2",0,"dose_specific","Beta(0.50, 0.50)",0.5,0.5,6,6,0.6
5,0.6,0.583408730366703,0.588665756465849,"sce2",0,"dose_specific","Beta(0.50, 0.50)",0.5,0.5,6,6,0.6
1,0.05,0.0504742078394489,0.0504742078394489,"sce3",0,"dose_specific","Beta(0.05, 0.95)",0.05,0.95,6,6,0.05
2,0.1,0.0729051957859072,0.0772874171302985,"sce3",0,"dose_specific","Beta(0.05, 0.95)",0.05,0.95,6,6,0.1
3,0.5,0.452607181562879,0.437311294674097,"sce3",0,"dose_specific","Beta(0.05, 0.95)",0.05,0.95,6,6,0.5
4,0.68,0.588700528243426,0.593141320323901,"sce3",0,"dose_specific","Beta(0.05, 0.95)",0.05,0.95,6,6,0.68
5,0.7,0.588689371908455,0.583164513596239,"sce3",0,"dose_specific","Beta(0.05, 0.95)",0.05,0.95,6,6,0.7
1,0.05,0.0605201944056819,0.0605201944056819,"sce3",0,"dose_specific","Beta(0.15, 0.85)",0.15,0.85,6,6,0.05
2,0.1,0.11194167211056,0.120115911798912,"sce3",0,"dose_specific","Beta(0.15, 0.85)",0.15,0.85,6,6,0.1
3,0.5,0.434297463232375,0.470383980128522,"sce3",0,"dose_specific","Beta(0.15, 0.85)",0.15,0.85,6,6,0.5
4,0.68,0.607437736423896,0.607223160826008,"sce3",0,"dose_specific","Beta(0.15, 0.85)",0.15,0.85,6,6,0.68
5,0.7,0.615542590061264,0.630463674703232,"sce3",0,"dose_specific","Beta(0.15, 0.85)",0.15,0.85,6,6,0.7
1,0.05,0.0763583692569338,0.0763583692569338,"sce3",0,"dose_specific","Beta(0.30, 0.70)",0.3,0.7,6,6,0.05
2,0.1,0.115176138413987,0.13019820311086,"sce3",0,"dose_specific","Beta(0.30, 0.70)",0.3,0.7,6,6,0.1
3,0.5,0.445733923263769,0.439770956390844,"sce3",0,"dose_specific","Beta(0.30, 0.70)",0.3,0.7,6,6,0.5
4,0.68,0.627049326436414,0.587144623492316,"sce3",0,"dose_specific","Beta(0.30, 0.70)",0.3,0.7,6,6,0.68
5,0.7,0.651237137855626,0.655035190527086,"sce3",0,"dose_specific","Beta(0.30, 0.70)",0.3,0.7,6,6,0.7
1,0.05,0.0903018062256131,0.0903018062256131,"sce3",0,"dose_specific","Beta(0.50, 0.50)",0.5,0.5,6,6,0.05
2,0.1,0.167251080786036,0.148601946704963,"sce3",0,"dose_specific","Beta(0.50, 0.50)",0.5,0.5,6,6,0.1
3,0.5,0.514080129240756,0.525771667103476,"sce3",0,"dose_specific","Beta(0.50, 0.50)",0.5,0.5,6,6,0.5
4,0.68,0.662805321216994,0.65138471904583,"sce3",0,"dose_specific","Beta(0.50, 0.50)",0.5,0.5,6,6,0.68
5,0.7,0.644253750054559,0.672792804744518,"sce3",0,"dose_specific","Beta(0.50, 0.50)",0.5,0.5,6,6,0.7
1,0.01,0.0112533427128916,0.0112533427128916,"sce4",0,"dose_specific","Beta(0.05, 0.95)",0.05,0.95,6,6,0.01
2,0.05,0.0430334616479834,0.0477027861404263,"sce4",0,"dose_specific","Beta(0.05, 0.95)",0.05,0.95,6,6,0.05
3,0.1,0.0697787621795174,0.0686147456957744,"sce4",0,"dose_specific","Beta(0.05, 0.95)",0.05,0.95,6,6,0.1
4,0.2,0.174579222271239,0.161869575993633,"sce4",0,"dose_specific","Beta(0.05, 0.95)",0.05,0.95,6,6,0.2
5,0.4,0.339331508549346,0.368660155841351,"sce4",0,"dose_specific","Beta(0.05, 0.95)",0.05,0.95,6,6,0.4
1,0.01,0.0157643970839694,0.0157643970839694,"sce4",0,"dose_specific","Beta(0.15, 0.85)",0.15,0.85,6,6,0.01
2,0.05,0.0623984641739641,0.0664250265095667,"sce4",0,"dose_specific","Beta(0.15, 0.85)",0.15,0.85,6,6,0.05
3,0.1,0.104661875955552,0.0975338048597855,"sce4",0,"dose_specific","Beta(0.15, 0.85)",0.15,0.85,6,6,0.1
4,0.2,0.241382137413958,0.193280125864338,"sce4",0,"dose_specific","Beta(0.15, 0.85)",0.15,0.85,6,6,0.2
5,0.4,0.345302184624128,0.401424757449507,"sce4",0,"dose_specific","Beta(0.15, 0.85)",0.15,0.85,6,6,0.4
1,0.01,0.0364223438412801,0.0364223438412801,"sce4",0,"dose_specific","Beta(0.30, 0.70)",0.3,0.7,6,6,0.01
2,0.05,0.092774577705434,0.0893897657857508,"sce4",0,"dose_specific","Beta(0.30, 0.70)",0.3,0.7,6,6,0.05
3,0.1,0.138342748181987,0.11320375308297,"sce4",0,"dose_specific","Beta(0.30, 0.70)",0.3,0.7,6,6,0.1
4,0.2,0.200600196777682,0.191411746565621,"sce4",0,"dose_specific","Beta(0.30, 0.70)",0.3,0.7,6,6,0.2
5,0.4,0.403226634388913,0.362798284035468,"sce4",0,"dose_specific","Beta(0.30, 0.70)",0.3,0.7,6,6,0.4
1,0.01,0.0451068872773595,0.0451068872773595,"sce4",0,"dose_specific","Beta(0.50, 0.50)",0.5,0.5,6,6,0.01
2,0.05,0.12141936133704,0.11404687164459,"sce4",0,"dose_specific","Beta(0.50, 0.50)",0.5,0.5,6,6,0.05
3,0.1,0.152704307883302,0.172876884292376,"sce4",0,"dose_specific","Beta(0.50, 0.50)",0.5,0.5,6,6,0.1
4,0.2,0.235786316698502,0.239861400493061,"sce4",0,"dose_specific","Beta(0.50, 0.50)",0.5,0.5,6,6,0.2
5,0.4,0.404104368967794,0.410129105736114,"sce4",0,"dose_specific","Beta(0.50, 0.50)",0.5,0.5,6,6,0.4
1,0.1,0.0922440818839417,0.0922440818839417,"sce5",0,"dose_specific","Beta(0.05, 0.95)",0.05,0.95,6,6,0.1
2,0.2,0.182378543462826,0.178311147868455,"sce5",0,"dose_specific","Beta(0.05, 0.95)",0.05,0.95,6,6,0.2
3,0.4,0.332804869738045,0.329403517838705,"sce5",0,"dose_specific","Beta(0.05, 0.95)",0.05,0.95,6,6,0.4
4,0.45,0.396810029470252,0.402652127479819,"sce5",0,"dose_specific","Beta(0.05, 0.95)",0.05,0.95,6,6,0.45
5,0.5,0.482776611275455,0.444044162598906,"sce5",0,"dose_specific","Beta(0.05, 0.95)",0.05,0.95,6,6,0.5
1,0.1,0.102253631431681,0.102253631431681,"sce5",0,"dose_specific","Beta(0.15, 0.85)",0.15,0.85,6,6,0.1
2,0.2,0.19579652050867,0.172447918572306,"sce5",0,"dose_specific","Beta(0.15, 0.85)",0.15,0.85,6,6,0.2
3,0.4,0.362422240315243,0.375083227463371,"sce5",0,"dose_specific","Beta(0.15, 0.85)",0.15,0.85,6,6,0.4
4,0.45,0.416527853842197,0.412831658721114,"sce5",0,"dose_specific","Beta(0.15, 0.85)",0.15,0.85,6,6,0.45
5,0.5,0.445305395733916,0.43885572903027,"sce5",0,"dose_specific","Beta(0.15, 0.85)",0.15,0.85,6,6,0.5
1,0.1,0.105594706434334,0.105594706434334,"sce5",0,"dose_specific","Beta(0.30, 0.70)",0.3,0.7,6,6,0.1
2,0.2,0.201702285990399,0.242453459781862,"sce5",0,"dose_specific","Beta(0.30, 0.70)",0.3,0.7,6,6,0.2
3,0.4,0.39321844012839,0.387072385699925,"sce5",0,"dose_specific","Beta(0.30, 0.70)",0.3,0.7,6,6,0.4
4,0.45,0.42544118074724,0.444127035698238,"sce5",0,"dose_specific","Beta(0.30, 0.70)",0.3,0.7,6,6,0.45
5,0.5,0.444184576948603,0.485551652781208,"sce5",0,"dose_specific","Beta(0.30, 0.70)",0.3,0.7,6,6,0.5
1,0.1,0.140723990837388,0.140723990837388,"sce5",0,"dose_specific","Beta(0.50, 0.50)",0.5,0.5,6,6,0.1
2,0.2,0.244011670982699,0.257254315113628,"sce5",0,"dose_specific","Beta(0.50, 0.50)",0.5,0.5,6,6,0.2
3,0.4,0.445784338929421,0.419708631953312,"sce5",0,"dose_specific","Beta(0.50, 0.50)",0.5,0.5,6,6,0.4
4,0.45,0.454282512950961,0.491317934684518,"sce5",0,"dose_specific","Beta(0.50, 0.50)",0.5,0.5,6,6,0.45
5,0.5,0.485481982047361,0.472800592040784,"sce5",0,"dose_specific","Beta(0.50, 0.50)",0.5,0.5,6,6,0.5
1,0.2,0.171365640220287,0.171365640220287,"sce1",0.3,"dose_specific","Beta(0.05, 0.95)",0.05,0.95,6,6,0.2
2,0.35,0.31975605867691,0.375581958135797,"sce1",0.3,"dose_specific","Beta(0.05, 0.95)",0.05,0.95,6,6,0.41
3,0.36,0.285315315246087,0.415594707439018,"sce1",0.3,"dose_specific","Beta(0.05, 0.95)",0.05,0.95,6,6,0.465
4,0.37,0.278086101881653,0.407390117983218,"sce1",0.3,"dose_specific","Beta(0.05, 0.95)",0.05,0.95,6,6,0.478
5,0.38,0.31111270287395,0.449431338762389,"sce1",0.3,"dose_specific","Beta(0.05, 0.95)",0.05,0.95,6,6,0.491
1,0.2,0.200645258252338,0.200645258252338,"sce1",0.3,"dose_specific","Beta(0.15, 0.85)",0.15,0.85,6,6,0.2
2,0.35,0.342728719050164,0.360832078710918,"sce1",0.3,"dose_specific","Beta(0.15, 0.85)",0.15,0.85,6,6,0.41
3,0.36,0.338255970244971,0.428113746027053,"sce1",0.3,"dose_specific","Beta(0.15, 0.85)",0.15,0.85,6,6,0.465
4,0.37,0.34521725590587,0.426955591631408,"sce1",0.3,"dose_specific","Beta(0.15, 0.85)",0.15,0.85,6,6,0.478
5,0.38,0.34137595462751,0.454379655309809,"sce1",0.3,"dose_specific","Beta(0.15, 0.85)",0.15,0.85,6,6,0.491
1,0.2,0.210684396250167,0.210684396250167,"sce1",0.3,"dose_specific","Beta(0.30, 0.70)",0.3,0.7,6,6,0.2
2,0.35,0.351320811631759,0.395552757137605,"sce1",0.3,"dose_specific","Beta(0.30, 0.70)",0.3,0.7,6,6,0.41
3,0.36,0.371251740176264,0.431711125803149,"sce1",0.3,"dose_specific","Beta(0.30, 0.70)",0.3,0.7,6,6,0.465
4,0.37,0.375609234993102,0.459966883989673,"sce1",0.3,"dose_specific","Beta(0.30, 0.70)",0.3,0.7,6,6,0.478
5,0.38,0.377320269708557,0.48721934996705,"sce1",0.3,"dose_specific","Beta(0.30, 0.70)",0.3,0.7,6,6,0.491
1,0.2,0.220051297896472,0.220051297896472,"sce1",0.3,"dose_specific","Beta(0.50, 0.50)",0.5,0.5,6,6,0.2
2,0.35,0.368447037955615,0.416947690705804,"sce1",0.3,"dose_specific","Beta(0.50, 0.50)",0.5,0.5,6,6,0.41
3,0.36,0.33374241585437,0.47312270295884,"sce1",0.3,"dose_specific","Beta(0.50, 0.50)",0.5,0.5,6,6,0.465
4,0.37,0.384483333929535,0.492946666109013,"sce1",0.3,"dose_specific","Beta(0.50, 0.50)",0.5,0.5,6,6,0.478
5,0.38,0.402839912760409,0.479534593779573,"sce1",0.3,"dose_specific","Beta(0.50, 0.50)",0.5,0.5,6,6,0.491
1,0.01,0.00814375266972469,0.00814375266972469,"sce2",0.3,"dose_specific","Beta(0.05, 0.95)",0.05,0.95,6,6,0.01
2,0.05,0.0461902579425501,0.0507224482532338,"sce2",0.3,"dose_specific","Beta(0.05, 0.95)",0.05,0.95,6,6,0.053
3,0.3,0.257467374735329,0.280931573063251,"sce2",0.3,"dose_specific","Beta(0.05, 0.95)",0.05,0.95,6,6,0.315
4,0.6,0.519913120930113,0.582643825358174,"sce2",0.3,"dose_specific","Beta(0.05, 0.95)",0.05,0.95,6,6,0.69
5,0.6,0.537093453793228,0.682595614977351,"sce2",0.3,"dose_specific","Beta(0.05, 0.95)",0.05,0.95,6,6,0.78
1,0.01,0.0150478515724926,0.0150478515724926,"sce2",0.3,"dose_specific","Beta(0.15, 0.85)",0.15,0.85,6,6,0.01
2,0.05,0.0677346109797893,0.0619090328647095,"sce2",0.3,"dose_specific","Beta(0.15, 0.85)",0.15,0.85,6,6,0.053
3,0.3,0.259048458001686,0.302043670198418,"sce2",0.3,"dose_specific","Beta(0.15, 0.85)",0.15,0.85,6,6,0.315
4,0.6,0.514127342509383,0.576674614619202,"sce2",0.3,"dose_specific","Beta(0.15, 0.85)",0.15,0.85,6,6,0.69
5,0.6,0.552952117008612,0.707168994910301,"sce2",0.3,"dose_specific","Beta(0.15, 0.85)",0.15,0.85,6,6,0.78
1,0.01,0.0344330642443494,0.0344330642443494,"sce2",0.3,"dose_specific","Beta(0.30, 0.70)",0.3,0.7,6,6,0.01
2,0.05,0.0797209030303646,0.0891008415261396,"sce2",0.3,"dose_specific","Beta(0.30, 0.70)",0.3,0.7,6,6,0.053
3,0.3,0.31283154330518,0.282710008060861,"sce2",0.3,"dose_specific","Beta(0.30, 0.70)",0.3,0.7,6,6,0.315
4,0.6,0.591435853976578,0.648559172472119,"sce2",0.3,"dose_specific","Beta(0.30, 0.70)",0.3,0.7,6,6,0.69
5,0.6,0.547224603099079,0.698444092217967,"sce2",0.3,"dose_specific","Beta(0.30, 0.70)",0.3,0.7,6,6,0.78
1,0.01,0.0493286406916104,0.0493286406916104,"sce2",0.3,"dose_specific","Beta(0.50, 0.50)",0.5,0.5,6,6,0.01
2,0.05,0.108614729768215,0.104381492876776,"sce2",0.3,"dose_specific","Beta(0.50, 0.50)",0.5,0.5,6,6,0.053
3,0.3,0.375845553324369,0.351264562410732,"sce2",0.3,"dose_specific","Beta(0.50, 0.50)",0.5,0.5,6,6,0.315
4,0.6,0.591382743594051,0.667607362687221,"sce2",0.3,"dose_specific","Beta(0.50, 0.50)",0.5,0.5,6,6,0.69
5,0.6,0.580192334396092,0.712895669108542,"sce2",0.3,"dose_specific","Beta(0.50, 0.50)",0.5,0.5,6,6,0.78
1,0.05,0.0495994613855198,0.0495994613855198,"sce3",0.3,"dose_specific","Beta(0.05, 0.95)",0.05,0.95,6,6,0.05
2,0.1,0.104917856445036,0.127185050605519,"sce3",0.3,"dose_specific","Beta(0.05, 0.95)",0.05,0.95,6,6,0.115
3,0.5,0.451235697093231,0.440181880015894,"sce3",0.3,"dose_specific","Beta(0.05, 0.95)",0.05,0.95,6,6,0.53
4,0.68,0.59836039413697,0.730069206336203,"sce3",0.3,"dose_specific","Beta(0.05, 0.95)",0.05,0.95,6,6,0.83
5,0.7,0.579975147451272,0.777212921422757,"sce3",0.3,"dose_specific","Beta(0.05, 0.95)",0.05,0.95,6,6,0.904
1,0.05,0.0595388006924282,0.0595388006924282,"sce3",0.3,"dose_specific","Beta(0.15, 0.85)",0.15,0.85,6,6,0.05
2,0.1,0.120455832759501,0.116956554149061,"sce3",0.3,"dose_specific","Beta(0.15, 0.85)",0.15,0.85,6,6,0.115
3,0.5,0.46256327731535,0.481260955927393,"sce3",0.3,"dose_specific","Beta(0.15, 0.85)",0.15,0.85,6,6,0.53
4,0.68,0.602702830289404,0.71996284268266,"sce3",0.3,"dose_specific","Beta(0.15, 0.85)",0.15,0.85,6,6,0.83
5,0.7,0.602943842004384,0.808970781560017,"sce3",0.3,"dose_specific","Beta(0.15, 0.85)",0.15,0.85,6,6,0.904
1,0.05,0.0652836498030353,0.0652836498030353,"sce3",0.3,"dose_specific","Beta(0.30, 0.70)",0.3,0.7,6,6,0.05
2,0.1,0.12559128603217,0.131427317617497,"sce3",0.3,"dose_specific","Beta(0.30, 0.70)",0.3,0.7,6,6,0.115
3,0.5,0.490992089395256,0.498471687361358,"sce3",0.3,"dose_specific","Beta(0.30, 0.70)",0.3,0.7,6,6,0.53
4,0.68,0.625623818834357,0.752991327344039,"sce3",0.3,"dose_specific","Beta(0.30, 0.70)",0.3,0.7,6,6,0.83
5,0.7,0.624569300715805,0.824342662070392,"sce3",0.3,"dose_specific","Beta(0.30, 0.70)",0.3,0.7,6,6,0.904
1,0.05,0.0745613650918972,0.0745613650918972,"sce3",0.3,"dose_specific","Beta(0.50, 0.50)",0.5,0.5,6,6,0.05
2,0.1,0.148832239951562,0.171492263950912,"sce3",0.3,"dose_specific","Beta(0.50, 0.50)",0.5,0.5,6,6,0.115
3,0.5,0.472832053586462,0.568470119353826,"sce3",0.3,"dose_specific","Beta(0.50, 0.50)",0.5,0.5,6,6,0.53
4,0.68,0.683770843416278,0.801362889133052,"sce3",0.3,"dose_specific","Beta(0.50, 0.50)",0.5,0.5,6,6,0.83
5,0.7,0.680189846261004,0.830112464328465,"sce3",0.3,"dose_specific","Beta(0.50, 0.50)",0.5,0.5,6,6,0.904
1,0.01,0.00721507341251767,0.00721507341251767,"sce4",0.3,"dose_specific","Beta(0.05, 0.95)",0.05,0.95,6,6,0.01
2,0.05,0.0493420307055802,0.0458579848808916,"sce4",0.3,"dose_specific","Beta(0.05, 0.95)",0.05,0.95,6,6,0.053
3,0.1,0.0919328210877458,0.0888810009926648,"sce4",0.3,"dose_specific","Beta(0.05, 0.95)",0.05,0.95,6,6,0.115
4,0.2,0.172106648797397,0.223216595674388,"sce4",0.3,"dose_specific","Beta(0.05, 0.95)",0.05,0.95,6,6,0.23
5,0.4,0.352898435868426,0.364079694321444,"sce4",0.3,"dose_specific","Beta(0.05, 0.95)",0.05,0.95,6,6,0.46
1,0.01,0.0201852935902433,0.0201852935902433,"sce4",0.3,"dose_specific","Beta(0.15, 0.85)",0.15,0.85,6,6,0.01
2,0.05,0.0497011715726668,0.0611097799646698,"sce4",0.3,"dose_specific","Beta(0.15, 0.85)",0.15,0.85,6,6,0.053
3,0.1,0.0989683374692828,0.102456739370604,"sce4",0.3,"dose_specific","Beta(0.15, 0.85)",0.15,0.85,6,6,0.115
4,0.2,0.197923923050424,0.22200603269504,"sce4",0.3,"dose_specific","Beta(0.15, 0.85)",0.15,0.85,6,6,0.23
5,0.4,0.363861521584162,0.411171584649614,"sce4",0.3,"dose_specific","Beta(0.15, 0.85)",0.15,0.85,6,6,0.46
1,0.01,0.0305883590477222,0.0305883590477222,"sce4",0.3,"dose_specific","Beta(0.30, 0.70)",0.3,0.7,6,6,0.01
2,0.05,0.0902754995537816,0.0741503301299541,"sce4",0.3,"dose_specific","Beta(0.30, 0.70)",0.3,0.7,6,6,0.053
3,0.1,0.127810172269477,0.137729167859689,"sce4",0.3,"dose_specific","Beta(0.30, 0.70)",0.3,0.7,6,6,0.115
4,0.2,0.213794568232757,0.235964693114273,"sce4",0.3,"dose_specific","Beta(0.30, 0.70)",0.3,0.7,6,6,0.23
5,0.4,0.375651807137387,0.446908362028723,"sce4",0.3,"dose_specific","Beta(0.30, 0.70)",0.3,0.7,6,6,0.46
1,0.01,0.044565916271743,0.044565916271743,"sce4",0.3,"dose_specific","Beta(0.50, 0.50)",0.5,0.5,6,6,0.01
2,0.05,0.115895468020377,0.119882902802575,"sce4",0.3,"dose_specific","Beta(0.50, 0.50)",0.5,0.5,6,6,0.053
3,0.1,0.151429546974572,0.170089801718407,"sce4",0.3,"dose_specific","Beta(0.50, 0.50)",0.5,0.5,6,6,0.115
4,0.2,0.231769460237243,0.265761998783629,"sce4",0.3,"dose_specific","Beta(0.50, 0.50)",0.5,0.5,6,6,0.23
5,0.4,0.428738026788159,0.482629134105985,"sce4",0.3,"dose_specific","Beta(0.50, 0.50)",0.5,0.5,6,6,0.46
1,0.1,0.100494921031825,0.100494921031825,"sce5",0.3,"dose_specific","Beta(0.05, 0.95)",0.05,0.95,6,6,0.1
2,0.2,0.165084603989283,0.217333014392771,"sce5",0.3,"dose_specific","Beta(0.05, 0.95)",0.05,0.95,6,6,0.23
3,0.4,0.362527887322309,0.379974339993018,"sce5",0.3,"dose_specific","Beta(0.05, 0.95)",0.05,0.95,6,6,0.46
4,0.45,0.371046534495117,0.508328482389745,"sce5",0.3,"dose_specific","Beta(0.05, 0.95)",0.05,0.95,6,6,0.57
5,0.5,0.419948468799276,0.548279339720511,"sce5",0.3,"dose_specific","Beta(0.05, 0.95)",0.05,0.95,6,6,0.635
1,0.1,0.103841093823854,0.103841093823854,"sce5",0.3,"dose_specific","Beta(0.15, 0.85)",0.15,0.85,6,6,0.1
2,0.2,0.199253655235061,0.196232029529941,"sce5",0.3,"dose_specific","Beta(0.15, 0.85)",0.15,0.85,6,6,0.23
3,0.4,0.346541852252393,0.412809437739829,"sce5",0.3,"dose_specific","Beta(0.15, 0.85)",0.15,0.85,6,6,0.46
4,0.45,0.41686736918725,0.553489246844988,"sce5",0.3,"dose_specific","Beta(0.15, 0.85)",0.15,0.85,6,6,0.57
5,0.5,0.467039451949388,0.58974417120918,"sce5",0.3,"dose_specific","Beta(0.15, 0.85)",0.15,0.85,6,6,0.635
1,0.1,0.10466129078083,0.10466129078083,"sce5",0.3,"dose_specific","Beta(0.30, 0.70)",0.3,0.7,6,6,0.1
2,0.2,0.224622425471349,0.278605567136739,"sce5",0.3,"dose_specific","Beta(0.30, 0.70)",0.3,0.7,6,6,0.23
3,0.4,0.383675670751142,0.445660666799983,"sce5",0.3,"dose_specific","Beta(0.30, 0.70)",0.3,0.7,6,6,0.46
4,0.45,0.404361363623744,0.532177329081067,"sce5",0.3,"dose_specific","Beta(0.30, 0.70)",0.3,0.7,6,6,0.57
5,0.5,0.50984248897514,0.61478237739901,"sce5",0.3,"dose_specific","Beta(0.30, 0.70)",0.3,0.7,6,6,0.635
1,0.1,0.139215713633872,0.139215713633872,"sce5",0.3,"dose_specific","Beta(0.50, 0.50)",0.5,0.5,6,6,0.1
2,0.2,0.233911341561824,0.281261097211943,"sce5",0.3,"dose_specific","Beta(0.50, 0.50)",0.5,0.5,6,6,0.23
3,0.4,0.413725011891626,0.465626862519811,"sce5",0.3,"dose_specific","Beta(0.50, 0.50)",0.5,0.5,6,6,0.46
4,0.45,0.441447253817906,0.554389442066719,"sce5",0.3,"dose_specific","Beta(0.50, 0.50)",0.5,0.5,6,6,0.57
5,0.5,0.491643013545601,0.618971299545481,"sce5",0.3,"dose_specific","Beta(0.50, 0.50)",0.5,0.5,6,6,0.635
1,0.2,0.196796207664067,0.196796207664067,"sce1",0.6,"dose_specific","Beta(0.05, 0.95)",0.05,0.95,6,6,0.2
2,0.35,0.312285301691871,0.392552920139847,"sce1",0.6,"dose_specific","Beta(0.05, 0.95)",0.05,0.95,6,6,0.47
3,0.36,0.333071096771525,0.51114368910479,"sce1",0.6,"dose_specific","Beta(0.05, 0.95)",0.05,0.95,6,6,0.57
4,0.37,0.311139107128557,0.486690841548234,"sce1",0.6,"dose_specific","Beta(0.05, 0.95)",0.05,0.95,6,6,0.586
5,0.38,0.356924620168539,0.528423056049022,"sce1",0.6,"dose_specific","Beta(0.05, 0.95)",0.05,0.95,6,6,0.602
1,0.2,0.184062453654837,0.184062453654837,"sce1",0.6,"dose_specific","Beta(0.15, 0.85)",0.15,0.85,6,6,0.2
2,0.35,0.339085454131711,0.465658764930841,"sce1",0.6,"dose_specific","Beta(0.15, 0.85)",0.15,0.85,6,6,0.47
3,0.36,0.275939211005157,0.520140751688571,"sce1",0.6,"dose_specific","Beta(0.15, 0.85)",0.15,0.85,6,6,0.57
4,0.37,0.304755838899682,0.525649602376305,"sce1",0.6,"dose_specific","Beta(0.15, 0.85)",0.15,0.85,6,6,0.586
5,0.38,0.348809602190038,0.533939223015737,"sce1",0.6,"dose_specific","Beta(0.15, 0.85)",0.15,0.85,6,6,0.602
1,0.2,0.187477953439949,0.187477953439949,"sce1",0.6,"dose_specific","Beta(0.30, 0.70)",0.3,0.7,6,6,0.2
2,0.35,0.324222571332406,0.449287272057242,"sce1",0.6,"dose_specific","Beta(0.30, 0.70)",0.3,0.7,6,6,0.47
3,0.36,0.367127920580452,0.544027919480226,"sce1",0.6,"dose_specific","Beta(0.30, 0.70)",0.3,0.7,6,6,0.57
4,0.37,0.346062040567686,0.546830480907399,"sce1",0.6,"dose_specific","Beta(0.30, 0.70)",0.3,0.7,6,6,0.586
5,0.38,0.351163052940343,0.603096649656101,"sce1",0.6,"dose_specific","Beta(0.30, 0.70)",0.3,0.7,6,6,0.602
1,0.2,0.234525461198677,0.234525461198677,"sce1",0.6,"dose_specific","Beta(0.50, 0.50)",0.5,0.5,6,6,0.2
2,0.35,0.377606446604106,0.47733832065715,"sce1",0.6,"dose_specific","Beta(0.50, 0.50)",0.5,0.5,6,6,0.47
3,0.36,0.39453260263342,0.574036689220199,"sce1",0.6,"dose_specific","Beta(0.50, 0.50)",0.5,0.5,6,6,0.57
4,0.37,0.388639582735551,0.567163361878188,"sce1",0.6,"dose_specific","Beta(0.50, 0.50)",0.5,0.5,6,6,0.586
5,0.38,0.397295898585419,0.582858795523182,"sce1",0.6,"dose_specific","Beta(0.50, 0.50)",0.5,0.5,6,6,0.602
1,0.01,0.0105639709960562,0.0105639709960562,"sce2",0.6,"dose_specific","Beta(0.05, 0.95)",0.05,0.95,6,6,0.01
2,0.05,0.0429735193119974,0.0402135721174449,"sce2",0.6,"dose_specific","Beta(0.05, 0.95)",0.05,0.95,6,6,0.056
3,0.3,0.245970808835887,0.296910075785858,"sce2",0.6,"dose_specific","Beta(0.05, 0.95)",0.05,0.95,6,6,0.33
4,0.6,0.509735647734612,0.677202085658083,"sce2",0.6,"dose_specific","Beta(0.05, 0.95)",0.05,0.95,6,6,0.78
5,0.6,0.520601320526345,0.834582448396466,"sce2",0.6,"dose_specific","Beta(0.05, 0.95)",0.05,0.95,6,6,0.96
1,0.01,0.01806266643889,0.01806266643889,"sce2",0.6,"dose_specific","Beta(0.15, 0.85)",0.15,0.85,6,6,0.01
2,0.05,0.0593028495931127,0.0612583363480198,"sce2",0.6,"dose_specific","Beta(0.15, 0.85)",0.15,0.85,6,6,0.056
3,0.3,0.257136531455765,0.308365849125371,"sce2",0.6,"dose_specific","Beta(0.15, 0.85)",0.15,0.85,6,6,0.33
4,0.6,0.57357050782677,0.689550476327076,"sce2",0.6,"dose_specific","Beta(0.15, 0.85)",0.15,0.85,6,6,0.78
5,0.6,0.534265207105255,0.832770223105741,"sce2",0.6,"dose_specific","Beta(0.15, 0.85)",0.15,0.85,6,6,0.96
1,0.01,0.0302913163059663,0.0302913163059663,"sce2",0.6,"dose_specific","Beta(0.30, 0.70)",0.3,0.7,6,6,0.01
2,0.05,0.0788102055269901,0.0764528444285204,"sce2",0.6,"dose_specific","Beta(0.30, 0.70)",0.3,0.7,6,6,0.056
3,0.3,0.286982870989083,0.347290259712499,"sce2",0.6,"dose_specific","Beta(0.30, 0.70)",0.3,0.7,6,6,0.33
4,0.6,0.581523398646671,0.691900418435067,"sce2",0.6,"dose_specific","Beta(0.30, 0.70)",0.3,0.7,6,6,0.78
5,0.6,0.576884429000517,0.861324904393711,"sce2",0.6,"dose_specific","Beta(0.30, 0.70)",0.3,0.7,6,6,0.96
1,0.01,0.0517046940949472,0.0517046940949472,"sce2",0.6,"dose_specific","Beta(0.50, 0.50)",0.5,0.5,6,6,0.01
2,0.05,0.1256478130372,0.137078896356173,"sce2",0.6,"dose_specific","Beta(0.50, 0.50)",0.5,0.5,6,6,0.056
3,0.3,0.341269070321449,0.35180387949251,"sce2",0.6,"dose_specific","Beta(0.50, 0.50)",0.5,0.5,6,6,0.33
4,0.6,0.587073232471292,0.731445007001809,"sce2",0.6,"dose_specific","Beta(0.50, 0.50)",0.5,0.5,6,6,0.78
5,0.6,0.571573918196392,0.901240165445611,"sce2",0.6,"dose_specific","Beta(0.50, 0.50)",0.5,0.5,6,6,0.96
1,0.05,0.0462366018107441,0.0462366018107441,"sce3",0.6,"dose_specific","Beta(0.05, 0.95)",0.05,0.95,6,6,0.05
2,0.1,0.0968460901284002,0.106099955687416,"sce3",0.6,"dose_specific","Beta(0.05, 0.95)",0.05,0.95,6,6,0.13
3,0.5,0.438416833794711,0.495562576884014,"sce3",0.6,"dose_specific","Beta(0.05, 0.95)",0.05,0.95,6,6,0.56
4,0.68,0.619861884401058,0.843039022033572,"sce3",0.6,"dose_specific","Beta(0.05, 0.95)",0.05,0.95,6,6,0.98
5,0.7,0.621816111383956,0.864239353588329,"sce3",0.6,"dose_specific","Beta(0.05, 0.95)",0.05,0.95,6,6,0.99999999
1,0.05,0.0629048407184218,0.0629048407184218,"sce3",0.6,"dose_specific","Beta(0.15, 0.85)",0.15,0.85,6,6,0.05
2,0.1,0.096579451043187,0.140142290732851,"sce3",0.6,"dose_specific","Beta(0.15, 0.85)",0.15,0.85,6,6,0.13
3,0.5,0.456626405251733,0.489700375486949,"sce3",0.6,"dose_specific","Beta(0.15, 0.85)",0.15,0.85,6,6,0.56
4,0.68,0.612640870904451,0.859785096920869,"sce3",0.6,"dose_specific","Beta(0.15, 0.85)",0.15,0.85,6,6,0.98
5,0.7,0.613961949057839,0.878680078476686,"sce3",0.6,"dose_specific","Beta(0.15, 0.85)",0.15,0.85,6,6,0.99999999
1,0.05,0.0630792755400749,0.0630792755400749,"sce3",0.6,"dose_specific","Beta(0.30, 0.70)",0.3,0.7,6,6,0.05
2,0.1,0.130074010372346,0.155143150762057,"sce3",0.6,"dose_specific","Beta(0.30, 0.70)",0.3,0.7,6,6,0.13
3,0.5,0.461619455083462,0.535623874918007,"sce3",0.6,"dose_specific","Beta(0.30, 0.70)",0.3,0.7,6,6,0.56
4,0.68,0.608387186371217,0.889992839705405,"sce3",0.6,"dose_specific","Beta(0.30, 0.70)",0.3,0.7,6,6,0.98
5,0.7,0.647537187024443,0.899958943794975,"sce3",0.6,"dose_specific","Beta(0.30, 0.70)",0.3,0.7,6,6,0.99999999
1,0.05,0.089678519593438,0.089678519593438,"sce3",0.6,"dose_specific","Beta(0.50, 0.50)",0.5,0.5,6,6,0.05
2,0.1,0.155927411437793,0.19304891667776,"sce3",0.6,"dose_specific","Beta(0.50, 0.50)",0.5,0.5,6,6,0.13
3,0.5,0.485950083882393,0.569001933808843,"sce3",0.6,"dose_specific","Beta(0.50, 0.50)",0.5,0.5,6,6,0.56
4,0.68,0.631666013893462,0.905629306079682,"sce3",0.6,"dose_specific","Beta(0.50, 0.50)",0.5,0.5,6,6,0.98
5,0.7,0.66140027309845,0.928306431068876,"sce3",0.6,"dose_specific","Beta(0.50, 0.50)",0.5,0.5,6,6,0.99999999
1,0.01,0.00727416115523114,0.00727416115523114,"sce4",0.6,"dose_specific","Beta(0.05, 0.95)",0.05,0.95,6,6,0.01
2,0.05,0.0556393072293207,0.0491523642305878,"sce4",0.6,"dose_specific","Beta(0.05, 0.95)",0.05,0.95,6,6,0.056
3,0.1,0.0903319879543266,0.119662644111318,"sce4",0.6,"dose_specific","Beta(0.05, 0.95)",0.05,0.95,6,6,0.13
4,0.2,0.172266712026154,0.234564591667178,"sce4",0.6,"dose_specific","Beta(0.05, 0.95)",0.05,0.95,6,6,0.26
5,0.4,0.369822158494937,0.437205812185856,"sce4",0.6,"dose_specific","Beta(0.05, 0.95)",0.05,0.95,6,6,0.52
1,0.01,0.0184127300109526,0.0184127300109526,"sce4",0.6,"dose_specific","Beta(0.15, 0.85)",0.15,0.85,6,6,0.01
2,0.05,0.0433243585258939,0.06162673099322,"sce4",0.6,"dose_specific","Beta(0.15, 0.85)",0.15,0.85,6,6,0.056
3,0.1,0.10061496015517,0.117582177150327,"sce4",0.6,"dose_specific","Beta(0.15, 0.85)",0.15,0.85,6,6,0.13
4,0.2,0.213793106520414,0.249289448938525,"sce4",0.6,"dose_specific","Beta(0.15, 0.85)",0.15,0.85,6,6,0.26
5,0.4,0.361426783740822,0.481024825142775,"sce4",0.6,"dose_specific","Beta(0.15, 0.85)",0.15,0.85,6,6,0.52
1,0.01,0.0333722924282698,0.0333722924282698,"sce4",0.6,"dose_specific","Beta(0.30, 0.70)",0.3,0.7,6,6,0.01
2,0.05,0.0756687308628495,0.0957420518025779,"sce4",0.6,"dose_specific","Beta(0.30, 0.70)",0.3,0.7,6,6,0.056
3,0.1,0.121402845032792,0.14107395748247,"sce4",0.6,"dose_specific","Beta(0.30, 0.70)",0.3,0.7,6,6,0.13
4,0.2,0.199854626988729,0.259987687087314,"sce4",0.6,"dose_specific","Beta(0.30, 0.70)",0.3,0.7,6,6,0.26
5,0.4,0.38278439921862,0.498491016577926,"sce4",0.6,"dose_specific","Beta(0.30, 0.70)",0.3,0.7,6,6,0.52
1,0.01,0.047842474822712,0.047842474822712,"sce4",0.6,"dose_specific","Beta(0.50, 0.50)",0.5,0.5,6,6,0.01
2,0.05,0.11047413878253,0.111426623539486,"sce4",0.6,"dose_specific","Beta(0.50, 0.50)",0.5,0.5,6,6,0.056
3,0.1,0.143068246203876,0.174325431743755,"sce4",0.6,"dose_specific","Beta(0.50, 0.50)",0.5,0.5,6,6,0.13
4,0.2,0.227397765968334,0.311186726231591,"sce4",0.6,"dose_specific","Beta(0.50, 0.50)",0.5,0.5,6,6,0.26
5,0.4,0.39429132899612,0.495344882329978,"sce4",0.6,"dose_specific","Beta(0.50, 0.50)",0.5,0.5,6,6,0.52
1,0.1,0.0972927358318063,0.0972927358318063,"sce5",0.6,"dose_specific","Beta(0.05, 0.95)",0.05,0.95,6,6,0.1
2,0.2,0.160468876458389,0.218592788596279,"sce5",0.6,"dose_specific","Beta(0.05, 0.95)",0.05,0.95,6,6,0.26
3,0.4,0.356861047053139,0.451744962912718,"sce5",0.6,"dose_specific","Beta(0.05, 0.95)",0.05,0.95,6,6,0.52
4,0.45,0.392762856799375,0.602591345918617,"sce5",0.6,"dose_specific","Beta(0.05, 0.95)",0.05,0.95,6,6,0.69
5,0.5,0.420058016118771,0.687094706948063,"sce5",0.6,"dose_specific","Beta(0.05, 0.95)",0.05,0.95,6,6,0.77
1,0.1,0.10342206384892,0.10342206384892,"sce5",0.6,"dose_specific","Beta(0.15, 0.85)",0.15,0.85,6,6,0.1
2,0.2,0.202873676978721,0.207757745561217,"sce5",0.6,"dose_specific","Beta(0.15, 0.85)",0.15,0.85,6,6,0.26
3,0.4,0.378460455151891,0.462450029032807,"sce5",0.6,"dose_specific","Beta(0.15, 0.85)",0.15,0.85,6,6,0.52
4,0.45,0.443728541324557,0.603067561788281,"sce5",0.6,"dose_specific","Beta(0.15, 0.85)",0.15,0.85,6,6,0.69
5,0.5,0.455448041441357,0.688855242880431,"sce5",0.6,"dose_specific","Beta(0.15, 0.85)",0.15,0.85,6,6,0.77
1,0.1,0.129652097383224,0.129652097383224,"sce5",0.6,"dose_specific","Beta(0.30, 0.70)",0.3,0.7,6,6,0.1
2,0.2,0.20892567848057,0.269343832965901,"sce5",0.6,"dose_specific","Beta(0.30, 0.70)",0.3,0.7,6,6,0.26
3,0.4,0.406010734576764,0.487168268931361,"sce5",0.6,"dose_specific","Beta(0.30, 0.70)",0.3,0.7,6,6,0.52
4,0.45,0.454157511845565,0.644276763814328,"sce5",0.6,"dose_specific","Beta(0.30, 0.70)",0.3,0.7,6,6,0.69
5,0.5,0.466927584284048,0.703890993126269,"sce5",0.6,"dose_specific","Beta(0.30, 0.70)",0.3,0.7,6,6,0.77
1,0.1,0.147478833763048,0.147478833763048,"sce5",0.6,"dose_specific","Beta(0.50, 0.50)",0.5,0.5,6,6,0.1
2,0.2,0.231289319658924,0.287376629430286,"sce5",0.6,"dose_specific","Beta(0.50, 0.50)",0.5,0.5,6,6,0.26
3,0.4,0.397394940548545,0.491181352342869,"sce5",0.6,"dose_specific","Beta(0.50, 0.50)",0.5,0.5,6,6,0.52
4,0.45,0.437150913066773,0.641269477734973,"sce5",0.6,"dose_specific","Beta(0.50, 0.50)",0.5,0.5,6,6,0.69
5,0.5,0.519889461098598,0.711458909292943,"sce5",0.6,"dose_specific","Beta(0.50, 0.50)",0.5,0.5,6,6,0.77
1,0.2,0.176736975676292,0.176736975676292,"sce1",0.9,"dose_specific","Beta(0.05, 0.95)",0.05,0.95,6,6,0.2
2,0.35,0.322441426575964,0.454585156195631,"sce1",0.9,"dose_specific","Beta(0.05, 0.95)",0.05,0.95,6,6,0.53
3,0.36,0.296338432273453,0.591118911129499,"sce1",0.9,"dose_specific","Beta(0.05, 0.95)",0.05,0.95,6,6,0.675
4,0.37,0.323815697761183,0.60738874042772,"sce1",0.9,"dose_specific","Beta(0.05, 0.95)",0.05,0.95,6,6,0.694
5,0.38,0.300734887946567,0.62633714200063,"sce1",0.9,"dose_specific","Beta(0.05, 0.95)",0.05,0.95,6,6,0.713
1,0.2,0.187489005581962,0.187489005581962,"sce1",0.9,"dose_specific","Beta(0.15, 0.85)",0.15,0.85,6,6,0.2
2,0.35,0.301796782601295,0.469734163706856,"sce1",0.9,"dose_specific","Beta(0.15, 0.85)",0.15,0.85,6,6,0.53
3,0.36,0.308772384602399,0.614471570799757,"sce1",0.9,"dose_specific","Beta(0.15, 0.85)",0.15,0.85,6,6,0.675
4,0.37,0.348977801626244,0.61441096220449,"sce1",0.9,"dose_specific","Beta(0.15, 0.85)",0.15,0.85,6,6,0.694
5,0.38,0.400648356937378,0.622635976902953,"sce1",0.9,"dose_specific","Beta(0.15, 0.85)",0.15,0.85,6,6,0.713
1,0.2,0.200637970473023,0.200637970473023,"sce1",0.9,"dose_specific","Beta(0.30, 0.70)",0.3,0.7,6,6,0.2
2,0.35,0.311840514915201,0.496837478955526,"sce1",0.9,"dose_specific","Beta(0.30, 0.70)",0.3,0.7,6,6,0.53
3,0.36,0.357095998477084,0.610026150198196,"sce1",0.9,"dose_specific","Beta(0.30, 0.70)",0.3,0.7,6,6,0.675
4,0.37,0.352979422340462,0.661140087882272,"sce1",0.9,"dose_specific","Beta(0.30, 0.70)",0.3,0.7,6,6,0.694
5,0.38,0.363263109331172,0.636741797795244,"sce1",0.9,"dose_specific","Beta(0.30, 0.70)",0.3,0.7,6,6,0.713
1,0.2,0.231204250949864,0.231204250949864,"sce1",0.9,"dose_specific","Beta(0.50, 0.50)",0.5,0.5,6,6,0.2
2,0.35,0.401203228292183,0.537083855601324,"sce1",0.9,"dose_specific","Beta(0.50, 0.50)",0.5,0.5,6,6,0.53
3,0.36,0.349026381153075,0.651408011599312,"sce1",0.9,"dose_specific","Beta(0.50, 0.50)",0.5,0.5,6,6,0.675
4,0.37,0.373333421273744,0.648521350248575,"sce1",0.9,"dose_specific","Beta(0.50, 0.50)",0.5,0.5,6,6,0.694
5,0.38,0.405927451638653,0.705863280743733,"sce1",0.9,"dose_specific","Beta(0.50, 0.50)",0.5,0.5,6,6,0.713
1,0.01,0.00650556187801803,0.00650556187801803,"sce2",0.9,"dose_specific","Beta(0.05, 0.95)",0.05,0.95,6,6,0.01
2,0.05,0.0419046666795849,0.0553775707520065,"sce2",0.9,"dose_specific","Beta(0.05, 0.95)",0.05,0.95,6,6,0.059
3,0.3,0.265133040172526,0.315080603323174,"sce2",0.9,"dose_specific","Beta(0.05, 0.95)",0.05,0.95,6,6,0.345
4,0.6,0.501612005840534,0.745773007842558,"sce2",0.9,"dose_specific","Beta(0.05, 0.95)",0.05,0.95,6,6,0.87
5,0.6,0.514785294804181,0.864121651041806,"sce2",0.9,"dose_specific","Beta(0.05, 0.95)",0.05,0.95,6,6,0.99999999
1,0.01,0.017053987265503,0.017053987265503,"sce2",0.9,"dose_specific","Beta(0.15, 0.85)",0.15,0.85,6,6,0.01
2,0.05,0.0600985921844183,0.0618181425792841,"sce2",0.9,"dose_specific","Beta(0.15, 0.85)",0.15,0.85,6,6,0.059
3,0.3,0.297776384970143,0.328686746268526,"sce2",0.9,"dose_specific","Beta(0.15, 0.85)",0.15,0.85,6,6,0.345
4,0.6,0.554454336615199,0.761321158588491,"sce2",0.9,"dose_specific","Beta(0.15, 0.85)",0.15,0.85,6,6,0.87
5,0.6,0.544621278729144,0.878704204780719,"sce2",0.9,"dose_specific","Beta(0.15, 0.85)",0.15,0.85,6,6,0.99999999
1,0.01,0.0321304018349025,0.0321304018349025,"sce2",0.9,"dose_specific","Beta(0.30, 0.70)",0.3,0.7,6,6,0.01
2,0.05,0.0925796863299603,0.0905827823355922,"sce2",0.9,"dose_specific","Beta(0.30, 0.70)",0.3,0.7,6,6,0.059
3,0.3,0.305810280347618,0.312750815774944,"sce2",0.9,"dose_specific","Beta(0.30, 0.70)",0.3,0.7,6,6,0.345
4,0.6,0.563990186137932,0.785928959830167,"sce2",0.9,"dose_specific","Beta(0.30, 0.70)",0.3,0.7,6,6,0.87
5,0.6,0.555668940086507,0.900298368002936,"sce2",0.9,"dose_specific","Beta(0.30, 0.70)",0.3,0.7,6,6,0.99999999
1,0.01,0.0466757792646007,0.0466757792646007,"sce2",0.9,"dose_specific","Beta(0.50, 0.50)",0.5,0.5,6,6,0.01
2,0.05,0.115469749858033,0.134130401146399,"sce2",0.9,"dose_specific","Beta(0.50, 0.50)",0.5,0.5,6,6,0.059
3,0.3,0.320135168569725,0.36871183618074,"sce2",0.9,"dose_specific","Beta(0.50, 0.50)",0.5,0.5,6,6,0.345
4,0.6,0.602715490075194,0.823723730015716,"sce2",0.9,"dose_specific","Beta(0.50, 0.50)",0.5,0.5,6,6,0.87
5,0.6,0.601548150835654,0.928397151065371,"sce2",0.9,"dose_specific","Beta(0.50, 0.50)",0.5,0.5,6,6,0.99999999
1,0.05,0.0454916500476888,0.0454916500476888,"sce3",0.9,"dose_specific","Beta(0.05, 0.95)",0.05,0.95,6,6,0.05
2,0.1,0.09626402537717,0.128517074701752,"sce3",0.9,"dose_specific","Beta(0.05, 0.95)",0.05,0.95,6,6,0.145
3,0.5,0.409623348066269,0.505972816686604,"sce3",0.9,"dose_specific","Beta(0.05, 0.95)",0.05,0.95,6,6,0.59
4,0.68,0.581162955963418,0.864179837036067,"sce3",0.9,"dose_specific","Beta(0.05, 0.95)",0.05,0.95,6,6,0.99999999
5,0.7,0.608269043981803,0.864073610082737,"sce3",0.9,"dose_specific","Beta(0.05, 0.95)",0.05,0.95,6,6,0.99999999
1,0.05,0.0663075695306432,0.0663075695306432,"sce3",0.9,"dose_specific","Beta(0.15, 0.85)",0.15,0.85,6,6,0.05
2,0.1,0.0910685301316832,0.132000571464128,"sce3",0.9,"dose_specific","Beta(0.15, 0.85)",0.15,0.85,6,6,0.145
3,0.5,0.427527436929226,0.528425284387384,"sce3",0.9,"dose_specific","Beta(0.15, 0.85)",0.15,0.85,6,6,0.59
4,0.68,0.589561640059728,0.878465000116947,"sce3",0.9,"dose_specific","Beta(0.15, 0.85)",0.15,0.85,6,6,0.99999999
5,0.7,0.658180255336946,0.878667531867539,"sce3",0.9,"dose_specific","Beta(0.15, 0.85)",0.15,0.85,6,6,0.99999999
1,0.05,0.0670526712184988,0.0670526712184988,"sce3",0.9,"dose_specific","Beta(0.30, 0.70)",0.3,0.7,6,6,0.05
2,0.1,0.118132376890594,0.159729900591727,"sce3",0.9,"dose_specific","Beta(0.30, 0.70)",0.3,0.7,6,6,0.145
3,0.5,0.482748855045363,0.545826856866818,"sce3",0.9,"dose_specific","Beta(0.30, 0.70)",0.3,0.7,6,6,0.59
4,0.68,0.618474523916694,0.900101588985446,"sce3",0.9,"dose_specific","Beta(0.30, 0.70)",0.3,0.7,6,6,0.99999999
5,0.7,0.63694587483178,0.900167596728828,"sce3",0.9,"dose_specific","Beta(0.30, 0.70)",0.3,0.7,6,6,0.99999999
1,0.05,0.0806510306861013,0.0806510306861013,"sce3",0.9,"dose_specific","Beta(0.50, 0.50)",0.5,0.5,6,6,0.05
2,0.1,0.155656047164166,0.188518732869142,"sce3",0.9,"dose_specific","Beta(0.50, 0.50)",0.5,0.5,6,6,0.145
3,0.5,0.496093859329125,0.585566623762574,"sce3",0.9,"dose_specific","Beta(0.50, 0.50)",0.5,0.5,6,6,0.59
4,0.68,0.657623292088063,0.927922450341121,"sce3",0.9,"dose_specific","Beta(0.50, 0.50)",0.5,0.5,6,6,0.99999999
5,0.7,0.679718848268648,0.928976573308677,"sce3",0.9,"dose_specific","Beta(0.50, 0.50)",0.5,0.5,6,6,0.99999999
1,0.01,0.0127946303447134,0.0127946303447134,"sce4",0.9,"dose_specific","Beta(0.05, 0.95)",0.05,0.95,6,6,0.01
2,0.05,0.0475576598615464,0.0611656134472832,"sce4",0.9,"dose_specific","Beta(0.05, 0.95)",0.05,0.95,6,6,0.059
3,0.1,0.0990489471706522,0.138540252158021,"sce4",0.9,"dose_specific","Beta(0.05, 0.95)",0.05,0.95,6,6,0.145
4,0.2,0.162004269506295,0.259247226174259,"sce4",0.9,"dose_specific","Beta(0.05, 0.95)",0.05,0.95,6,6,0.29
5,0.4,0.336793649735871,0.478235502701053,"sce4",0.9,"dose_specific","Beta(0.05, 0.95)",0.05,0.95,6,6,0.58
1,0.01,0.0148283144624566,0.0148283144624566,"sce4",0.9,"dose_specific","Beta(0.15, 0.85)",0.15,0.85,6,6,0.01
2,0.05,0.0518954791552832,0.0526942348150765,"sce4",0.9,"dose_specific","Beta(0.15, 0.85)",0.15,0.85,6,6,0.059
3,0.1,0.0937823167375856,0.134565578034979,"sce4",0.9,"dose_specific","Beta(0.15, 0.85)",0.15,0.85,6,6,0.145
4,0.2,0.212513790320252,0.285872035909761,"sce4",0.9,"dose_specific","Beta(0.15, 0.85)",0.15,0.85,6,6,0.29
5,0.4,0.382701699597023,0.501436579314095,"sce4",0.9,"dose_specific","Beta(0.15, 0.85)",0.15,0.85,6,6,0.58
1,0.01,0.0353621099695427,0.0353621099695427,"sce4",0.9,"dose_specific","Beta(0.30, 0.70)",0.3,0.7,6,6,0.01
2,0.05,0.0870943483245668,0.0960771322132544,"sce4",0.9,"dose_specific","Beta(0.30, 0.70)",0.3,0.7,6,6,0.059
3,0.1,0.130859915480119,0.148666531658987,"sce4",0.9,"dose_specific","Beta(0.30, 0.70)",0.3,0.7,6,6,0.145
4,0.2,0.211035303281617,0.281527013134237,"sce4",0.9,"dose_specific","Beta(0.30, 0.70)",0.3,0.7,6,6,0.29
5,0.4,0.375660537079985,0.538662474453329,"sce4",0.9,"dose_specific","Beta(0.30, 0.70)",0.3,0.7,6,6,0.58
1,0.01,0.0423585485193318,0.0423585485193318,"sce4",0.9,"dose_specific","Beta(0.50, 0.50)",0.5,0.5,6,6,0.01
2,0.05,0.123087676739947,0.111425524234683,"sce4",0.9,"dose_specific","Beta(0.50, 0.50)",0.5,0.5,6,6,0.059
3,0.1,0.137687576835597,0.198125522857212,"sce4",0.9,"dose_specific","Beta(0.50, 0.50)",0.5,0.5,6,6,0.145
4,0.2,0.230508416661071,0.350330381667127,"sce4",0.9,"dose_specific","Beta(0.50, 0.50)",0.5,0.5,6,6,0.29
5,0.4,0.405434444719961,0.588236061784326,"sce4",0.9,"dose_specific","Beta(0.50, 0.50)",0.5,0.5,6,6,0.58
1,0.1,0.110669041141916,0.110669041141916,"sce5",0.9,"dose_specific","Beta(0.05, 0.95)",0.05,0.95,6,6,0.1
2,0.2,0.18249667171633,0.25902131086579,"sce5",0.9,"dose_specific","Beta(0.05, 0.95)",0.05,0.95,6,6,0.29
3,0.4,0.366865052183473,0.501255234067018,"sce5",0.9,"dose_specific","Beta(0.05, 0.95)",0.05,0.95,6,6,0.58
4,0.45,0.375243925135564,0.71758679066168,"sce5",0.9,"dose_specific","Beta(0.05, 0.95)",0.05,0.95,6,6,0.81
5,0.5,0.459834361265532,0.791497854850228,"sce5",0.9,"dose_specific","Beta(0.05, 0.95)",0.05,0.95,6,6,0.905
1,0.1,0.0949852832103081,0.0949852832103081,"sce5",0.9,"dose_specific","Beta(0.15, 0.85)",0.15,0.85,6,6,0.1
2,0.2,0.158450860058057,0.287017739087176,"sce5",0.9,"dose_specific","Beta(0.15, 0.85)",0.15,0.85,6,6,0.29
3,0.4,0.3748214489752,0.480276387076558,"sce5",0.9,"dose_specific","Beta(0.15, 0.85)",0.15,0.85,6,6,0.58
4,0.45,0.428009490306436,0.729744022871659,"sce5",0.9,"dose_specific","Beta(0.15, 0.85)",0.15,0.85,6,6,0.81
5,0.5,0.469502595145657,0.787089683115908,"sce5",0.9,"dose_specific","Beta(0.15, 0.85)",0.15,0.85,6,6,0.905
1,0.1,0.111111026244598,0.111111026244598,"sce5",0.9,"dose_specific","Beta(0.30, 0.70)",0.3,0.7,6,6,0.1
2,0.2,0.22836977958898,0.284182156135291,"sce5",0.9,"dose_specific","Beta(0.30, 0.70)",0.3,0.7,6,6,0.29
3,0.4,0.40586134655533,0.531223082093752,"sce5",0.9,"dose_specific","Beta(0.30, 0.70)",0.3,0.7,6,6,0.58
4,0.45,0.454215811410042,0.74106854372052,"sce5",0.9,"dose_specific","Beta(0.30, 0.70)",0.3,0.7,6,6,0.81
5,0.5,0.43855924230482,0.798037929025618,"sce5",0.9,"dose_specific","Beta(0.30, 0.70)",0.3,0.7,6,6,0.905
1,0.1,0.140295475182005,0.140295475182005,"sce5",0.9,"dose_specific","Beta(0.50, 0.50)",0.5,0.5,6,6,0.1
2,0.2,0.262694520947195,0.295742143392831,"sce5",0.9,"dose_specific","Beta(0.50, 0.50)",0.5,0.5,6,6,0.29
3,0.4,0.424314329198918,0.59015541807762,"sce5",0.9,"dose_specific","Beta(0.50, 0.50)",0.5,0.5,6,6,0.58
4,0.45,0.461460002457373,0.784720546463665,"sce5",0.9,"dose_specific","Beta(0.50, 0.50)",0.5,0.5,6,6,0.81
5,0.5,0.508718961598564,0.827441724336595,"sce5",0.9,"dose_specific","Beta(0.50, 0.50)",0.5,0.5,6,6,0.905
