"Task_ID","Scenario","Allocation","Model_ID","Utility_Type","Lambda_T","Toxicity_IPDE_Alpha","Efficacy_IPDE_Alpha","Arrival_Rate"
1,1,"two_stage","additive_shared",2,0.3,0,0,0.0178571428571429
2,2,"two_stage","additive_shared",2,0.3,0,0,0.0178571428571429
3,3,"two_stage","additive_shared",2,0.3,0,0,0.0178571428571429
4,4,"two_stage","additive_shared",2,0.3,0,0,0.0178571428571429
5,5,"two_stage","additive_shared",2,0.3,0,0,0.0178571428571429
6,6,"two_stage","additive_shared",2,0.3,0,0,0.0178571428571429
7,7,"two_stage","additive_shared",2,0.3,0,0,0.0178571428571429
8,8,"two_stage","additive_shared",2,0.3,0,0,0.0178571428571429
9,9,"two_stage","additive_shared",2,0.3,0,0,0.0178571428571429
10,10,"two_stage","additive_shared",2,0.3,0,0,0.0178571428571429
11,11,"two_stage","additive_shared",2,0.3,0,0,0.0178571428571429
12,12,"two_stage","additive_shared",2,0.3,0,0,0.0178571428571429
13,13,"two_stage","additive_shared",2,0.3,0,0,0.0178571428571429
14,14,"two_stage","additive_shared",2,0.3,0,0,0.0178571428571429
15,15,"two_stage","additive_shared",2,0.3,0,0,0.0178571428571429
16,16,"two_stage","additive_shared",2,0.3,0,0,0.0178571428571429
17,17,"two_stage","additive_shared",2,0.3,0,0,0.0178571428571429
18,18,"two_stage","additive_shared",2,0.3,0,0,0.0178571428571429
19,19,"two_stage","additive_shared",2,0.3,0,0,0.0178571428571429
20,20,"two_stage","additive_shared",2,0.3,0,0,0.0178571428571429
21,21,"two_stage","additive_shared",2,0.3,0,0,0.0178571428571429
22,22,"two_stage","additive_shared",2,0.3,0,0,0.0178571428571429
23,23,"two_stage","additive_shared",2,0.3,0,0,0.0178571428571429
24,24,"two_stage","additive_shared",2,0.3,0,0,0.0178571428571429
25,25,"two_stage","additive_shared",2,0.3,0,0,0.0178571428571429
26,26,"two_stage","additive_shared",2,0.3,0,0,0.0178571428571429
27,27,"two_stage","additive_shared",2,0.3,0,0,0.0178571428571429
28,28,"two_stage","additive_shared",2,0.3,0,0,0.0178571428571429
29,29,"two_stage","additive_shared",2,0.3,0,0,0.0178571428571429
30,30,"two_stage","additive_shared",2,0.3,0,0,0.0178571428571429
31,31,"two_stage","additive_shared",2,0.3,0,0,0.0178571428571429
32,32,"two_stage","additive_shared",2,0.3,0,0,0.0178571428571429
33,33,"two_stage","additive_shared",2,0.3,0,0,0.0178571428571429
34,34,"two_stage","additive_shared",2,0.3,0,0,0.0178571428571429
35,35,"two_stage","additive_shared",2,0.3,0,0,0.0178571428571429
36,36,"two_stage","additive_shared",2,0.3,0,0,0.0178571428571429
37,37,"two_stage","additive_shared",2,0.3,0,0,0.0178571428571429
38,1,"one_stage","additive_shared",2,0.3,0,0,0.0178571428571429
39,2,"one_stage","additive_shared",2,0.3,0,0,0.0178571428571429
40,3,"one_stage","additive_shared",2,0.3,0,0,0.0178571428571429
41,4,"one_stage","additive_shared",2,0.3,0,0,0.0178571428571429
42,5,"one_stage","additive_shared",2,0.3,0,0,0.0178571428571429
43,6,"one_stage","additive_shared",2,0.3,0,0,0.0178571428571429
44,7,"one_stage","additive_shared",2,0.3,0,0,0.0178571428571429
45,8,"one_stage","additive_shared",2,0.3,0,0,0.0178571428571429
46,9,"one_stage","additive_shared",2,0.3,0,0,0.0178571428571429
47,10,"one_stage","additive_shared",2,0.3,0,0,0.0178571428571429
48,11,"one_stage","additive_shared",2,0.3,0,0,0.0178571428571429
49,12,"one_stage","additive_shared",2,0.3,0,0,0.0178571428571429
50,13,"one_stage","additive_shared",2,0.3,0,0,0.0178571428571429
51,14,"one_stage","additive_shared",2,0.3,0,0,0.0178571428571429
52,15,"one_stage","additive_shared",2,0.3,0,0,0.0178571428571429
53,16,"one_stage","additive_shared",2,0.3,0,0,0.0178571428571429
54,17,"one_stage","additive_shared",2,0.3,0,0,0.0178571428571429
55,18,"one_stage","additive_shared",2,0.3,0,0,0.0178571428571429
56,19,"one_stage","additive_shared",2,0.3,0,0,0.0178571428571429
57,20,"one_stage","additive_shared",2,0.3,0,0,0.0178571428571429
58,21,"one_stage","additive_shared",2,0.3,0,0,0.0178571428571429
59,22,"one_stage","additive_shared",2,0.3,0,0,0.0178571428571429
60,23,"one_stage","additive_shared",2,0.3,0,0,0.0178571428571429
61,24,"one_stage","additive_shared",2,0.3,0,0,0.0178571428571429
62,25,"one_stage","additive_shared",2,0.3,0,0,0.0178571428571429
63,26,"one_stage","additive_shared",2,0.3,0,0,0.0178571428571429
64,27,"one_stage","additive_shared",2,0.3,0,0,0.0178571428571429
65,28,"one_stage","additive_shared",2,0.3,0,0,0.0178571428571429
66,29,"one_stage","additive_shared",2,0.3,0,0,0.0178571428571429
67,30,"one_stage","additive_shared",2,0.3,0,0,0.0178571428571429
68,31,"one_stage","additive_shared",2,0.3,0,0,0.0178571428571429
69,32,"one_stage","additive_shared",2,0.3,0,0,0.0178571428571429
70,33,"one_stage","additive_shared",2,0.3,0,0,0.0178571428571429
71,34,"one_stage","additive_shared",2,0.3,0,0,0.0178571428571429
72,35,"one_stage","additive_shared",2,0.3,0,0,0.0178571428571429
73,36,"one_stage","additive_shared",2,0.3,0,0,0.0178571428571429
74,37,"one_stage","additive_shared",2,0.3,0,0,0.0178571428571429
75,1,"two_stage","additive_dose_specific",2,0.3,0,0,0.0178571428571429
76,2,"two_stage","additive_dose_specific",2,0.3,0,0,0.0178571428571429
77,3,"two_stage","additive_dose_specific",2,0.3,0,0,0.0178571428571429
78,4,"two_stage","additive_dose_specific",2,0.3,0,0,0.0178571428571429
79,5,"two_stage","additive_dose_specific",2,0.3,0,0,0.0178571428571429
80,6,"two_stage","additive_dose_specific",2,0.3,0,0,0.0178571428571429
81,7,"two_stage","additive_dose_specific",2,0.3,0,0,0.0178571428571429
82,8,"two_stage","additive_dose_specific",2,0.3,0,0,0.0178571428571429
83,9,"two_stage","additive_dose_specific",2,0.3,0,0,0.0178571428571429
84,10,"two_stage","additive_dose_specific",2,0.3,0,0,0.0178571428571429
85,11,"two_stage","additive_dose_specific",2,0.3,0,0,0.0178571428571429
86,12,"two_stage","additive_dose_specific",2,0.3,0,0,0.0178571428571429
87,13,"two_stage","additive_dose_specific",2,0.3,0,0,0.0178571428571429
88,14,"two_stage","additive_dose_specific",2,0.3,0,0,0.0178571428571429
89,15,"two_stage","additive_dose_specific",2,0.3,0,0,0.0178571428571429
90,16,"two_stage","additive_dose_specific",2,0.3,0,0,0.0178571428571429
91,17,"two_stage","additive_dose_specific",2,0.3,0,0,0.0178571428571429
92,18,"two_stage","additive_dose_specific",2,0.3,0,0,0.0178571428571429
93,19,"two_stage","additive_dose_specific",2,0.3,0,0,0.0178571428571429
94,20,"two_stage","additive_dose_specific",2,0.3,0,0,0.0178571428571429
95,21,"two_stage","additive_dose_specific",2,0.3,0,0,0.0178571428571429
96,22,"two_stage","additive_dose_specific",2,0.3,0,0,0.0178571428571429
97,23,"two_stage","additive_dose_specific",2,0.3,0,0,0.0178571428571429
98,24,"two_stage","additive_dose_specific",2,0.3,0,0,0.0178571428571429
99,25,"two_stage","additive_dose_specific",2,0.3,0,0,0.0178571428571429
100,26,"two_stage","additive_dose_specific",2,0.3,0,0,0.0178571428571429
101,27,"two_stage","additive_dose_specific",2,0.3,0,0,0.0178571428571429
102,28,"two_stage","additive_dose_specific",2,0.3,0,0,0.0178571428571429
103,29,"two_stage","additive_dose_specific",2,0.3,0,0,0.0178571428571429
104,30,"two_stage","additive_dose_specific",2,0.3,0,0,0.0178571428571429
105,31,"two_stage","additive_dose_specific",2,0.3,0,0,0.0178571428571429
106,32,"two_stage","additive_dose_specific",2,0.3,0,0,0.0178571428571429
107,33,"two_stage","additive_dose_specific",2,0.3,0,0,0.0178571428571429
108,34,"two_stage","additive_dose_specific",2,0.3,0,0,0.0178571428571429
109,35,"two_stage","additive_dose_specific",2,0.3,0,0,0.0178571428571429
110,36,"two_stage","additive_dose_specific",2,0.3,0,0,0.0178571428571429
111,37,"two_stage","additive_dose_specific",2,0.3,0,0,0.0178571428571429
112,1,"one_stage","additive_dose_specific",2,0.3,0,0,0.0178571428571429
113,2,"one_stage","additive_dose_specific",2,0.3,0,0,0.0178571428571429
114,3,"one_stage","additive_dose_specific",2,0.3,0,0,0.0178571428571429
115,4,"one_stage","additive_dose_specific",2,0.3,0,0,0.0178571428571429
116,5,"one_stage","additive_dose_specific",2,0.3,0,0,0.0178571428571429
117,6,"one_stage","additive_dose_specific",2,0.3,0,0,0.0178571428571429
118,7,"one_stage","additive_dose_specific",2,0.3,0,0,0.0178571428571429
119,8,"one_stage","additive_dose_specific",2,0.3,0,0,0.0178571428571429
120,9,"one_stage","additive_dose_specific",2,0.3,0,0,0.0178571428571429
121,10,"one_stage","additive_dose_specific",2,0.3,0,0,0.0178571428571429
122,11,"one_stage","additive_dose_specific",2,0.3,0,0,0.0178571428571429
123,12,"one_stage","additive_dose_specific",2,0.3,0,0,0.0178571428571429
124,13,"one_stage","additive_dose_specific",2,0.3,0,0,0.0178571428571429
125,14,"one_stage","additive_dose_specific",2,0.3,0,0,0.0178571428571429
126,15,"one_stage","additive_dose_specific",2,0.3,0,0,0.0178571428571429
127,16,"one_stage","additive_dose_specific",2,0.3,0,0,0.0178571428571429
128,17,"one_stage","additive_dose_specific",2,0.3,0,0,0.0178571428571429
129,18,"one_stage","additive_dose_specific",2,0.3,0,0,0.0178571428571429
130,19,"one_stage","additive_dose_specific",2,0.3,0,0,0.0178571428571429
131,20,"one_stage","additive_dose_specific",2,0.3,0,0,0.0178571428571429
132,21,"one_stage","additive_dose_specific",2,0.3,0,0,0.0178571428571429
133,22,"one_stage","additive_dose_specific",2,0.3,0,0,0.0178571428571429
134,23,"one_stage","additive_dose_specific",2,0.3,0,0,0.0178571428571429
135,24,"one_stage","additive_dose_specific",2,0.3,0,0,0.0178571428571429
136,25,"one_stage","additive_dose_specific",2,0.3,0,0,0.0178571428571429
137,26,"one_stage","additive_dose_specific",2,0.3,0,0,0.0178571428571429
138,27,"one_stage","additive_dose_specific",2,0.3,0,0,0.0178571428571429
139,28,"one_stage","additive_dose_specific",2,0.3,0,0,0.0178571428571429
140,29,"one_stage","additive_dose_specific",2,0.3,0,0,0.0178571428571429
141,30,"one_stage","additive_dose_specific",2,0.3,0,0,0.0178571428571429
142,31,"one_stage","additive_dose_specific",2,0.3,0,0,0.0178571428571429
143,32,"one_stage","additive_dose_specific",2,0.3,0,0,0.0178571428571429
144,33,"one_stage","additive_dose_specific",2,0.3,0,0,0.0178571428571429
145,34,"one_stage","additive_dose_specific",2,0.3,0,0,0.0178571428571429
146,35,"one_stage","additive_dose_specific",2,0.3,0,0,0.0178571428571429
147,36,"one_stage","additive_dose_specific",2,0.3,0,0,0.0178571428571429
148,37,"one_stage","additive_dose_specific",2,0.3,0,0,0.0178571428571429
149,1,"two_stage","additive_shared",3,1,0,0,0.0178571428571429
150,2,"two_stage","additive_shared",3,1,0,0,0.0178571428571429
151,3,"two_stage","additive_shared",3,1,0,0,0.0178571428571429
152,4,"two_stage","additive_shared",3,1,0,0,0.0178571428571429
153,5,"two_stage","additive_shared",3,1,0,0,0.0178571428571429
154,6,"two_stage","additive_shared",3,1,0,0,0.0178571428571429
155,7,"two_stage","additive_shared",3,1,0,0,0.0178571428571429
156,8,"two_stage","additive_shared",3,1,0,0,0.0178571428571429
157,9,"two_stage","additive_shared",3,1,0,0,0.0178571428571429
158,10,"two_stage","additive_shared",3,1,0,0,0.0178571428571429
159,11,"two_stage","additive_shared",3,1,0,0,0.0178571428571429
160,12,"two_stage","additive_shared",3,1,0,0,0.0178571428571429
161,13,"two_stage","additive_shared",3,1,0,0,0.0178571428571429
162,14,"two_stage","additive_shared",3,1,0,0,0.0178571428571429
163,15,"two_stage","additive_shared",3,1,0,0,0.0178571428571429
164,16,"two_stage","additive_shared",3,1,0,0,0.0178571428571429
165,17,"two_stage","additive_shared",3,1,0,0,0.0178571428571429
166,18,"two_stage","additive_shared",3,1,0,0,0.0178571428571429
167,19,"two_stage","additive_shared",3,1,0,0,0.0178571428571429
168,20,"two_stage","additive_shared",3,1,0,0,0.0178571428571429
169,21,"two_stage","additive_shared",3,1,0,0,0.0178571428571429
170,22,"two_stage","additive_shared",3,1,0,0,0.0178571428571429
171,23,"two_stage","additive_shared",3,1,0,0,0.0178571428571429
172,24,"two_stage","additive_shared",3,1,0,0,0.0178571428571429
173,25,"two_stage","additive_shared",3,1,0,0,0.0178571428571429
174,26,"two_stage","additive_shared",3,1,0,0,0.0178571428571429
175,27,"two_stage","additive_shared",3,1,0,0,0.0178571428571429
176,28,"two_stage","additive_shared",3,1,0,0,0.0178571428571429
177,29,"two_stage","additive_shared",3,1,0,0,0.0178571428571429
178,30,"two_stage","additive_shared",3,1,0,0,0.0178571428571429
179,31,"two_stage","additive_shared",3,1,0,0,0.0178571428571429
180,32,"two_stage","additive_shared",3,1,0,0,0.0178571428571429
181,33,"two_stage","additive_shared",3,1,0,0,0.0178571428571429
182,34,"two_stage","additive_shared",3,1,0,0,0.0178571428571429
183,35,"two_stage","additive_shared",3,1,0,0,0.0178571428571429
184,36,"two_stage","additive_shared",3,1,0,0,0.0178571428571429
185,37,"two_stage","additive_shared",3,1,0,0,0.0178571428571429
186,1,"one_stage","additive_shared",3,1,0,0,0.0178571428571429
187,2,"one_stage","additive_shared",3,1,0,0,0.0178571428571429
188,3,"one_stage","additive_shared",3,1,0,0,0.0178571428571429
189,4,"one_stage","additive_shared",3,1,0,0,0.0178571428571429
190,5,"one_stage","additive_shared",3,1,0,0,0.0178571428571429
191,6,"one_stage","additive_shared",3,1,0,0,0.0178571428571429
192,7,"one_stage","additive_shared",3,1,0,0,0.0178571428571429
193,8,"one_stage","additive_shared",3,1,0,0,0.0178571428571429
194,9,"one_stage","additive_shared",3,1,0,0,0.0178571428571429
195,10,"one_stage","additive_shared",3,1,0,0,0.0178571428571429
196,11,"one_stage","additive_shared",3,1,0,0,0.0178571428571429
197,12,"one_stage","additive_shared",3,1,0,0,0.0178571428571429
198,13,"one_stage","additive_shared",3,1,0,0,0.0178571428571429
199,14,"one_stage","additive_shared",3,1,0,0,0.0178571428571429
200,15,"one_stage","additive_shared",3,1,0,0,0.0178571428571429
201,16,"one_stage","additive_shared",3,1,0,0,0.0178571428571429
202,17,"one_stage","additive_shared",3,1,0,0,0.0178571428571429
203,18,"one_stage","additive_shared",3,1,0,0,0.0178571428571429
204,19,"one_stage","additive_shared",3,1,0,0,0.0178571428571429
205,20,"one_stage","additive_shared",3,1,0,0,0.0178571428571429
206,21,"one_stage","additive_shared",3,1,0,0,0.0178571428571429
207,22,"one_stage","additive_shared",3,1,0,0,0.0178571428571429
208,23,"one_stage","additive_shared",3,1,0,0,0.0178571428571429
209,24,"one_stage","additive_shared",3,1,0,0,0.0178571428571429
210,25,"one_stage","additive_shared",3,1,0,0,0.0178571428571429
211,26,"one_stage","additive_shared",3,1,0,0,0.0178571428571429
212,27,"one_stage","additive_shared",3,1,0,0,0.0178571428571429
213,28,"one_stage","additive_shared",3,1,0,0,0.0178571428571429
214,29,"one_stage","additive_shared",3,1,0,0,0.0178571428571429
215,30,"one_stage","additive_shared",3,1,0,0,0.0178571428571429
216,31,"one_stage","additive_shared",3,1,0,0,0.0178571428571429
217,32,"one_stage","additive_shared",3,1,0,0,0.0178571428571429
218,33,"one_stage","additive_shared",3,1,0,0,0.0178571428571429
219,34,"one_stage","additive_shared",3,1,0,0,0.0178571428571429
220,35,"one_stage","additive_shared",3,1,0,0,0.0178571428571429
221,36,"one_stage","additive_shared",3,1,0,0,0.0178571428571429
222,37,"one_stage","additive_shared",3,1,0,0,0.0178571428571429
223,1,"two_stage","additive_dose_specific",3,1,0,0,0.0178571428571429
224,2,"two_stage","additive_dose_specific",3,1,0,0,0.0178571428571429
225,3,"two_stage","additive_dose_specific",3,1,0,0,0.0178571428571429
226,4,"two_stage","additive_dose_specific",3,1,0,0,0.0178571428571429
227,5,"two_stage","additive_dose_specific",3,1,0,0,0.0178571428571429
228,6,"two_stage","additive_dose_specific",3,1,0,0,0.0178571428571429
229,7,"two_stage","additive_dose_specific",3,1,0,0,0.0178571428571429
230,8,"two_stage","additive_dose_specific",3,1,0,0,0.0178571428571429
231,9,"two_stage","additive_dose_specific",3,1,0,0,0.0178571428571429
232,10,"two_stage","additive_dose_specific",3,1,0,0,0.0178571428571429
233,11,"two_stage","additive_dose_specific",3,1,0,0,0.0178571428571429
234,12,"two_stage","additive_dose_specific",3,1,0,0,0.0178571428571429
235,13,"two_stage","additive_dose_specific",3,1,0,0,0.0178571428571429
236,14,"two_stage","additive_dose_specific",3,1,0,0,0.0178571428571429
237,15,"two_stage","additive_dose_specific",3,1,0,0,0.0178571428571429
238,16,"two_stage","additive_dose_specific",3,1,0,0,0.0178571428571429
239,17,"two_stage","additive_dose_specific",3,1,0,0,0.0178571428571429
240,18,"two_stage","additive_dose_specific",3,1,0,0,0.0178571428571429
241,19,"two_stage","additive_dose_specific",3,1,0,0,0.0178571428571429
242,20,"two_stage","additive_dose_specific",3,1,0,0,0.0178571428571429
243,21,"two_stage","additive_dose_specific",3,1,0,0,0.0178571428571429
244,22,"two_stage","additive_dose_specific",3,1,0,0,0.0178571428571429
245,23,"two_stage","additive_dose_specific",3,1,0,0,0.0178571428571429
246,24,"two_stage","additive_dose_specific",3,1,0,0,0.0178571428571429
247,25,"two_stage","additive_dose_specific",3,1,0,0,0.0178571428571429
248,26,"two_stage","additive_dose_specific",3,1,0,0,0.0178571428571429
249,27,"two_stage","additive_dose_specific",3,1,0,0,0.0178571428571429
250,28,"two_stage","additive_dose_specific",3,1,0,0,0.0178571428571429
251,29,"two_stage","additive_dose_specific",3,1,0,0,0.0178571428571429
252,30,"two_stage","additive_dose_specific",3,1,0,0,0.0178571428571429
253,31,"two_stage","additive_dose_specific",3,1,0,0,0.0178571428571429
254,32,"two_stage","additive_dose_specific",3,1,0,0,0.0178571428571429
255,33,"two_stage","additive_dose_specific",3,1,0,0,0.0178571428571429
256,34,"two_stage","additive_dose_specific",3,1,0,0,0.0178571428571429
257,35,"two_stage","additive_dose_specific",3,1,0,0,0.0178571428571429
258,36,"two_stage","additive_dose_specific",3,1,0,0,0.0178571428571429
259,37,"two_stage","additive_dose_specific",3,1,0,0,0.0178571428571429
260,1,"one_stage","additive_dose_specific",3,1,0,0,0.0178571428571429
261,2,"one_stage","additive_dose_specific",3,1,0,0,0.0178571428571429
262,3,"one_stage","additive_dose_specific",3,1,0,0,0.0178571428571429
263,4,"one_stage","additive_dose_specific",3,1,0,0,0.0178571428571429
264,5,"one_stage","additive_dose_specific",3,1,0,0,0.0178571428571429
265,6,"one_stage","additive_dose_specific",3,1,0,0,0.0178571428571429
266,7,"one_stage","additive_dose_specific",3,1,0,0,0.0178571428571429
267,8,"one_stage","additive_dose_specific",3,1,0,0,0.0178571428571429
268,9,"one_stage","additive_dose_specific",3,1,0,0,0.0178571428571429
269,10,"one_stage","additive_dose_specific",3,1,0,0,0.0178571428571429
270,11,"one_stage","additive_dose_specific",3,1,0,0,0.0178571428571429
271,12,"one_stage","additive_dose_specific",3,1,0,0,0.0178571428571429
272,13,"one_stage","additive_dose_specific",3,1,0,0,0.0178571428571429
273,14,"one_stage","additive_dose_specific",3,1,0,0,0.0178571428571429
274,15,"one_stage","additive_dose_specific",3,1,0,0,0.0178571428571429
275,16,"one_stage","additive_dose_specific",3,1,0,0,0.0178571428571429
276,17,"one_stage","additive_dose_specific",3,1,0,0,0.0178571428571429
277,18,"one_stage","additive_dose_specific",3,1,0,0,0.0178571428571429
278,19,"one_stage","additive_dose_specific",3,1,0,0,0.0178571428571429
279,20,"one_stage","additive_dose_specific",3,1,0,0,0.0178571428571429
280,21,"one_stage","additive_dose_specific",3,1,0,0,0.0178571428571429
281,22,"one_stage","additive_dose_specific",3,1,0,0,0.0178571428571429
282,23,"one_stage","additive_dose_specific",3,1,0,0,0.0178571428571429
283,24,"one_stage","additive_dose_specific",3,1,0,0,0.0178571428571429
284,25,"one_stage","additive_dose_specific",3,1,0,0,0.0178571428571429
285,26,"one_stage","additive_dose_specific",3,1,0,0,0.0178571428571429
286,27,"one_stage","additive_dose_specific",3,1,0,0,0.0178571428571429
287,28,"one_stage","additive_dose_specific",3,1,0,0,0.0178571428571429
288,29,"one_stage","additive_dose_specific",3,1,0,0,0.0178571428571429
289,30,"one_stage","additive_dose_specific",3,1,0,0,0.0178571428571429
290,31,"one_stage","additive_dose_specific",3,1,0,0,0.0178571428571429
291,32,"one_stage","additive_dose_specific",3,1,0,0,0.0178571428571429
292,33,"one_stage","additive_dose_specific",3,1,0,0,0.0178571428571429
293,34,"one_stage","additive_dose_specific",3,1,0,0,0.0178571428571429
294,35,"one_stage","additive_dose_specific",3,1,0,0,0.0178571428571429
295,36,"one_stage","additive_dose_specific",3,1,0,0,0.0178571428571429
296,37,"one_stage","additive_dose_specific",3,1,0,0,0.0178571428571429
297,1,"two_stage","additive_shared",2,0.3,0.3,0.3,0.0178571428571429
298,2,"two_stage","additive_shared",2,0.3,0.3,0.3,0.0178571428571429
299,3,"two_stage","additive_shared",2,0.3,0.3,0.3,0.0178571428571429
300,4,"two_stage","additive_shared",2,0.3,0.3,0.3,0.0178571428571429
301,5,"two_stage","additive_shared",2,0.3,0.3,0.3,0.0178571428571429
302,6,"two_stage","additive_shared",2,0.3,0.3,0.3,0.0178571428571429
303,7,"two_stage","additive_shared",2,0.3,0.3,0.3,0.0178571428571429
304,8,"two_stage","additive_shared",2,0.3,0.3,0.3,0.0178571428571429
305,9,"two_stage","additive_shared",2,0.3,0.3,0.3,0.0178571428571429
306,10,"two_stage","additive_shared",2,0.3,0.3,0.3,0.0178571428571429
307,11,"two_stage","additive_shared",2,0.3,0.3,0.3,0.0178571428571429
308,12,"two_stage","additive_shared",2,0.3,0.3,0.3,0.0178571428571429
309,13,"two_stage","additive_shared",2,0.3,0.3,0.3,0.0178571428571429
310,14,"two_stage","additive_shared",2,0.3,0.3,0.3,0.0178571428571429
311,15,"two_stage","additive_shared",2,0.3,0.3,0.3,0.0178571428571429
312,16,"two_stage","additive_shared",2,0.3,0.3,0.3,0.0178571428571429
313,17,"two_stage","additive_shared",2,0.3,0.3,0.3,0.0178571428571429
314,18,"two_stage","additive_shared",2,0.3,0.3,0.3,0.0178571428571429
315,19,"two_stage","additive_shared",2,0.3,0.3,0.3,0.0178571428571429
316,20,"two_stage","additive_shared",2,0.3,0.3,0.3,0.0178571428571429
317,21,"two_stage","additive_shared",2,0.3,0.3,0.3,0.0178571428571429
318,22,"two_stage","additive_shared",2,0.3,0.3,0.3,0.0178571428571429
319,23,"two_stage","additive_shared",2,0.3,0.3,0.3,0.0178571428571429
320,24,"two_stage","additive_shared",2,0.3,0.3,0.3,0.0178571428571429
321,25,"two_stage","additive_shared",2,0.3,0.3,0.3,0.0178571428571429
322,26,"two_stage","additive_shared",2,0.3,0.3,0.3,0.0178571428571429
323,27,"two_stage","additive_shared",2,0.3,0.3,0.3,0.0178571428571429
324,28,"two_stage","additive_shared",2,0.3,0.3,0.3,0.0178571428571429
325,29,"two_stage","additive_shared",2,0.3,0.3,0.3,0.0178571428571429
326,30,"two_stage","additive_shared",2,0.3,0.3,0.3,0.0178571428571429
327,31,"two_stage","additive_shared",2,0.3,0.3,0.3,0.0178571428571429
328,32,"two_stage","additive_shared",2,0.3,0.3,0.3,0.0178571428571429
329,33,"two_stage","additive_shared",2,0.3,0.3,0.3,0.0178571428571429
330,34,"two_stage","additive_shared",2,0.3,0.3,0.3,0.0178571428571429
331,35,"two_stage","additive_shared",2,0.3,0.3,0.3,0.0178571428571429
332,36,"two_stage","additive_shared",2,0.3,0.3,0.3,0.0178571428571429
333,37,"two_stage","additive_shared",2,0.3,0.3,0.3,0.0178571428571429
334,1,"one_stage","additive_shared",2,0.3,0.3,0.3,0.0178571428571429
335,2,"one_stage","additive_shared",2,0.3,0.3,0.3,0.0178571428571429
336,3,"one_stage","additive_shared",2,0.3,0.3,0.3,0.0178571428571429
337,4,"one_stage","additive_shared",2,0.3,0.3,0.3,0.0178571428571429
338,5,"one_stage","additive_shared",2,0.3,0.3,0.3,0.0178571428571429
339,6,"one_stage","additive_shared",2,0.3,0.3,0.3,0.0178571428571429
340,7,"one_stage","additive_shared",2,0.3,0.3,0.3,0.0178571428571429
341,8,"one_stage","additive_shared",2,0.3,0.3,0.3,0.0178571428571429
342,9,"one_stage","additive_shared",2,0.3,0.3,0.3,0.0178571428571429
343,10,"one_stage","additive_shared",2,0.3,0.3,0.3,0.0178571428571429
344,11,"one_stage","additive_shared",2,0.3,0.3,0.3,0.0178571428571429
345,12,"one_stage","additive_shared",2,0.3,0.3,0.3,0.0178571428571429
346,13,"one_stage","additive_shared",2,0.3,0.3,0.3,0.0178571428571429
347,14,"one_stage","additive_shared",2,0.3,0.3,0.3,0.0178571428571429
348,15,"one_stage","additive_shared",2,0.3,0.3,0.3,0.0178571428571429
349,16,"one_stage","additive_shared",2,0.3,0.3,0.3,0.0178571428571429
350,17,"one_stage","additive_shared",2,0.3,0.3,0.3,0.0178571428571429
351,18,"one_stage","additive_shared",2,0.3,0.3,0.3,0.0178571428571429
352,19,"one_stage","additive_shared",2,0.3,0.3,0.3,0.0178571428571429
353,20,"one_stage","additive_shared",2,0.3,0.3,0.3,0.0178571428571429
354,21,"one_stage","additive_shared",2,0.3,0.3,0.3,0.0178571428571429
355,22,"one_stage","additive_shared",2,0.3,0.3,0.3,0.0178571428571429
356,23,"one_stage","additive_shared",2,0.3,0.3,0.3,0.0178571428571429
357,24,"one_stage","additive_shared",2,0.3,0.3,0.3,0.0178571428571429
358,25,"one_stage","additive_shared",2,0.3,0.3,0.3,0.0178571428571429
359,26,"one_stage","additive_shared",2,0.3,0.3,0.3,0.0178571428571429
360,27,"one_stage","additive_shared",2,0.3,0.3,0.3,0.0178571428571429
361,28,"one_stage","additive_shared",2,0.3,0.3,0.3,0.0178571428571429
362,29,"one_stage","additive_shared",2,0.3,0.3,0.3,0.0178571428571429
363,30,"one_stage","additive_shared",2,0.3,0.3,0.3,0.0178571428571429
364,31,"one_stage","additive_shared",2,0.3,0.3,0.3,0.0178571428571429
365,32,"one_stage","additive_shared",2,0.3,0.3,0.3,0.0178571428571429
366,33,"one_stage","additive_shared",2,0.3,0.3,0.3,0.0178571428571429
367,34,"one_stage","additive_shared",2,0.3,0.3,0.3,0.0178571428571429
368,35,"one_stage","additive_shared",2,0.3,0.3,0.3,0.0178571428571429
369,36,"one_stage","additive_shared",2,0.3,0.3,0.3,0.0178571428571429
370,37,"one_stage","additive_shared",2,0.3,0.3,0.3,0.0178571428571429
371,1,"two_stage","additive_dose_specific",2,0.3,0.3,0.3,0.0178571428571429
372,2,"two_stage","additive_dose_specific",2,0.3,0.3,0.3,0.0178571428571429
373,3,"two_stage","additive_dose_specific",2,0.3,0.3,0.3,0.0178571428571429
374,4,"two_stage","additive_dose_specific",2,0.3,0.3,0.3,0.0178571428571429
375,5,"two_stage","additive_dose_specific",2,0.3,0.3,0.3,0.0178571428571429
376,6,"two_stage","additive_dose_specific",2,0.3,0.3,0.3,0.0178571428571429
377,7,"two_stage","additive_dose_specific",2,0.3,0.3,0.3,0.0178571428571429
378,8,"two_stage","additive_dose_specific",2,0.3,0.3,0.3,0.0178571428571429
379,9,"two_stage","additive_dose_specific",2,0.3,0.3,0.3,0.0178571428571429
380,10,"two_stage","additive_dose_specific",2,0.3,0.3,0.3,0.0178571428571429
381,11,"two_stage","additive_dose_specific",2,0.3,0.3,0.3,0.0178571428571429
382,12,"two_stage","additive_dose_specific",2,0.3,0.3,0.3,0.0178571428571429
383,13,"two_stage","additive_dose_specific",2,0.3,0.3,0.3,0.0178571428571429
384,14,"two_stage","additive_dose_specific",2,0.3,0.3,0.3,0.0178571428571429
385,15,"two_stage","additive_dose_specific",2,0.3,0.3,0.3,0.0178571428571429
386,16,"two_stage","additive_dose_specific",2,0.3,0.3,0.3,0.0178571428571429
387,17,"two_stage","additive_dose_specific",2,0.3,0.3,0.3,0.0178571428571429
388,18,"two_stage","additive_dose_specific",2,0.3,0.3,0.3,0.0178571428571429
389,19,"two_stage","additive_dose_specific",2,0.3,0.3,0.3,0.0178571428571429
390,20,"two_stage","additive_dose_specific",2,0.3,0.3,0.3,0.0178571428571429
391,21,"two_stage","additive_dose_specific",2,0.3,0.3,0.3,0.0178571428571429
392,22,"two_stage","additive_dose_specific",2,0.3,0.3,0.3,0.0178571428571429
393,23,"two_stage","additive_dose_specific",2,0.3,0.3,0.3,0.0178571428571429
394,24,"two_stage","additive_dose_specific",2,0.3,0.3,0.3,0.0178571428571429
395,25,"two_stage","additive_dose_specific",2,0.3,0.3,0.3,0.0178571428571429
396,26,"two_stage","additive_dose_specific",2,0.3,0.3,0.3,0.0178571428571429
397,27,"two_stage","additive_dose_specific",2,0.3,0.3,0.3,0.0178571428571429
398,28,"two_stage","additive_dose_specific",2,0.3,0.3,0.3,0.0178571428571429
399,29,"two_stage","additive_dose_specific",2,0.3,0.3,0.3,0.0178571428571429
400,30,"two_stage","additive_dose_specific",2,0.3,0.3,0.3,0.0178571428571429
401,31,"two_stage","additive_dose_specific",2,0.3,0.3,0.3,0.0178571428571429
402,32,"two_stage","additive_dose_specific",2,0.3,0.3,0.3,0.0178571428571429
403,33,"two_stage","additive_dose_specific",2,0.3,0.3,0.3,0.0178571428571429
404,34,"two_stage","additive_dose_specific",2,0.3,0.3,0.3,0.0178571428571429
405,35,"two_stage","additive_dose_specific",2,0.3,0.3,0.3,0.0178571428571429
406,36,"two_stage","additive_dose_specific",2,0.3,0.3,0.3,0.0178571428571429
407,37,"two_stage","additive_dose_specific",2,0.3,0.3,0.3,0.0178571428571429
408,1,"one_stage","additive_dose_specific",2,0.3,0.3,0.3,0.0178571428571429
409,2,"one_stage","additive_dose_specific",2,0.3,0.3,0.3,0.0178571428571429
410,3,"one_stage","additive_dose_specific",2,0.3,0.3,0.3,0.0178571428571429
411,4,"one_stage","additive_dose_specific",2,0.3,0.3,0.3,0.0178571428571429
412,5,"one_stage","additive_dose_specific",2,0.3,0.3,0.3,0.0178571428571429
413,6,"one_stage","additive_dose_specific",2,0.3,0.3,0.3,0.0178571428571429
414,7,"one_stage","additive_dose_specific",2,0.3,0.3,0.3,0.0178571428571429
415,8,"one_stage","additive_dose_specific",2,0.3,0.3,0.3,0.0178571428571429
416,9,"one_stage","additive_dose_specific",2,0.3,0.3,0.3,0.0178571428571429
417,10,"one_stage","additive_dose_specific",2,0.3,0.3,0.3,0.0178571428571429
418,11,"one_stage","additive_dose_specific",2,0.3,0.3,0.3,0.0178571428571429
419,12,"one_stage","additive_dose_specific",2,0.3,0.3,0.3,0.0178571428571429
420,13,"one_stage","additive_dose_specific",2,0.3,0.3,0.3,0.0178571428571429
421,14,"one_stage","additive_dose_specific",2,0.3,0.3,0.3,0.0178571428571429
422,15,"one_stage","additive_dose_specific",2,0.3,0.3,0.3,0.0178571428571429
423,16,"one_stage","additive_dose_specific",2,0.3,0.3,0.3,0.0178571428571429
424,17,"one_stage","additive_dose_specific",2,0.3,0.3,0.3,0.0178571428571429
425,18,"one_stage","additive_dose_specific",2,0.3,0.3,0.3,0.0178571428571429
426,19,"one_stage","additive_dose_specific",2,0.3,0.3,0.3,0.0178571428571429
427,20,"one_stage","additive_dose_specific",2,0.3,0.3,0.3,0.0178571428571429
428,21,"one_stage","additive_dose_specific",2,0.3,0.3,0.3,0.0178571428571429
429,22,"one_stage","additive_dose_specific",2,0.3,0.3,0.3,0.0178571428571429
430,23,"one_stage","additive_dose_specific",2,0.3,0.3,0.3,0.0178571428571429
431,24,"one_stage","additive_dose_specific",2,0.3,0.3,0.3,0.0178571428571429
432,25,"one_stage","additive_dose_specific",2,0.3,0.3,0.3,0.0178571428571429
433,26,"one_stage","additive_dose_specific",2,0.3,0.3,0.3,0.0178571428571429
434,27,"one_stage","additive_dose_specific",2,0.3,0.3,0.3,0.0178571428571429
435,28,"one_stage","additive_dose_specific",2,0.3,0.3,0.3,0.0178571428571429
436,29,"one_stage","additive_dose_specific",2,0.3,0.3,0.3,0.0178571428571429
437,30,"one_stage","additive_dose_specific",2,0.3,0.3,0.3,0.0178571428571429
438,31,"one_stage","additive_dose_specific",2,0.3,0.3,0.3,0.0178571428571429
439,32,"one_stage","additive_dose_specific",2,0.3,0.3,0.3,0.0178571428571429
440,33,"one_stage","additive_dose_specific",2,0.3,0.3,0.3,0.0178571428571429
441,34,"one_stage","additive_dose_specific",2,0.3,0.3,0.3,0.0178571428571429
442,35,"one_stage","additive_dose_specific",2,0.3,0.3,0.3,0.0178571428571429
443,36,"one_stage","additive_dose_specific",2,0.3,0.3,0.3,0.0178571428571429
444,37,"one_stage","additive_dose_specific",2,0.3,0.3,0.3,0.0178571428571429
445,1,"two_stage","additive_shared",3,1,0.3,0.3,0.0178571428571429
446,2,"two_stage","additive_shared",3,1,0.3,0.3,0.0178571428571429
447,3,"two_stage","additive_shared",3,1,0.3,0.3,0.0178571428571429
448,4,"two_stage","additive_shared",3,1,0.3,0.3,0.0178571428571429
449,5,"two_stage","additive_shared",3,1,0.3,0.3,0.0178571428571429
450,6,"two_stage","additive_shared",3,1,0.3,0.3,0.0178571428571429
451,7,"two_stage","additive_shared",3,1,0.3,0.3,0.0178571428571429
452,8,"two_stage","additive_shared",3,1,0.3,0.3,0.0178571428571429
453,9,"two_stage","additive_shared",3,1,0.3,0.3,0.0178571428571429
454,10,"two_stage","additive_shared",3,1,0.3,0.3,0.0178571428571429
455,11,"two_stage","additive_shared",3,1,0.3,0.3,0.0178571428571429
456,12,"two_stage","additive_shared",3,1,0.3,0.3,0.0178571428571429
457,13,"two_stage","additive_shared",3,1,0.3,0.3,0.0178571428571429
458,14,"two_stage","additive_shared",3,1,0.3,0.3,0.0178571428571429
459,15,"two_stage","additive_shared",3,1,0.3,0.3,0.0178571428571429
460,16,"two_stage","additive_shared",3,1,0.3,0.3,0.0178571428571429
461,17,"two_stage","additive_shared",3,1,0.3,0.3,0.0178571428571429
462,18,"two_stage","additive_shared",3,1,0.3,0.3,0.0178571428571429
463,19,"two_stage","additive_shared",3,1,0.3,0.3,0.0178571428571429
464,20,"two_stage","additive_shared",3,1,0.3,0.3,0.0178571428571429
465,21,"two_stage","additive_shared",3,1,0.3,0.3,0.0178571428571429
466,22,"two_stage","additive_shared",3,1,0.3,0.3,0.0178571428571429
467,23,"two_stage","additive_shared",3,1,0.3,0.3,0.0178571428571429
468,24,"two_stage","additive_shared",3,1,0.3,0.3,0.0178571428571429
469,25,"two_stage","additive_shared",3,1,0.3,0.3,0.0178571428571429
470,26,"two_stage","additive_shared",3,1,0.3,0.3,0.0178571428571429
471,27,"two_stage","additive_shared",3,1,0.3,0.3,0.0178571428571429
472,28,"two_stage","additive_shared",3,1,0.3,0.3,0.0178571428571429
473,29,"two_stage","additive_shared",3,1,0.3,0.3,0.0178571428571429
474,30,"two_stage","additive_shared",3,1,0.3,0.3,0.0178571428571429
475,31,"two_stage","additive_shared",3,1,0.3,0.3,0.0178571428571429
476,32,"two_stage","additive_shared",3,1,0.3,0.3,0.0178571428571429
477,33,"two_stage","additive_shared",3,1,0.3,0.3,0.0178571428571429
478,34,"two_stage","additive_shared",3,1,0.3,0.3,0.0178571428571429
479,35,"two_stage","additive_shared",3,1,0.3,0.3,0.0178571428571429
480,36,"two_stage","additive_shared",3,1,0.3,0.3,0.0178571428571429
481,37,"two_stage","additive_shared",3,1,0.3,0.3,0.0178571428571429
482,1,"one_stage","additive_shared",3,1,0.3,0.3,0.0178571428571429
483,2,"one_stage","additive_shared",3,1,0.3,0.3,0.0178571428571429
484,3,"one_stage","additive_shared",3,1,0.3,0.3,0.0178571428571429
485,4,"one_stage","additive_shared",3,1,0.3,0.3,0.0178571428571429
486,5,"one_stage","additive_shared",3,1,0.3,0.3,0.0178571428571429
487,6,"one_stage","additive_shared",3,1,0.3,0.3,0.0178571428571429
488,7,"one_stage","additive_shared",3,1,0.3,0.3,0.0178571428571429
489,8,"one_stage","additive_shared",3,1,0.3,0.3,0.0178571428571429
490,9,"one_stage","additive_shared",3,1,0.3,0.3,0.0178571428571429
491,10,"one_stage","additive_shared",3,1,0.3,0.3,0.0178571428571429
492,11,"one_stage","additive_shared",3,1,0.3,0.3,0.0178571428571429
493,12,"one_stage","additive_shared",3,1,0.3,0.3,0.0178571428571429
494,13,"one_stage","additive_shared",3,1,0.3,0.3,0.0178571428571429
495,14,"one_stage","additive_shared",3,1,0.3,0.3,0.0178571428571429
496,15,"one_stage","additive_shared",3,1,0.3,0.3,0.0178571428571429
497,16,"one_stage","additive_shared",3,1,0.3,0.3,0.0178571428571429
498,17,"one_stage","additive_shared",3,1,0.3,0.3,0.0178571428571429
499,18,"one_stage","additive_shared",3,1,0.3,0.3,0.0178571428571429
500,19,"one_stage","additive_shared",3,1,0.3,0.3,0.0178571428571429
501,20,"one_stage","additive_shared",3,1,0.3,0.3,0.0178571428571429
502,21,"one_stage","additive_shared",3,1,0.3,0.3,0.0178571428571429
503,22,"one_stage","additive_shared",3,1,0.3,0.3,0.0178571428571429
504,23,"one_stage","additive_shared",3,1,0.3,0.3,0.0178571428571429
505,24,"one_stage","additive_shared",3,1,0.3,0.3,0.0178571428571429
506,25,"one_stage","additive_shared",3,1,0.3,0.3,0.0178571428571429
507,26,"one_stage","additive_shared",3,1,0.3,0.3,0.0178571428571429
508,27,"one_stage","additive_shared",3,1,0.3,0.3,0.0178571428571429
509,28,"one_stage","additive_shared",3,1,0.3,0.3,0.0178571428571429
510,29,"one_stage","additive_shared",3,1,0.3,0.3,0.0178571428571429
511,30,"one_stage","additive_shared",3,1,0.3,0.3,0.0178571428571429
512,31,"one_stage","additive_shared",3,1,0.3,0.3,0.0178571428571429
513,32,"one_stage","additive_shared",3,1,0.3,0.3,0.0178571428571429
514,33,"one_stage","additive_shared",3,1,0.3,0.3,0.0178571428571429
515,34,"one_stage","additive_shared",3,1,0.3,0.3,0.0178571428571429
516,35,"one_stage","additive_shared",3,1,0.3,0.3,0.0178571428571429
517,36,"one_stage","additive_shared",3,1,0.3,0.3,0.0178571428571429
518,37,"one_stage","additive_shared",3,1,0.3,0.3,0.0178571428571429
519,1,"two_stage","additive_dose_specific",3,1,0.3,0.3,0.0178571428571429
520,2,"two_stage","additive_dose_specific",3,1,0.3,0.3,0.0178571428571429
521,3,"two_stage","additive_dose_specific",3,1,0.3,0.3,0.0178571428571429
522,4,"two_stage","additive_dose_specific",3,1,0.3,0.3,0.0178571428571429
523,5,"two_stage","additive_dose_specific",3,1,0.3,0.3,0.0178571428571429
524,6,"two_stage","additive_dose_specific",3,1,0.3,0.3,0.0178571428571429
525,7,"two_stage","additive_dose_specific",3,1,0.3,0.3,0.0178571428571429
526,8,"two_stage","additive_dose_specific",3,1,0.3,0.3,0.0178571428571429
527,9,"two_stage","additive_dose_specific",3,1,0.3,0.3,0.0178571428571429
528,10,"two_stage","additive_dose_specific",3,1,0.3,0.3,0.0178571428571429
529,11,"two_stage","additive_dose_specific",3,1,0.3,0.3,0.0178571428571429
530,12,"two_stage","additive_dose_specific",3,1,0.3,0.3,0.0178571428571429
531,13,"two_stage","additive_dose_specific",3,1,0.3,0.3,0.0178571428571429
532,14,"two_stage","additive_dose_specific",3,1,0.3,0.3,0.0178571428571429
533,15,"two_stage","additive_dose_specific",3,1,0.3,0.3,0.0178571428571429
534,16,"two_stage","additive_dose_specific",3,1,0.3,0.3,0.0178571428571429
535,17,"two_stage","additive_dose_specific",3,1,0.3,0.3,0.0178571428571429
536,18,"two_stage","additive_dose_specific",3,1,0.3,0.3,0.0178571428571429
537,19,"two_stage","additive_dose_specific",3,1,0.3,0.3,0.0178571428571429
538,20,"two_stage","additive_dose_specific",3,1,0.3,0.3,0.0178571428571429
539,21,"two_stage","additive_dose_specific",3,1,0.3,0.3,0.0178571428571429
540,22,"two_stage","additive_dose_specific",3,1,0.3,0.3,0.0178571428571429
541,23,"two_stage","additive_dose_specific",3,1,0.3,0.3,0.0178571428571429
542,24,"two_stage","additive_dose_specific",3,1,0.3,0.3,0.0178571428571429
543,25,"two_stage","additive_dose_specific",3,1,0.3,0.3,0.0178571428571429
544,26,"two_stage","additive_dose_specific",3,1,0.3,0.3,0.0178571428571429
545,27,"two_stage","additive_dose_specific",3,1,0.3,0.3,0.0178571428571429
546,28,"two_stage","additive_dose_specific",3,1,0.3,0.3,0.0178571428571429
547,29,"two_stage","additive_dose_specific",3,1,0.3,0.3,0.0178571428571429
548,30,"two_stage","additive_dose_specific",3,1,0.3,0.3,0.0178571428571429
549,31,"two_stage","additive_dose_specific",3,1,0.3,0.3,0.0178571428571429
550,32,"two_stage","additive_dose_specific",3,1,0.3,0.3,0.0178571428571429
551,33,"two_stage","additive_dose_specific",3,1,0.3,0.3,0.0178571428571429
552,34,"two_stage","additive_dose_specific",3,1,0.3,0.3,0.0178571428571429
553,35,"two_stage","additive_dose_specific",3,1,0.3,0.3,0.0178571428571429
554,36,"two_stage","additive_dose_specific",3,1,0.3,0.3,0.0178571428571429
555,37,"two_stage","additive_dose_specific",3,1,0.3,0.3,0.0178571428571429
556,1,"one_stage","additive_dose_specific",3,1,0.3,0.3,0.0178571428571429
557,2,"one_stage","additive_dose_specific",3,1,0.3,0.3,0.0178571428571429
558,3,"one_stage","additive_dose_specific",3,1,0.3,0.3,0.0178571428571429
559,4,"one_stage","additive_dose_specific",3,1,0.3,0.3,0.0178571428571429
560,5,"one_stage","additive_dose_specific",3,1,0.3,0.3,0.0178571428571429
561,6,"one_stage","additive_dose_specific",3,1,0.3,0.3,0.0178571428571429
562,7,"one_stage","additive_dose_specific",3,1,0.3,0.3,0.0178571428571429
563,8,"one_stage","additive_dose_specific",3,1,0.3,0.3,0.0178571428571429
564,9,"one_stage","additive_dose_specific",3,1,0.3,0.3,0.0178571428571429
565,10,"one_stage","additive_dose_specific",3,1,0.3,0.3,0.0178571428571429
566,11,"one_stage","additive_dose_specific",3,1,0.3,0.3,0.0178571428571429
567,12,"one_stage","additive_dose_specific",3,1,0.3,0.3,0.0178571428571429
568,13,"one_stage","additive_dose_specific",3,1,0.3,0.3,0.0178571428571429
569,14,"one_stage","additive_dose_specific",3,1,0.3,0.3,0.0178571428571429
570,15,"one_stage","additive_dose_specific",3,1,0.3,0.3,0.0178571428571429
571,16,"one_stage","additive_dose_specific",3,1,0.3,0.3,0.0178571428571429
572,17,"one_stage","additive_dose_specific",3,1,0.3,0.3,0.0178571428571429
573,18,"one_stage","additive_dose_specific",3,1,0.3,0.3,0.0178571428571429
574,19,"one_stage","additive_dose_specific",3,1,0.3,0.3,0.0178571428571429
575,20,"one_stage","additive_dose_specific",3,1,0.3,0.3,0.0178571428571429
576,21,"one_stage","additive_dose_specific",3,1,0.3,0.3,0.0178571428571429
577,22,"one_stage","additive_dose_specific",3,1,0.3,0.3,0.0178571428571429
578,23,"one_stage","additive_dose_specific",3,1,0.3,0.3,0.0178571428571429
579,24,"one_stage","additive_dose_specific",3,1,0.3,0.3,0.0178571428571429
580,25,"one_stage","additive_dose_specific",3,1,0.3,0.3,0.0178571428571429
581,26,"one_stage","additive_dose_specific",3,1,0.3,0.3,0.0178571428571429
582,27,"one_stage","additive_dose_specific",3,1,0.3,0.3,0.0178571428571429
583,28,"one_stage","additive_dose_specific",3,1,0.3,0.3,0.0178571428571429
584,29,"one_stage","additive_dose_specific",3,1,0.3,0.3,0.0178571428571429
585,30,"one_stage","additive_dose_specific",3,1,0.3,0.3,0.0178571428571429
586,31,"one_stage","additive_dose_specific",3,1,0.3,0.3,0.0178571428571429
587,32,"one_stage","additive_dose_specific",3,1,0.3,0.3,0.0178571428571429
588,33,"one_stage","additive_dose_specific",3,1,0.3,0.3,0.0178571428571429
589,34,"one_stage","additive_dose_specific",3,1,0.3,0.3,0.0178571428571429
590,35,"one_stage","additive_dose_specific",3,1,0.3,0.3,0.0178571428571429
591,36,"one_stage","additive_dose_specific",3,1,0.3,0.3,0.0178571428571429
592,37,"one_stage","additive_dose_specific",3,1,0.3,0.3,0.0178571428571429
593,1,"two_stage","additive_shared",2,0.3,0.6,0.6,0.0178571428571429
594,2,"two_stage","additive_shared",2,0.3,0.6,0.6,0.0178571428571429
595,3,"two_stage","additive_shared",2,0.3,0.6,0.6,0.0178571428571429
596,4,"two_stage","additive_shared",2,0.3,0.6,0.6,0.0178571428571429
597,5,"two_stage","additive_shared",2,0.3,0.6,0.6,0.0178571428571429
598,6,"two_stage","additive_shared",2,0.3,0.6,0.6,0.0178571428571429
599,7,"two_stage","additive_shared",2,0.3,0.6,0.6,0.0178571428571429
600,8,"two_stage","additive_shared",2,0.3,0.6,0.6,0.0178571428571429
601,9,"two_stage","additive_shared",2,0.3,0.6,0.6,0.0178571428571429
602,10,"two_stage","additive_shared",2,0.3,0.6,0.6,0.0178571428571429
603,11,"two_stage","additive_shared",2,0.3,0.6,0.6,0.0178571428571429
604,12,"two_stage","additive_shared",2,0.3,0.6,0.6,0.0178571428571429
605,13,"two_stage","additive_shared",2,0.3,0.6,0.6,0.0178571428571429
606,14,"two_stage","additive_shared",2,0.3,0.6,0.6,0.0178571428571429
607,15,"two_stage","additive_shared",2,0.3,0.6,0.6,0.0178571428571429
608,16,"two_stage","additive_shared",2,0.3,0.6,0.6,0.0178571428571429
609,17,"two_stage","additive_shared",2,0.3,0.6,0.6,0.0178571428571429
610,18,"two_stage","additive_shared",2,0.3,0.6,0.6,0.0178571428571429
611,19,"two_stage","additive_shared",2,0.3,0.6,0.6,0.0178571428571429
612,20,"two_stage","additive_shared",2,0.3,0.6,0.6,0.0178571428571429
613,21,"two_stage","additive_shared",2,0.3,0.6,0.6,0.0178571428571429
614,22,"two_stage","additive_shared",2,0.3,0.6,0.6,0.0178571428571429
615,23,"two_stage","additive_shared",2,0.3,0.6,0.6,0.0178571428571429
616,24,"two_stage","additive_shared",2,0.3,0.6,0.6,0.0178571428571429
617,25,"two_stage","additive_shared",2,0.3,0.6,0.6,0.0178571428571429
618,26,"two_stage","additive_shared",2,0.3,0.6,0.6,0.0178571428571429
619,27,"two_stage","additive_shared",2,0.3,0.6,0.6,0.0178571428571429
620,28,"two_stage","additive_shared",2,0.3,0.6,0.6,0.0178571428571429
621,29,"two_stage","additive_shared",2,0.3,0.6,0.6,0.0178571428571429
622,30,"two_stage","additive_shared",2,0.3,0.6,0.6,0.0178571428571429
623,31,"two_stage","additive_shared",2,0.3,0.6,0.6,0.0178571428571429
624,32,"two_stage","additive_shared",2,0.3,0.6,0.6,0.0178571428571429
625,33,"two_stage","additive_shared",2,0.3,0.6,0.6,0.0178571428571429
626,34,"two_stage","additive_shared",2,0.3,0.6,0.6,0.0178571428571429
627,35,"two_stage","additive_shared",2,0.3,0.6,0.6,0.0178571428571429
628,36,"two_stage","additive_shared",2,0.3,0.6,0.6,0.0178571428571429
629,37,"two_stage","additive_shared",2,0.3,0.6,0.6,0.0178571428571429
630,1,"one_stage","additive_shared",2,0.3,0.6,0.6,0.0178571428571429
631,2,"one_stage","additive_shared",2,0.3,0.6,0.6,0.0178571428571429
632,3,"one_stage","additive_shared",2,0.3,0.6,0.6,0.0178571428571429
633,4,"one_stage","additive_shared",2,0.3,0.6,0.6,0.0178571428571429
634,5,"one_stage","additive_shared",2,0.3,0.6,0.6,0.0178571428571429
635,6,"one_stage","additive_shared",2,0.3,0.6,0.6,0.0178571428571429
636,7,"one_stage","additive_shared",2,0.3,0.6,0.6,0.0178571428571429
637,8,"one_stage","additive_shared",2,0.3,0.6,0.6,0.0178571428571429
638,9,"one_stage","additive_shared",2,0.3,0.6,0.6,0.0178571428571429
639,10,"one_stage","additive_shared",2,0.3,0.6,0.6,0.0178571428571429
640,11,"one_stage","additive_shared",2,0.3,0.6,0.6,0.0178571428571429
641,12,"one_stage","additive_shared",2,0.3,0.6,0.6,0.0178571428571429
642,13,"one_stage","additive_shared",2,0.3,0.6,0.6,0.0178571428571429
643,14,"one_stage","additive_shared",2,0.3,0.6,0.6,0.0178571428571429
644,15,"one_stage","additive_shared",2,0.3,0.6,0.6,0.0178571428571429
645,16,"one_stage","additive_shared",2,0.3,0.6,0.6,0.0178571428571429
646,17,"one_stage","additive_shared",2,0.3,0.6,0.6,0.0178571428571429
647,18,"one_stage","additive_shared",2,0.3,0.6,0.6,0.0178571428571429
648,19,"one_stage","additive_shared",2,0.3,0.6,0.6,0.0178571428571429
649,20,"one_stage","additive_shared",2,0.3,0.6,0.6,0.0178571428571429
650,21,"one_stage","additive_shared",2,0.3,0.6,0.6,0.0178571428571429
651,22,"one_stage","additive_shared",2,0.3,0.6,0.6,0.0178571428571429
652,23,"one_stage","additive_shared",2,0.3,0.6,0.6,0.0178571428571429
653,24,"one_stage","additive_shared",2,0.3,0.6,0.6,0.0178571428571429
654,25,"one_stage","additive_shared",2,0.3,0.6,0.6,0.0178571428571429
655,26,"one_stage","additive_shared",2,0.3,0.6,0.6,0.0178571428571429
656,27,"one_stage","additive_shared",2,0.3,0.6,0.6,0.0178571428571429
657,28,"one_stage","additive_shared",2,0.3,0.6,0.6,0.0178571428571429
658,29,"one_stage","additive_shared",2,0.3,0.6,0.6,0.0178571428571429
659,30,"one_stage","additive_shared",2,0.3,0.6,0.6,0.0178571428571429
660,31,"one_stage","additive_shared",2,0.3,0.6,0.6,0.0178571428571429
661,32,"one_stage","additive_shared",2,0.3,0.6,0.6,0.0178571428571429
662,33,"one_stage","additive_shared",2,0.3,0.6,0.6,0.0178571428571429
663,34,"one_stage","additive_shared",2,0.3,0.6,0.6,0.0178571428571429
664,35,"one_stage","additive_shared",2,0.3,0.6,0.6,0.0178571428571429
665,36,"one_stage","additive_shared",2,0.3,0.6,0.6,0.0178571428571429
666,37,"one_stage","additive_shared",2,0.3,0.6,0.6,0.0178571428571429
667,1,"two_stage","additive_dose_specific",2,0.3,0.6,0.6,0.0178571428571429
668,2,"two_stage","additive_dose_specific",2,0.3,0.6,0.6,0.0178571428571429
669,3,"two_stage","additive_dose_specific",2,0.3,0.6,0.6,0.0178571428571429
670,4,"two_stage","additive_dose_specific",2,0.3,0.6,0.6,0.0178571428571429
671,5,"two_stage","additive_dose_specific",2,0.3,0.6,0.6,0.0178571428571429
672,6,"two_stage","additive_dose_specific",2,0.3,0.6,0.6,0.0178571428571429
673,7,"two_stage","additive_dose_specific",2,0.3,0.6,0.6,0.0178571428571429
674,8,"two_stage","additive_dose_specific",2,0.3,0.6,0.6,0.0178571428571429
675,9,"two_stage","additive_dose_specific",2,0.3,0.6,0.6,0.0178571428571429
676,10,"two_stage","additive_dose_specific",2,0.3,0.6,0.6,0.0178571428571429
677,11,"two_stage","additive_dose_specific",2,0.3,0.6,0.6,0.0178571428571429
678,12,"two_stage","additive_dose_specific",2,0.3,0.6,0.6,0.0178571428571429
679,13,"two_stage","additive_dose_specific",2,0.3,0.6,0.6,0.0178571428571429
680,14,"two_stage","additive_dose_specific",2,0.3,0.6,0.6,0.0178571428571429
681,15,"two_stage","additive_dose_specific",2,0.3,0.6,0.6,0.0178571428571429
682,16,"two_stage","additive_dose_specific",2,0.3,0.6,0.6,0.0178571428571429
683,17,"two_stage","additive_dose_specific",2,0.3,0.6,0.6,0.0178571428571429
684,18,"two_stage","additive_dose_specific",2,0.3,0.6,0.6,0.0178571428571429
685,19,"two_stage","additive_dose_specific",2,0.3,0.6,0.6,0.0178571428571429
686,20,"two_stage","additive_dose_specific",2,0.3,0.6,0.6,0.0178571428571429
687,21,"two_stage","additive_dose_specific",2,0.3,0.6,0.6,0.0178571428571429
688,22,"two_stage","additive_dose_specific",2,0.3,0.6,0.6,0.0178571428571429
689,23,"two_stage","additive_dose_specific",2,0.3,0.6,0.6,0.0178571428571429
690,24,"two_stage","additive_dose_specific",2,0.3,0.6,0.6,0.0178571428571429
691,25,"two_stage","additive_dose_specific",2,0.3,0.6,0.6,0.0178571428571429
692,26,"two_stage","additive_dose_specific",2,0.3,0.6,0.6,0.0178571428571429
693,27,"two_stage","additive_dose_specific",2,0.3,0.6,0.6,0.0178571428571429
694,28,"two_stage","additive_dose_specific",2,0.3,0.6,0.6,0.0178571428571429
695,29,"two_stage","additive_dose_specific",2,0.3,0.6,0.6,0.0178571428571429
696,30,"two_stage","additive_dose_specific",2,0.3,0.6,0.6,0.0178571428571429
697,31,"two_stage","additive_dose_specific",2,0.3,0.6,0.6,0.0178571428571429
698,32,"two_stage","additive_dose_specific",2,0.3,0.6,0.6,0.0178571428571429
699,33,"two_stage","additive_dose_specific",2,0.3,0.6,0.6,0.0178571428571429
700,34,"two_stage","additive_dose_specific",2,0.3,0.6,0.6,0.0178571428571429
701,35,"two_stage","additive_dose_specific",2,0.3,0.6,0.6,0.0178571428571429
702,36,"two_stage","additive_dose_specific",2,0.3,0.6,0.6,0.0178571428571429
703,37,"two_stage","additive_dose_specific",2,0.3,0.6,0.6,0.0178571428571429
704,1,"one_stage","additive_dose_specific",2,0.3,0.6,0.6,0.0178571428571429
705,2,"one_stage","additive_dose_specific",2,0.3,0.6,0.6,0.0178571428571429
706,3,"one_stage","additive_dose_specific",2,0.3,0.6,0.6,0.0178571428571429
707,4,"one_stage","additive_dose_specific",2,0.3,0.6,0.6,0.0178571428571429
708,5,"one_stage","additive_dose_specific",2,0.3,0.6,0.6,0.0178571428571429
709,6,"one_stage","additive_dose_specific",2,0.3,0.6,0.6,0.0178571428571429
710,7,"one_stage","additive_dose_specific",2,0.3,0.6,0.6,0.0178571428571429
711,8,"one_stage","additive_dose_specific",2,0.3,0.6,0.6,0.0178571428571429
712,9,"one_stage","additive_dose_specific",2,0.3,0.6,0.6,0.0178571428571429
713,10,"one_stage","additive_dose_specific",2,0.3,0.6,0.6,0.0178571428571429
714,11,"one_stage","additive_dose_specific",2,0.3,0.6,0.6,0.0178571428571429
715,12,"one_stage","additive_dose_specific",2,0.3,0.6,0.6,0.0178571428571429
716,13,"one_stage","additive_dose_specific",2,0.3,0.6,0.6,0.0178571428571429
717,14,"one_stage","additive_dose_specific",2,0.3,0.6,0.6,0.0178571428571429
718,15,"one_stage","additive_dose_specific",2,0.3,0.6,0.6,0.0178571428571429
719,16,"one_stage","additive_dose_specific",2,0.3,0.6,0.6,0.0178571428571429
720,17,"one_stage","additive_dose_specific",2,0.3,0.6,0.6,0.0178571428571429
721,18,"one_stage","additive_dose_specific",2,0.3,0.6,0.6,0.0178571428571429
722,19,"one_stage","additive_dose_specific",2,0.3,0.6,0.6,0.0178571428571429
723,20,"one_stage","additive_dose_specific",2,0.3,0.6,0.6,0.0178571428571429
724,21,"one_stage","additive_dose_specific",2,0.3,0.6,0.6,0.0178571428571429
725,22,"one_stage","additive_dose_specific",2,0.3,0.6,0.6,0.0178571428571429
726,23,"one_stage","additive_dose_specific",2,0.3,0.6,0.6,0.0178571428571429
727,24,"one_stage","additive_dose_specific",2,0.3,0.6,0.6,0.0178571428571429
728,25,"one_stage","additive_dose_specific",2,0.3,0.6,0.6,0.0178571428571429
729,26,"one_stage","additive_dose_specific",2,0.3,0.6,0.6,0.0178571428571429
730,27,"one_stage","additive_dose_specific",2,0.3,0.6,0.6,0.0178571428571429
731,28,"one_stage","additive_dose_specific",2,0.3,0.6,0.6,0.0178571428571429
732,29,"one_stage","additive_dose_specific",2,0.3,0.6,0.6,0.0178571428571429
733,30,"one_stage","additive_dose_specific",2,0.3,0.6,0.6,0.0178571428571429
734,31,"one_stage","additive_dose_specific",2,0.3,0.6,0.6,0.0178571428571429
735,32,"one_stage","additive_dose_specific",2,0.3,0.6,0.6,0.0178571428571429
736,33,"one_stage","additive_dose_specific",2,0.3,0.6,0.6,0.0178571428571429
737,34,"one_stage","additive_dose_specific",2,0.3,0.6,0.6,0.0178571428571429
738,35,"one_stage","additive_dose_specific",2,0.3,0.6,0.6,0.0178571428571429
739,36,"one_stage","additive_dose_specific",2,0.3,0.6,0.6,0.0178571428571429
740,37,"one_stage","additive_dose_specific",2,0.3,0.6,0.6,0.0178571428571429
741,1,"two_stage","additive_shared",3,1,0.6,0.6,0.0178571428571429
742,2,"two_stage","additive_shared",3,1,0.6,0.6,0.0178571428571429
743,3,"two_stage","additive_shared",3,1,0.6,0.6,0.0178571428571429
744,4,"two_stage","additive_shared",3,1,0.6,0.6,0.0178571428571429
745,5,"two_stage","additive_shared",3,1,0.6,0.6,0.0178571428571429
746,6,"two_stage","additive_shared",3,1,0.6,0.6,0.0178571428571429
747,7,"two_stage","additive_shared",3,1,0.6,0.6,0.0178571428571429
748,8,"two_stage","additive_shared",3,1,0.6,0.6,0.0178571428571429
749,9,"two_stage","additive_shared",3,1,0.6,0.6,0.0178571428571429
750,10,"two_stage","additive_shared",3,1,0.6,0.6,0.0178571428571429
751,11,"two_stage","additive_shared",3,1,0.6,0.6,0.0178571428571429
752,12,"two_stage","additive_shared",3,1,0.6,0.6,0.0178571428571429
753,13,"two_stage","additive_shared",3,1,0.6,0.6,0.0178571428571429
754,14,"two_stage","additive_shared",3,1,0.6,0.6,0.0178571428571429
755,15,"two_stage","additive_shared",3,1,0.6,0.6,0.0178571428571429
756,16,"two_stage","additive_shared",3,1,0.6,0.6,0.0178571428571429
757,17,"two_stage","additive_shared",3,1,0.6,0.6,0.0178571428571429
758,18,"two_stage","additive_shared",3,1,0.6,0.6,0.0178571428571429
759,19,"two_stage","additive_shared",3,1,0.6,0.6,0.0178571428571429
760,20,"two_stage","additive_shared",3,1,0.6,0.6,0.0178571428571429
761,21,"two_stage","additive_shared",3,1,0.6,0.6,0.0178571428571429
762,22,"two_stage","additive_shared",3,1,0.6,0.6,0.0178571428571429
763,23,"two_stage","additive_shared",3,1,0.6,0.6,0.0178571428571429
764,24,"two_stage","additive_shared",3,1,0.6,0.6,0.0178571428571429
765,25,"two_stage","additive_shared",3,1,0.6,0.6,0.0178571428571429
766,26,"two_stage","additive_shared",3,1,0.6,0.6,0.0178571428571429
767,27,"two_stage","additive_shared",3,1,0.6,0.6,0.0178571428571429
768,28,"two_stage","additive_shared",3,1,0.6,0.6,0.0178571428571429
769,29,"two_stage","additive_shared",3,1,0.6,0.6,0.0178571428571429
770,30,"two_stage","additive_shared",3,1,0.6,0.6,0.0178571428571429
771,31,"two_stage","additive_shared",3,1,0.6,0.6,0.0178571428571429
772,32,"two_stage","additive_shared",3,1,0.6,0.6,0.0178571428571429
773,33,"two_stage","additive_shared",3,1,0.6,0.6,0.0178571428571429
774,34,"two_stage","additive_shared",3,1,0.6,0.6,0.0178571428571429
775,35,"two_stage","additive_shared",3,1,0.6,0.6,0.0178571428571429
776,36,"two_stage","additive_shared",3,1,0.6,0.6,0.0178571428571429
777,37,"two_stage","additive_shared",3,1,0.6,0.6,0.0178571428571429
778,1,"one_stage","additive_shared",3,1,0.6,0.6,0.0178571428571429
779,2,"one_stage","additive_shared",3,1,0.6,0.6,0.0178571428571429
780,3,"one_stage","additive_shared",3,1,0.6,0.6,0.0178571428571429
781,4,"one_stage","additive_shared",3,1,0.6,0.6,0.0178571428571429
782,5,"one_stage","additive_shared",3,1,0.6,0.6,0.0178571428571429
783,6,"one_stage","additive_shared",3,1,0.6,0.6,0.0178571428571429
784,7,"one_stage","additive_shared",3,1,0.6,0.6,0.0178571428571429
785,8,"one_stage","additive_shared",3,1,0.6,0.6,0.0178571428571429
786,9,"one_stage","additive_shared",3,1,0.6,0.6,0.0178571428571429
787,10,"one_stage","additive_shared",3,1,0.6,0.6,0.0178571428571429
788,11,"one_stage","additive_shared",3,1,0.6,0.6,0.0178571428571429
789,12,"one_stage","additive_shared",3,1,0.6,0.6,0.0178571428571429
790,13,"one_stage","additive_shared",3,1,0.6,0.6,0.0178571428571429
791,14,"one_stage","additive_shared",3,1,0.6,0.6,0.0178571428571429
792,15,"one_stage","additive_shared",3,1,0.6,0.6,0.0178571428571429
793,16,"one_stage","additive_shared",3,1,0.6,0.6,0.0178571428571429
794,17,"one_stage","additive_shared",3,1,0.6,0.6,0.0178571428571429
795,18,"one_stage","additive_shared",3,1,0.6,0.6,0.0178571428571429
796,19,"one_stage","additive_shared",3,1,0.6,0.6,0.0178571428571429
797,20,"one_stage","additive_shared",3,1,0.6,0.6,0.0178571428571429
798,21,"one_stage","additive_shared",3,1,0.6,0.6,0.0178571428571429
799,22,"one_stage","additive_shared",3,1,0.6,0.6,0.0178571428571429
800,23,"one_stage","additive_shared",3,1,0.6,0.6,0.0178571428571429
801,24,"one_stage","additive_shared",3,1,0.6,0.6,0.0178571428571429
802,25,"one_stage","additive_shared",3,1,0.6,0.6,0.0178571428571429
803,26,"one_stage","additive_shared",3,1,0.6,0.6,0.0178571428571429
804,27,"one_stage","additive_shared",3,1,0.6,0.6,0.0178571428571429
805,28,"one_stage","additive_shared",3,1,0.6,0.6,0.0178571428571429
806,29,"one_stage","additive_shared",3,1,0.6,0.6,0.0178571428571429
807,30,"one_stage","additive_shared",3,1,0.6,0.6,0.0178571428571429
808,31,"one_stage","additive_shared",3,1,0.6,0.6,0.0178571428571429
809,32,"one_stage","additive_shared",3,1,0.6,0.6,0.0178571428571429
810,33,"one_stage","additive_shared",3,1,0.6,0.6,0.0178571428571429
811,34,"one_stage","additive_shared",3,1,0.6,0.6,0.0178571428571429
812,35,"one_stage","additive_shared",3,1,0.6,0.6,0.0178571428571429
813,36,"one_stage","additive_shared",3,1,0.6,0.6,0.0178571428571429
814,37,"one_stage","additive_shared",3,1,0.6,0.6,0.0178571428571429
815,1,"two_stage","additive_dose_specific",3,1,0.6,0.6,0.0178571428571429
816,2,"two_stage","additive_dose_specific",3,1,0.6,0.6,0.0178571428571429
817,3,"two_stage","additive_dose_specific",3,1,0.6,0.6,0.0178571428571429
818,4,"two_stage","additive_dose_specific",3,1,0.6,0.6,0.0178571428571429
819,5,"two_stage","additive_dose_specific",3,1,0.6,0.6,0.0178571428571429
820,6,"two_stage","additive_dose_specific",3,1,0.6,0.6,0.0178571428571429
821,7,"two_stage","additive_dose_specific",3,1,0.6,0.6,0.0178571428571429
822,8,"two_stage","additive_dose_specific",3,1,0.6,0.6,0.0178571428571429
823,9,"two_stage","additive_dose_specific",3,1,0.6,0.6,0.0178571428571429
824,10,"two_stage","additive_dose_specific",3,1,0.6,0.6,0.0178571428571429
825,11,"two_stage","additive_dose_specific",3,1,0.6,0.6,0.0178571428571429
826,12,"two_stage","additive_dose_specific",3,1,0.6,0.6,0.0178571428571429
827,13,"two_stage","additive_dose_specific",3,1,0.6,0.6,0.0178571428571429
828,14,"two_stage","additive_dose_specific",3,1,0.6,0.6,0.0178571428571429
829,15,"two_stage","additive_dose_specific",3,1,0.6,0.6,0.0178571428571429
830,16,"two_stage","additive_dose_specific",3,1,0.6,0.6,0.0178571428571429
831,17,"two_stage","additive_dose_specific",3,1,0.6,0.6,0.0178571428571429
832,18,"two_stage","additive_dose_specific",3,1,0.6,0.6,0.0178571428571429
833,19,"two_stage","additive_dose_specific",3,1,0.6,0.6,0.0178571428571429
834,20,"two_stage","additive_dose_specific",3,1,0.6,0.6,0.0178571428571429
835,21,"two_stage","additive_dose_specific",3,1,0.6,0.6,0.0178571428571429
836,22,"two_stage","additive_dose_specific",3,1,0.6,0.6,0.0178571428571429
837,23,"two_stage","additive_dose_specific",3,1,0.6,0.6,0.0178571428571429
838,24,"two_stage","additive_dose_specific",3,1,0.6,0.6,0.0178571428571429
839,25,"two_stage","additive_dose_specific",3,1,0.6,0.6,0.0178571428571429
840,26,"two_stage","additive_dose_specific",3,1,0.6,0.6,0.0178571428571429
841,27,"two_stage","additive_dose_specific",3,1,0.6,0.6,0.0178571428571429
842,28,"two_stage","additive_dose_specific",3,1,0.6,0.6,0.0178571428571429
843,29,"two_stage","additive_dose_specific",3,1,0.6,0.6,0.0178571428571429
844,30,"two_stage","additive_dose_specific",3,1,0.6,0.6,0.0178571428571429
845,31,"two_stage","additive_dose_specific",3,1,0.6,0.6,0.0178571428571429
846,32,"two_stage","additive_dose_specific",3,1,0.6,0.6,0.0178571428571429
847,33,"two_stage","additive_dose_specific",3,1,0.6,0.6,0.0178571428571429
848,34,"two_stage","additive_dose_specific",3,1,0.6,0.6,0.0178571428571429
849,35,"two_stage","additive_dose_specific",3,1,0.6,0.6,0.0178571428571429
850,36,"two_stage","additive_dose_specific",3,1,0.6,0.6,0.0178571428571429
851,37,"two_stage","additive_dose_specific",3,1,0.6,0.6,0.0178571428571429
852,1,"one_stage","additive_dose_specific",3,1,0.6,0.6,0.0178571428571429
853,2,"one_stage","additive_dose_specific",3,1,0.6,0.6,0.0178571428571429
854,3,"one_stage","additive_dose_specific",3,1,0.6,0.6,0.0178571428571429
855,4,"one_stage","additive_dose_specific",3,1,0.6,0.6,0.0178571428571429
856,5,"one_stage","additive_dose_specific",3,1,0.6,0.6,0.0178571428571429
857,6,"one_stage","additive_dose_specific",3,1,0.6,0.6,0.0178571428571429
858,7,"one_stage","additive_dose_specific",3,1,0.6,0.6,0.0178571428571429
859,8,"one_stage","additive_dose_specific",3,1,0.6,0.6,0.0178571428571429
860,9,"one_stage","additive_dose_specific",3,1,0.6,0.6,0.0178571428571429
861,10,"one_stage","additive_dose_specific",3,1,0.6,0.6,0.0178571428571429
862,11,"one_stage","additive_dose_specific",3,1,0.6,0.6,0.0178571428571429
863,12,"one_stage","additive_dose_specific",3,1,0.6,0.6,0.0178571428571429
864,13,"one_stage","additive_dose_specific",3,1,0.6,0.6,0.0178571428571429
865,14,"one_stage","additive_dose_specific",3,1,0.6,0.6,0.0178571428571429
866,15,"one_stage","additive_dose_specific",3,1,0.6,0.6,0.0178571428571429
867,16,"one_stage","additive_dose_specific",3,1,0.6,0.6,0.0178571428571429
868,17,"one_stage","additive_dose_specific",3,1,0.6,0.6,0.0178571428571429
869,18,"one_stage","additive_dose_specific",3,1,0.6,0.6,0.0178571428571429
870,19,"one_stage","additive_dose_specific",3,1,0.6,0.6,0.0178571428571429
871,20,"one_stage","additive_dose_specific",3,1,0.6,0.6,0.0178571428571429
872,21,"one_stage","additive_dose_specific",3,1,0.6,0.6,0.0178571428571429
873,22,"one_stage","additive_dose_specific",3,1,0.6,0.6,0.0178571428571429
874,23,"one_stage","additive_dose_specific",3,1,0.6,0.6,0.0178571428571429
875,24,"one_stage","additive_dose_specific",3,1,0.6,0.6,0.0178571428571429
876,25,"one_stage","additive_dose_specific",3,1,0.6,0.6,0.0178571428571429
877,26,"one_stage","additive_dose_specific",3,1,0.6,0.6,0.0178571428571429
878,27,"one_stage","additive_dose_specific",3,1,0.6,0.6,0.0178571428571429
879,28,"one_stage","additive_dose_specific",3,1,0.6,0.6,0.0178571428571429
880,29,"one_stage","additive_dose_specific",3,1,0.6,0.6,0.0178571428571429
881,30,"one_stage","additive_dose_specific",3,1,0.6,0.6,0.0178571428571429
882,31,"one_stage","additive_dose_specific",3,1,0.6,0.6,0.0178571428571429
883,32,"one_stage","additive_dose_specific",3,1,0.6,0.6,0.0178571428571429
884,33,"one_stage","additive_dose_specific",3,1,0.6,0.6,0.0178571428571429
885,34,"one_stage","additive_dose_specific",3,1,0.6,0.6,0.0178571428571429
886,35,"one_stage","additive_dose_specific",3,1,0.6,0.6,0.0178571428571429
887,36,"one_stage","additive_dose_specific",3,1,0.6,0.6,0.0178571428571429
888,37,"one_stage","additive_dose_specific",3,1,0.6,0.6,0.0178571428571429
889,1,"two_stage","additive_shared",2,0.3,0.9,0.9,0.0178571428571429
890,2,"two_stage","additive_shared",2,0.3,0.9,0.9,0.0178571428571429
891,3,"two_stage","additive_shared",2,0.3,0.9,0.9,0.0178571428571429
892,4,"two_stage","additive_shared",2,0.3,0.9,0.9,0.0178571428571429
893,5,"two_stage","additive_shared",2,0.3,0.9,0.9,0.0178571428571429
894,6,"two_stage","additive_shared",2,0.3,0.9,0.9,0.0178571428571429
895,7,"two_stage","additive_shared",2,0.3,0.9,0.9,0.0178571428571429
896,8,"two_stage","additive_shared",2,0.3,0.9,0.9,0.0178571428571429
897,9,"two_stage","additive_shared",2,0.3,0.9,0.9,0.0178571428571429
898,10,"two_stage","additive_shared",2,0.3,0.9,0.9,0.0178571428571429
899,11,"two_stage","additive_shared",2,0.3,0.9,0.9,0.0178571428571429
900,12,"two_stage","additive_shared",2,0.3,0.9,0.9,0.0178571428571429
901,13,"two_stage","additive_shared",2,0.3,0.9,0.9,0.0178571428571429
902,14,"two_stage","additive_shared",2,0.3,0.9,0.9,0.0178571428571429
903,15,"two_stage","additive_shared",2,0.3,0.9,0.9,0.0178571428571429
904,16,"two_stage","additive_shared",2,0.3,0.9,0.9,0.0178571428571429
905,17,"two_stage","additive_shared",2,0.3,0.9,0.9,0.0178571428571429
906,18,"two_stage","additive_shared",2,0.3,0.9,0.9,0.0178571428571429
907,19,"two_stage","additive_shared",2,0.3,0.9,0.9,0.0178571428571429
908,20,"two_stage","additive_shared",2,0.3,0.9,0.9,0.0178571428571429
909,21,"two_stage","additive_shared",2,0.3,0.9,0.9,0.0178571428571429
910,22,"two_stage","additive_shared",2,0.3,0.9,0.9,0.0178571428571429
911,23,"two_stage","additive_shared",2,0.3,0.9,0.9,0.0178571428571429
912,24,"two_stage","additive_shared",2,0.3,0.9,0.9,0.0178571428571429
913,25,"two_stage","additive_shared",2,0.3,0.9,0.9,0.0178571428571429
914,26,"two_stage","additive_shared",2,0.3,0.9,0.9,0.0178571428571429
915,27,"two_stage","additive_shared",2,0.3,0.9,0.9,0.0178571428571429
916,28,"two_stage","additive_shared",2,0.3,0.9,0.9,0.0178571428571429
917,29,"two_stage","additive_shared",2,0.3,0.9,0.9,0.0178571428571429
918,30,"two_stage","additive_shared",2,0.3,0.9,0.9,0.0178571428571429
919,31,"two_stage","additive_shared",2,0.3,0.9,0.9,0.0178571428571429
920,32,"two_stage","additive_shared",2,0.3,0.9,0.9,0.0178571428571429
921,33,"two_stage","additive_shared",2,0.3,0.9,0.9,0.0178571428571429
922,34,"two_stage","additive_shared",2,0.3,0.9,0.9,0.0178571428571429
923,35,"two_stage","additive_shared",2,0.3,0.9,0.9,0.0178571428571429
924,36,"two_stage","additive_shared",2,0.3,0.9,0.9,0.0178571428571429
925,37,"two_stage","additive_shared",2,0.3,0.9,0.9,0.0178571428571429
926,1,"one_stage","additive_shared",2,0.3,0.9,0.9,0.0178571428571429
927,2,"one_stage","additive_shared",2,0.3,0.9,0.9,0.0178571428571429
928,3,"one_stage","additive_shared",2,0.3,0.9,0.9,0.0178571428571429
929,4,"one_stage","additive_shared",2,0.3,0.9,0.9,0.0178571428571429
930,5,"one_stage","additive_shared",2,0.3,0.9,0.9,0.0178571428571429
931,6,"one_stage","additive_shared",2,0.3,0.9,0.9,0.0178571428571429
932,7,"one_stage","additive_shared",2,0.3,0.9,0.9,0.0178571428571429
933,8,"one_stage","additive_shared",2,0.3,0.9,0.9,0.0178571428571429
934,9,"one_stage","additive_shared",2,0.3,0.9,0.9,0.0178571428571429
935,10,"one_stage","additive_shared",2,0.3,0.9,0.9,0.0178571428571429
936,11,"one_stage","additive_shared",2,0.3,0.9,0.9,0.0178571428571429
937,12,"one_stage","additive_shared",2,0.3,0.9,0.9,0.0178571428571429
938,13,"one_stage","additive_shared",2,0.3,0.9,0.9,0.0178571428571429
939,14,"one_stage","additive_shared",2,0.3,0.9,0.9,0.0178571428571429
940,15,"one_stage","additive_shared",2,0.3,0.9,0.9,0.0178571428571429
941,16,"one_stage","additive_shared",2,0.3,0.9,0.9,0.0178571428571429
942,17,"one_stage","additive_shared",2,0.3,0.9,0.9,0.0178571428571429
943,18,"one_stage","additive_shared",2,0.3,0.9,0.9,0.0178571428571429
944,19,"one_stage","additive_shared",2,0.3,0.9,0.9,0.0178571428571429
945,20,"one_stage","additive_shared",2,0.3,0.9,0.9,0.0178571428571429
946,21,"one_stage","additive_shared",2,0.3,0.9,0.9,0.0178571428571429
947,22,"one_stage","additive_shared",2,0.3,0.9,0.9,0.0178571428571429
948,23,"one_stage","additive_shared",2,0.3,0.9,0.9,0.0178571428571429
949,24,"one_stage","additive_shared",2,0.3,0.9,0.9,0.0178571428571429
950,25,"one_stage","additive_shared",2,0.3,0.9,0.9,0.0178571428571429
951,26,"one_stage","additive_shared",2,0.3,0.9,0.9,0.0178571428571429
952,27,"one_stage","additive_shared",2,0.3,0.9,0.9,0.0178571428571429
953,28,"one_stage","additive_shared",2,0.3,0.9,0.9,0.0178571428571429
954,29,"one_stage","additive_shared",2,0.3,0.9,0.9,0.0178571428571429
955,30,"one_stage","additive_shared",2,0.3,0.9,0.9,0.0178571428571429
956,31,"one_stage","additive_shared",2,0.3,0.9,0.9,0.0178571428571429
957,32,"one_stage","additive_shared",2,0.3,0.9,0.9,0.0178571428571429
958,33,"one_stage","additive_shared",2,0.3,0.9,0.9,0.0178571428571429
959,34,"one_stage","additive_shared",2,0.3,0.9,0.9,0.0178571428571429
960,35,"one_stage","additive_shared",2,0.3,0.9,0.9,0.0178571428571429
961,36,"one_stage","additive_shared",2,0.3,0.9,0.9,0.0178571428571429
962,37,"one_stage","additive_shared",2,0.3,0.9,0.9,0.0178571428571429
963,1,"two_stage","additive_dose_specific",2,0.3,0.9,0.9,0.0178571428571429
964,2,"two_stage","additive_dose_specific",2,0.3,0.9,0.9,0.0178571428571429
965,3,"two_stage","additive_dose_specific",2,0.3,0.9,0.9,0.0178571428571429
966,4,"two_stage","additive_dose_specific",2,0.3,0.9,0.9,0.0178571428571429
967,5,"two_stage","additive_dose_specific",2,0.3,0.9,0.9,0.0178571428571429
968,6,"two_stage","additive_dose_specific",2,0.3,0.9,0.9,0.0178571428571429
969,7,"two_stage","additive_dose_specific",2,0.3,0.9,0.9,0.0178571428571429
970,8,"two_stage","additive_dose_specific",2,0.3,0.9,0.9,0.0178571428571429
971,9,"two_stage","additive_dose_specific",2,0.3,0.9,0.9,0.0178571428571429
972,10,"two_stage","additive_dose_specific",2,0.3,0.9,0.9,0.0178571428571429
973,11,"two_stage","additive_dose_specific",2,0.3,0.9,0.9,0.0178571428571429
974,12,"two_stage","additive_dose_specific",2,0.3,0.9,0.9,0.0178571428571429
975,13,"two_stage","additive_dose_specific",2,0.3,0.9,0.9,0.0178571428571429
976,14,"two_stage","additive_dose_specific",2,0.3,0.9,0.9,0.0178571428571429
977,15,"two_stage","additive_dose_specific",2,0.3,0.9,0.9,0.0178571428571429
978,16,"two_stage","additive_dose_specific",2,0.3,0.9,0.9,0.0178571428571429
979,17,"two_stage","additive_dose_specific",2,0.3,0.9,0.9,0.0178571428571429
980,18,"two_stage","additive_dose_specific",2,0.3,0.9,0.9,0.0178571428571429
981,19,"two_stage","additive_dose_specific",2,0.3,0.9,0.9,0.0178571428571429
982,20,"two_stage","additive_dose_specific",2,0.3,0.9,0.9,0.0178571428571429
983,21,"two_stage","additive_dose_specific",2,0.3,0.9,0.9,0.0178571428571429
984,22,"two_stage","additive_dose_specific",2,0.3,0.9,0.9,0.0178571428571429
985,23,"two_stage","additive_dose_specific",2,0.3,0.9,0.9,0.0178571428571429
986,24,"two_stage","additive_dose_specific",2,0.3,0.9,0.9,0.0178571428571429
987,25,"two_stage","additive_dose_specific",2,0.3,0.9,0.9,0.0178571428571429
988,26,"two_stage","additive_dose_specific",2,0.3,0.9,0.9,0.0178571428571429
989,27,"two_stage","additive_dose_specific",2,0.3,0.9,0.9,0.0178571428571429
990,28,"two_stage","additive_dose_specific",2,0.3,0.9,0.9,0.0178571428571429
991,29,"two_stage","additive_dose_specific",2,0.3,0.9,0.9,0.0178571428571429
992,30,"two_stage","additive_dose_specific",2,0.3,0.9,0.9,0.0178571428571429
993,31,"two_stage","additive_dose_specific",2,0.3,0.9,0.9,0.0178571428571429
994,32,"two_stage","additive_dose_specific",2,0.3,0.9,0.9,0.0178571428571429
995,33,"two_stage","additive_dose_specific",2,0.3,0.9,0.9,0.0178571428571429
996,34,"two_stage","additive_dose_specific",2,0.3,0.9,0.9,0.0178571428571429
997,35,"two_stage","additive_dose_specific",2,0.3,0.9,0.9,0.0178571428571429
998,36,"two_stage","additive_dose_specific",2,0.3,0.9,0.9,0.0178571428571429
999,37,"two_stage","additive_dose_specific",2,0.3,0.9,0.9,0.0178571428571429
1000,1,"one_stage","additive_dose_specific",2,0.3,0.9,0.9,0.0178571428571429
1001,2,"one_stage","additive_dose_specific",2,0.3,0.9,0.9,0.0178571428571429
1002,3,"one_stage","additive_dose_specific",2,0.3,0.9,0.9,0.0178571428571429
1003,4,"one_stage","additive_dose_specific",2,0.3,0.9,0.9,0.0178571428571429
1004,5,"one_stage","additive_dose_specific",2,0.3,0.9,0.9,0.0178571428571429
1005,6,"one_stage","additive_dose_specific",2,0.3,0.9,0.9,0.0178571428571429
1006,7,"one_stage","additive_dose_specific",2,0.3,0.9,0.9,0.0178571428571429
1007,8,"one_stage","additive_dose_specific",2,0.3,0.9,0.9,0.0178571428571429
1008,9,"one_stage","additive_dose_specific",2,0.3,0.9,0.9,0.0178571428571429
1009,10,"one_stage","additive_dose_specific",2,0.3,0.9,0.9,0.0178571428571429
1010,11,"one_stage","additive_dose_specific",2,0.3,0.9,0.9,0.0178571428571429
1011,12,"one_stage","additive_dose_specific",2,0.3,0.9,0.9,0.0178571428571429
1012,13,"one_stage","additive_dose_specific",2,0.3,0.9,0.9,0.0178571428571429
1013,14,"one_stage","additive_dose_specific",2,0.3,0.9,0.9,0.0178571428571429
1014,15,"one_stage","additive_dose_specific",2,0.3,0.9,0.9,0.0178571428571429
1015,16,"one_stage","additive_dose_specific",2,0.3,0.9,0.9,0.0178571428571429
1016,17,"one_stage","additive_dose_specific",2,0.3,0.9,0.9,0.0178571428571429
1017,18,"one_stage","additive_dose_specific",2,0.3,0.9,0.9,0.0178571428571429
1018,19,"one_stage","additive_dose_specific",2,0.3,0.9,0.9,0.0178571428571429
1019,20,"one_stage","additive_dose_specific",2,0.3,0.9,0.9,0.0178571428571429
1020,21,"one_stage","additive_dose_specific",2,0.3,0.9,0.9,0.0178571428571429
1021,22,"one_stage","additive_dose_specific",2,0.3,0.9,0.9,0.0178571428571429
1022,23,"one_stage","additive_dose_specific",2,0.3,0.9,0.9,0.0178571428571429
1023,24,"one_stage","additive_dose_specific",2,0.3,0.9,0.9,0.0178571428571429
1024,25,"one_stage","additive_dose_specific",2,0.3,0.9,0.9,0.0178571428571429
1025,26,"one_stage","additive_dose_specific",2,0.3,0.9,0.9,0.0178571428571429
1026,27,"one_stage","additive_dose_specific",2,0.3,0.9,0.9,0.0178571428571429
1027,28,"one_stage","additive_dose_specific",2,0.3,0.9,0.9,0.0178571428571429
1028,29,"one_stage","additive_dose_specific",2,0.3,0.9,0.9,0.0178571428571429
1029,30,"one_stage","additive_dose_specific",2,0.3,0.9,0.9,0.0178571428571429
1030,31,"one_stage","additive_dose_specific",2,0.3,0.9,0.9,0.0178571428571429
1031,32,"one_stage","additive_dose_specific",2,0.3,0.9,0.9,0.0178571428571429
1032,33,"one_stage","additive_dose_specific",2,0.3,0.9,0.9,0.0178571428571429
1033,34,"one_stage","additive_dose_specific",2,0.3,0.9,0.9,0.0178571428571429
1034,35,"one_stage","additive_dose_specific",2,0.3,0.9,0.9,0.0178571428571429
1035,36,"one_stage","additive_dose_specific",2,0.3,0.9,0.9,0.0178571428571429
1036,37,"one_stage","additive_dose_specific",2,0.3,0.9,0.9,0.0178571428571429
1037,1,"two_stage","additive_shared",3,1,0.9,0.9,0.0178571428571429
1038,2,"two_stage","additive_shared",3,1,0.9,0.9,0.0178571428571429
1039,3,"two_stage","additive_shared",3,1,0.9,0.9,0.0178571428571429
1040,4,"two_stage","additive_shared",3,1,0.9,0.9,0.0178571428571429
1041,5,"two_stage","additive_shared",3,1,0.9,0.9,0.0178571428571429
1042,6,"two_stage","additive_shared",3,1,0.9,0.9,0.0178571428571429
1043,7,"two_stage","additive_shared",3,1,0.9,0.9,0.0178571428571429
1044,8,"two_stage","additive_shared",3,1,0.9,0.9,0.0178571428571429
1045,9,"two_stage","additive_shared",3,1,0.9,0.9,0.0178571428571429
1046,10,"two_stage","additive_shared",3,1,0.9,0.9,0.0178571428571429
1047,11,"two_stage","additive_shared",3,1,0.9,0.9,0.0178571428571429
1048,12,"two_stage","additive_shared",3,1,0.9,0.9,0.0178571428571429
1049,13,"two_stage","additive_shared",3,1,0.9,0.9,0.0178571428571429
1050,14,"two_stage","additive_shared",3,1,0.9,0.9,0.0178571428571429
1051,15,"two_stage","additive_shared",3,1,0.9,0.9,0.0178571428571429
1052,16,"two_stage","additive_shared",3,1,0.9,0.9,0.0178571428571429
1053,17,"two_stage","additive_shared",3,1,0.9,0.9,0.0178571428571429
1054,18,"two_stage","additive_shared",3,1,0.9,0.9,0.0178571428571429
1055,19,"two_stage","additive_shared",3,1,0.9,0.9,0.0178571428571429
1056,20,"two_stage","additive_shared",3,1,0.9,0.9,0.0178571428571429
1057,21,"two_stage","additive_shared",3,1,0.9,0.9,0.0178571428571429
1058,22,"two_stage","additive_shared",3,1,0.9,0.9,0.0178571428571429
1059,23,"two_stage","additive_shared",3,1,0.9,0.9,0.0178571428571429
1060,24,"two_stage","additive_shared",3,1,0.9,0.9,0.0178571428571429
1061,25,"two_stage","additive_shared",3,1,0.9,0.9,0.0178571428571429
1062,26,"two_stage","additive_shared",3,1,0.9,0.9,0.0178571428571429
1063,27,"two_stage","additive_shared",3,1,0.9,0.9,0.0178571428571429
1064,28,"two_stage","additive_shared",3,1,0.9,0.9,0.0178571428571429
1065,29,"two_stage","additive_shared",3,1,0.9,0.9,0.0178571428571429
1066,30,"two_stage","additive_shared",3,1,0.9,0.9,0.0178571428571429
1067,31,"two_stage","additive_shared",3,1,0.9,0.9,0.0178571428571429
1068,32,"two_stage","additive_shared",3,1,0.9,0.9,0.0178571428571429
1069,33,"two_stage","additive_shared",3,1,0.9,0.9,0.0178571428571429
1070,34,"two_stage","additive_shared",3,1,0.9,0.9,0.0178571428571429
1071,35,"two_stage","additive_shared",3,1,0.9,0.9,0.0178571428571429
1072,36,"two_stage","additive_shared",3,1,0.9,0.9,0.0178571428571429
1073,37,"two_stage","additive_shared",3,1,0.9,0.9,0.0178571428571429
1074,1,"one_stage","additive_shared",3,1,0.9,0.9,0.0178571428571429
1075,2,"one_stage","additive_shared",3,1,0.9,0.9,0.0178571428571429
1076,3,"one_stage","additive_shared",3,1,0.9,0.9,0.0178571428571429
1077,4,"one_stage","additive_shared",3,1,0.9,0.9,0.0178571428571429
1078,5,"one_stage","additive_shared",3,1,0.9,0.9,0.0178571428571429
1079,6,"one_stage","additive_shared",3,1,0.9,0.9,0.0178571428571429
1080,7,"one_stage","additive_shared",3,1,0.9,0.9,0.0178571428571429
1081,8,"one_stage","additive_shared",3,1,0.9,0.9,0.0178571428571429
1082,9,"one_stage","additive_shared",3,1,0.9,0.9,0.0178571428571429
1083,10,"one_stage","additive_shared",3,1,0.9,0.9,0.0178571428571429
1084,11,"one_stage","additive_shared",3,1,0.9,0.9,0.0178571428571429
1085,12,"one_stage","additive_shared",3,1,0.9,0.9,0.0178571428571429
1086,13,"one_stage","additive_shared",3,1,0.9,0.9,0.0178571428571429
1087,14,"one_stage","additive_shared",3,1,0.9,0.9,0.0178571428571429
1088,15,"one_stage","additive_shared",3,1,0.9,0.9,0.0178571428571429
1089,16,"one_stage","additive_shared",3,1,0.9,0.9,0.0178571428571429
1090,17,"one_stage","additive_shared",3,1,0.9,0.9,0.0178571428571429
1091,18,"one_stage","additive_shared",3,1,0.9,0.9,0.0178571428571429
1092,19,"one_stage","additive_shared",3,1,0.9,0.9,0.0178571428571429
1093,20,"one_stage","additive_shared",3,1,0.9,0.9,0.0178571428571429
1094,21,"one_stage","additive_shared",3,1,0.9,0.9,0.0178571428571429
1095,22,"one_stage","additive_shared",3,1,0.9,0.9,0.0178571428571429
1096,23,"one_stage","additive_shared",3,1,0.9,0.9,0.0178571428571429
1097,24,"one_stage","additive_shared",3,1,0.9,0.9,0.0178571428571429
1098,25,"one_stage","additive_shared",3,1,0.9,0.9,0.0178571428571429
1099,26,"one_stage","additive_shared",3,1,0.9,0.9,0.0178571428571429
1100,27,"one_stage","additive_shared",3,1,0.9,0.9,0.0178571428571429
1101,28,"one_stage","additive_shared",3,1,0.9,0.9,0.0178571428571429
1102,29,"one_stage","additive_shared",3,1,0.9,0.9,0.0178571428571429
1103,30,"one_stage","additive_shared",3,1,0.9,0.9,0.0178571428571429
1104,31,"one_stage","additive_shared",3,1,0.9,0.9,0.0178571428571429
1105,32,"one_stage","additive_shared",3,1,0.9,0.9,0.0178571428571429
1106,33,"one_stage","additive_shared",3,1,0.9,0.9,0.0178571428571429
1107,34,"one_stage","additive_shared",3,1,0.9,0.9,0.0178571428571429
1108,35,"one_stage","additive_shared",3,1,0.9,0.9,0.0178571428571429
1109,36,"one_stage","additive_shared",3,1,0.9,0.9,0.0178571428571429
1110,37,"one_stage","additive_shared",3,1,0.9,0.9,0.0178571428571429
1111,1,"two_stage","additive_dose_specific",3,1,0.9,0.9,0.0178571428571429
1112,2,"two_stage","additive_dose_specific",3,1,0.9,0.9,0.0178571428571429
1113,3,"two_stage","additive_dose_specific",3,1,0.9,0.9,0.0178571428571429
1114,4,"two_stage","additive_dose_specific",3,1,0.9,0.9,0.0178571428571429
1115,5,"two_stage","additive_dose_specific",3,1,0.9,0.9,0.0178571428571429
1116,6,"two_stage","additive_dose_specific",3,1,0.9,0.9,0.0178571428571429
1117,7,"two_stage","additive_dose_specific",3,1,0.9,0.9,0.0178571428571429
1118,8,"two_stage","additive_dose_specific",3,1,0.9,0.9,0.0178571428571429
1119,9,"two_stage","additive_dose_specific",3,1,0.9,0.9,0.0178571428571429
1120,10,"two_stage","additive_dose_specific",3,1,0.9,0.9,0.0178571428571429
1121,11,"two_stage","additive_dose_specific",3,1,0.9,0.9,0.0178571428571429
1122,12,"two_stage","additive_dose_specific",3,1,0.9,0.9,0.0178571428571429
1123,13,"two_stage","additive_dose_specific",3,1,0.9,0.9,0.0178571428571429
1124,14,"two_stage","additive_dose_specific",3,1,0.9,0.9,0.0178571428571429
1125,15,"two_stage","additive_dose_specific",3,1,0.9,0.9,0.0178571428571429
1126,16,"two_stage","additive_dose_specific",3,1,0.9,0.9,0.0178571428571429
1127,17,"two_stage","additive_dose_specific",3,1,0.9,0.9,0.0178571428571429
1128,18,"two_stage","additive_dose_specific",3,1,0.9,0.9,0.0178571428571429
1129,19,"two_stage","additive_dose_specific",3,1,0.9,0.9,0.0178571428571429
1130,20,"two_stage","additive_dose_specific",3,1,0.9,0.9,0.0178571428571429
1131,21,"two_stage","additive_dose_specific",3,1,0.9,0.9,0.0178571428571429
1132,22,"two_stage","additive_dose_specific",3,1,0.9,0.9,0.0178571428571429
1133,23,"two_stage","additive_dose_specific",3,1,0.9,0.9,0.0178571428571429
1134,24,"two_stage","additive_dose_specific",3,1,0.9,0.9,0.0178571428571429
1135,25,"two_stage","additive_dose_specific",3,1,0.9,0.9,0.0178571428571429
1136,26,"two_stage","additive_dose_specific",3,1,0.9,0.9,0.0178571428571429
1137,27,"two_stage","additive_dose_specific",3,1,0.9,0.9,0.0178571428571429
1138,28,"two_stage","additive_dose_specific",3,1,0.9,0.9,0.0178571428571429
1139,29,"two_stage","additive_dose_specific",3,1,0.9,0.9,0.0178571428571429
1140,30,"two_stage","additive_dose_specific",3,1,0.9,0.9,0.0178571428571429
1141,31,"two_stage","additive_dose_specific",3,1,0.9,0.9,0.0178571428571429
1142,32,"two_stage","additive_dose_specific",3,1,0.9,0.9,0.0178571428571429
1143,33,"two_stage","additive_dose_specific",3,1,0.9,0.9,0.0178571428571429
1144,34,"two_stage","additive_dose_specific",3,1,0.9,0.9,0.0178571428571429
1145,35,"two_stage","additive_dose_specific",3,1,0.9,0.9,0.0178571428571429
1146,36,"two_stage","additive_dose_specific",3,1,0.9,0.9,0.0178571428571429
1147,37,"two_stage","additive_dose_specific",3,1,0.9,0.9,0.0178571428571429
1148,1,"one_stage","additive_dose_specific",3,1,0.9,0.9,0.0178571428571429
1149,2,"one_stage","additive_dose_specific",3,1,0.9,0.9,0.0178571428571429
1150,3,"one_stage","additive_dose_specific",3,1,0.9,0.9,0.0178571428571429
1151,4,"one_stage","additive_dose_specific",3,1,0.9,0.9,0.0178571428571429
1152,5,"one_stage","additive_dose_specific",3,1,0.9,0.9,0.0178571428571429
1153,6,"one_stage","additive_dose_specific",3,1,0.9,0.9,0.0178571428571429
1154,7,"one_stage","additive_dose_specific",3,1,0.9,0.9,0.0178571428571429
1155,8,"one_stage","additive_dose_specific",3,1,0.9,0.9,0.0178571428571429
1156,9,"one_stage","additive_dose_specific",3,1,0.9,0.9,0.0178571428571429
1157,10,"one_stage","additive_dose_specific",3,1,0.9,0.9,0.0178571428571429
1158,11,"one_stage","additive_dose_specific",3,1,0.9,0.9,0.0178571428571429
1159,12,"one_stage","additive_dose_specific",3,1,0.9,0.9,0.0178571428571429
1160,13,"one_stage","additive_dose_specific",3,1,0.9,0.9,0.0178571428571429
1161,14,"one_stage","additive_dose_specific",3,1,0.9,0.9,0.0178571428571429
1162,15,"one_stage","additive_dose_specific",3,1,0.9,0.9,0.0178571428571429
1163,16,"one_stage","additive_dose_specific",3,1,0.9,0.9,0.0178571428571429
1164,17,"one_stage","additive_dose_specific",3,1,0.9,0.9,0.0178571428571429
1165,18,"one_stage","additive_dose_specific",3,1,0.9,0.9,0.0178571428571429
1166,19,"one_stage","additive_dose_specific",3,1,0.9,0.9,0.0178571428571429
1167,20,"one_stage","additive_dose_specific",3,1,0.9,0.9,0.0178571428571429
1168,21,"one_stage","additive_dose_specific",3,1,0.9,0.9,0.0178571428571429
1169,22,"one_stage","additive_dose_specific",3,1,0.9,0.9,0.0178571428571429
1170,23,"one_stage","additive_dose_specific",3,1,0.9,0.9,0.0178571428571429
1171,24,"one_stage","additive_dose_specific",3,1,0.9,0.9,0.0178571428571429
1172,25,"one_stage","additive_dose_specific",3,1,0.9,0.9,0.0178571428571429
1173,26,"one_stage","additive_dose_specific",3,1,0.9,0.9,0.0178571428571429
1174,27,"one_stage","additive_dose_specific",3,1,0.9,0.9,0.0178571428571429
1175,28,"one_stage","additive_dose_specific",3,1,0.9,0.9,0.0178571428571429
1176,29,"one_stage","additive_dose_specific",3,1,0.9,0.9,0.0178571428571429
1177,30,"one_stage","additive_dose_specific",3,1,0.9,0.9,0.0178571428571429
1178,31,"one_stage","additive_dose_specific",3,1,0.9,0.9,0.0178571428571429
1179,32,"one_stage","additive_dose_specific",3,1,0.9,0.9,0.0178571428571429
1180,33,"one_stage","additive_dose_specific",3,1,0.9,0.9,0.0178571428571429
1181,34,"one_stage","additive_dose_specific",3,1,0.9,0.9,0.0178571428571429
1182,35,"one_stage","additive_dose_specific",3,1,0.9,0.9,0.0178571428571429
1183,36,"one_stage","additive_dose_specific",3,1,0.9,0.9,0.0178571428571429
1184,37,"one_stage","additive_dose_specific",3,1,0.9,0.9,0.0178571428571429
