"Task_ID","Scenario","Source_Scenario","Scenario_Group","Attempt","Allocation","Stage2_Allocation","Model_ID","Carryover_Model","Efficacy_Model","Nmax","N_s1","N_s2","n_eval","Cycle_Max","Arrival_Rate","T_assess","True_MTD","True_OBD","Target_Toxicity","Utility_Type","Lambda_T","Dose","Toxicity_IPDE_Alpha","Efficacy_IPDE_Alpha","True_DLT_rate","True_Efficacy_rate","Estimated_CRM_pj","Estimated_Efficacy","Estimated_Utility","Carryover_Mean","MTD_Selection_pct","OBD_Selection_pct","No_OBD_Selection_pct","Pts_Treated","Unique_Pts_by_Dose","IPDE_Doses","Total_Administrations","Total_Unique_Patients","Duration","Early_Stop_pct","ntrial"
1,1,1,"base_example",1,"two_stage","one_stage","additive_shared","additive_shared","previous_dose_additive",30,6,30,3,2,0.0178571428571429,28,1,1,0.3,3,1,1,0,0,0.3,0.05,0.330281227510584,0.0835444878966446,31.8014201733753,0.124412353899105,55,9.7,78.9,11.07,7.565,3.755,19.782,12.619,677.533797297009,63.9,1000
1,1,1,"base_example",1,"two_stage","one_stage","additive_shared","additive_shared","previous_dose_additive",30,6,30,3,2,0.0178571428571429,28,1,1,0.3,3,1,2,0,0,0.35,0.06,0.38354993006885,0.251229159161646,39.7317523469447,0.124412353899105,18.5,6.5,78.9,4.875,3.789,1.952,19.782,12.619,677.533797297009,63.9,1000
1,1,1,"base_example",1,"two_stage","one_stage","additive_shared","additive_shared","previous_dose_additive",30,6,30,3,2,0.0178571428571429,28,1,1,0.3,3,1,3,0,0,0.4,0.07,0.47850372772089,0.363321992761195,42.6591704568361,0.124412353899105,10,3.3,78.9,2.472,1.975,0.941,19.782,12.619,677.533797297009,63.9,1000
1,1,1,"base_example",1,"two_stage","one_stage","additive_shared","additive_shared","previous_dose_additive",30,6,30,3,2,0.0178571428571429,28,1,1,0.3,3,1,4,0,0,0.45,0.08,0.522233331585221,0.436735372595456,45.3147890923185,0.124412353899105,4.4,1.2,78.9,0.999,0.816,0.389,19.782,12.619,677.533797297009,63.9,1000
1,1,1,"base_example",1,"two_stage","one_stage","additive_shared","additive_shared","previous_dose_additive",30,6,30,3,2,0.0178571428571429,28,1,1,0.3,3,1,5,0,0,0.5,0.09,0.604761855657377,0.475747169639729,44.3543559520887,0.124412353899105,0.8,0.4,78.9,0.366,0.307,0.126,19.782,12.619,677.533797297009,63.9,1000
2,16,1,"five_scenarios_txt",1,"two_stage","one_stage","additive_shared","additive_shared","previous_dose_additive",30,6,30,3,2,0.0178571428571429,28,5,1,0.3,3,1,1,0,0,0.02,0.2,0.0398010336660261,0.19204088861042,49.9304119699841,0.122487103142067,0,24.5,0.7,6.909,4.928,2.544,30,17.93,969.816488531671,0,1000
2,16,1,"five_scenarios_txt",1,"two_stage","one_stage","additive_shared","additive_shared","previous_dose_additive",30,6,30,3,2,0.0178571428571429,28,5,1,0.3,3,1,2,0,0,0.06,0.2,0.060834097720661,0.195133711827428,49.2746588008193,0.122487103142067,0.3,22.5,0.7,6.516,5.121,2.696,30,17.93,969.816488531671,0,1000
2,16,1,"five_scenarios_txt",1,"two_stage","one_stage","additive_shared","additive_shared","previous_dose_additive",30,6,30,3,2,0.0178571428571429,28,5,1,0.3,3,1,3,0,0,0.09,0.2,0.113912357694399,0.205013663718143,47.7443255153126,0.122487103142067,0.5,19.7,0.7,5.91,4.788,2.46,30,17.93,969.816488531671,0,1000
2,16,1,"five_scenarios_txt",1,"two_stage","one_stage","additive_shared","additive_shared","previous_dose_additive",30,6,30,3,2,0.0178571428571429,28,5,1,0.3,3,1,4,0,0,0.14,0.2,0.14608207240884,0.207843796930797,46.6273449194942,0.122487103142067,7.2,18,0.7,5.634,4.585,2.422,30,17.93,969.816488531671,0,1000
2,16,1,"five_scenarios_txt",1,"two_stage","one_stage","additive_shared","additive_shared","previous_dose_additive",30,6,30,3,2,0.0178571428571429,28,5,1,0.3,3,1,5,0,0,0.26,0.2,0.222231309122024,0.243550814701441,45.7237965172055,0.122487103142067,92,14.6,0.7,5.031,4.115,1.948,30,17.93,969.816488531671,0,1000
3,20,5,"five_scenarios_txt",1,"two_stage","one_stage","additive_shared","additive_shared","previous_dose_additive",30,6,30,3,2,0.0178571428571429,28,3,2,0.3,3,1,1,0,0,0.07,0.05,0.137956570380068,0.123626674924512,41.899337680268,0.121241072313702,2,5.3,5.4,5.127,3.509,1.79,29.604,18.84,1024.89672813193,2.6,1000
3,20,5,"five_scenarios_txt",1,"two_stage","one_stage","additive_shared","additive_shared","previous_dose_additive",30,6,30,3,2,0.0178571428571429,28,3,2,0.3,3,1,2,0,0,0.14,0.25,0.182113610838222,0.233371692039499,46.717757088841,0.121241072313702,9.7,47,5.4,10.398,7.881,4.12,29.604,18.84,1024.89672813193,2.6,1000
3,20,5,"five_scenarios_txt",1,"two_stage","one_stage","additive_shared","additive_shared","previous_dose_additive",30,6,30,3,2,0.0178571428571429,28,3,2,0.3,3,1,3,0,0,0.31,0.25,0.272720418678873,0.251308242530695,44.1696778046868,0.121241072313702,38.1,29.1,5.4,7.848,6.377,2.685,29.604,18.84,1024.89672813193,2.6,1000
3,20,5,"five_scenarios_txt",1,"two_stage","one_stage","additive_shared","additive_shared","previous_dose_additive",30,6,30,3,2,0.0178571428571429,28,3,2,0.3,3,1,4,0,0,0.41,0.25,0.31926475692426,0.311304168352173,45.90765982416,0.121241072313702,34.3,10.6,5.4,4.662,3.954,1.656,29.604,18.84,1024.89672813193,2.6,1000
3,20,5,"five_scenarios_txt",1,"two_stage","one_stage","additive_shared","additive_shared","previous_dose_additive",30,6,30,3,2,0.0178571428571429,28,3,2,0.3,3,1,5,0,0,0.52,0.25,0.414892006438896,0.415510421815109,48.3349450513507,0.121241072313702,15.8,2.6,5.4,1.569,1.389,0.513,29.604,18.84,1024.89672813193,2.6,1000
4,24,4,"five_scenarios_txt",1,"two_stage","one_stage","additive_shared","additive_shared","previous_dose_additive",30,6,30,3,2,0.0178571428571429,28,5,4,0.3,3,1,1,0,0,0.01,0.05,0.0289567580542737,0.146253274611742,47.6169261545336,0.120550655797886,0,0.6,0.1,3.378,2.364,1.076,30,19.563,1081.60853707211,0,1000
4,24,4,"five_scenarios_txt",1,"two_stage","one_stage","additive_shared","additive_shared","previous_dose_additive",30,6,30,3,2,0.0178571428571429,28,5,4,0.3,3,1,2,0,0,0.02,0.08,0.046140663403544,0.165505770316393,48.0847196828418,0.120550655797886,0,1.3,0.1,3.462,2.912,1.623,30,19.563,1081.60853707211,0,1000
4,24,4,"five_scenarios_txt",1,"two_stage","one_stage","additive_shared","additive_shared","previous_dose_additive",30,6,30,3,2,0.0178571428571429,28,5,4,0.3,3,1,3,0,0,0.05,0.2,0.0919364938093526,0.235222296523537,50.4358780390381,0.120550655797886,0,6.3,0.1,4.32,3.619,1.81,30,19.563,1081.60853707211,0,1000
4,24,4,"five_scenarios_txt",1,"two_stage","one_stage","additive_shared","additive_shared","previous_dose_additive",30,6,30,3,2,0.0178571428571429,28,5,4,0.3,3,1,4,0,0,0.1,0.5,0.120863708223878,0.433048174612141,61.1483421477734,0.120550655797886,1.7,55.1,0.1,10.653,8.625,3.6,30,19.563,1081.60853707211,0,1000
4,24,4,"five_scenarios_txt",1,"two_stage","one_stage","additive_shared","additive_shared","previous_dose_additive",30,6,30,3,2,0.0178571428571429,28,5,4,0.3,3,1,5,0,0,0.25,0.5,0.19177357933297,0.431274276948675,58.2055134436017,0.120550655797886,98.3,36.6,0.1,8.187,6.825,2.328,30,19.563,1081.60853707211,0,1000
5,27,2,"higher_gap_above_MTD",1,"two_stage","one_stage","additive_shared","additive_shared","previous_dose_additive",30,6,30,3,2,0.0178571428571429,28,3,3,0.3,3,1,1,0,0,0.11,0.1,0.160908411664051,0.142227249118082,42.0972984805229,0.121559538045936,3.2,10.2,7,6.999,4.794,2.47,29.349,19.38,1052.05970008878,3.7,1000
5,27,2,"higher_gap_above_MTD",1,"two_stage","one_stage","additive_shared","additive_shared","previous_dose_additive",30,6,30,3,2,0.0178571428571429,28,3,3,0.3,3,1,2,0,0,0.17,0.2,0.208189303625352,0.212042139669191,44.3949562351374,0.121559538045936,17.7,27.1,7,8.001,6.207,3.186,29.349,19.38,1052.05970008878,3.7,1000
5,27,2,"higher_gap_above_MTD",1,"two_stage","one_stage","additive_shared","additive_shared","previous_dose_additive",30,6,30,3,2,0.0178571428571429,28,3,3,0.3,3,1,3,0,0,0.3,0.4,0.302691362180326,0.373916048930171,50.3273084485972,0.121559538045936,45.1,44.6,7,9.291,7.659,2.887,29.349,19.38,1052.05970008878,3.7,1000
5,27,2,"higher_gap_above_MTD",1,"two_stage","one_stage","additive_shared","additive_shared","previous_dose_additive",30,6,30,3,2,0.0178571428571429,28,3,3,0.3,3,1,4,0,0,0.5,0.42,0.35021254299974,0.422765357770882,51.3574197462633,0.121559538045936,27.8,10,7,4.053,3.607,1.18,29.349,19.38,1052.05970008878,3.7,1000
5,27,2,"higher_gap_above_MTD",1,"two_stage","one_stage","additive_shared","additive_shared","previous_dose_additive",30,6,30,3,2,0.0178571428571429,28,3,3,0.3,3,1,5,0,0,0.62,0.45,0.446129707042069,0.488853807178326,51.4860401490169,0.121559538045936,5.8,1.1,7,1.005,0.92,0.246,29.349,19.38,1052.05970008878,3.7,1000
6,38,38,"user_added",1,"two_stage","one_stage","additive_shared","additive_shared","previous_dose_additive",30,6,30,3,2,0.0178571428571429,28,5,5,0.3,3,1,1,0,0,0.05,0.05,0.0595758582445918,0.128906813912007,45.3513745049368,0.11883279655229,0.4,4.7,4.3,4.602,3.186,1.569,29.853,18.628,1023.69648409274,1.1,1000
6,38,38,"user_added",1,"two_stage","one_stage","additive_shared","additive_shared","previous_dose_additive",30,6,30,3,2,0.0178571428571429,28,5,5,0.3,3,1,2,0,0,0.1,0.08,0.0870940668265793,0.147417052527774,45.3612604786033,0.11883279655229,1.2,7.1,4.3,4.626,3.731,2.104,29.853,18.628,1023.69648409274,1.1,1000
6,38,38,"user_added",1,"two_stage","one_stage","additive_shared","additive_shared","previous_dose_additive",30,6,30,3,2,0.0178571428571429,28,5,5,0.3,3,1,3,0,0,0.12,0.12,0.152431862571137,0.170127098009793,44.1103513777421,0.11883279655229,2.2,9.6,4.3,5.061,4.071,2.097,29.853,18.628,1023.69648409274,1.1,1000
6,38,38,"user_added",1,"two_stage","one_stage","additive_shared","additive_shared","previous_dose_additive",30,6,30,3,2,0.0178571428571429,28,5,5,0.3,3,1,4,0,0,0.15,0.15,0.190137523697487,0.189618783825916,43.7716260816555,0.11883279655229,16,12.7,4.3,5.433,4.311,2.365,29.853,18.628,1023.69648409274,1.1,1000
6,38,38,"user_added",1,"two_stage","one_stage","additive_shared","additive_shared","previous_dose_additive",30,6,30,3,2,0.0178571428571429,28,5,5,0.3,3,1,5,0,0,0.3,0.5,0.275569346048471,0.456291768922371,56.3547322934034,0.11883279655229,80.2,61.6,4.3,10.131,8.267,3.09,29.853,18.628,1023.69648409274,1.1,1000
7,1,1,"base_example",1,"one_stage","one_stage","additive_shared","additive_shared","previous_dose_additive",30,30,30,3,2,0.0178571428571429,28,1,1,0.3,3,1,1,0,0,0.3,0.05,0.331930368844586,0.0825169190266544,31.6738003878158,0.122197743498971,56.2,9.7,79.5,11.262,7.659,3.849,19.713,12.543,675.383921473814,64.7,1000
7,1,1,"base_example",1,"one_stage","one_stage","additive_shared","additive_shared","previous_dose_additive",30,30,30,3,2,0.0178571428571429,28,1,1,0.3,3,1,2,0,0,0.35,0.06,0.385301570222284,0.252008905690744,39.7084715325533,0.122197743498971,18.1,5.6,79.5,4.752,3.687,1.911,19.713,12.543,675.383921473814,64.7,1000
7,1,1,"base_example",1,"one_stage","one_stage","additive_shared","additive_shared","previous_dose_additive",30,30,30,3,2,0.0178571428571429,28,1,1,0.3,3,1,3,0,0,0.4,0.07,0.480326634204364,0.364937387907333,42.6831779062654,0.122197743498971,9.6,3.8,79.5,2.436,1.921,0.929,19.713,12.543,675.383921473814,64.7,1000
7,1,1,"base_example",1,"one_stage","one_stage","additive_shared","additive_shared","previous_dose_additive",30,30,30,3,2,0.0178571428571429,28,1,1,0.3,3,1,4,0,0,0.45,0.08,0.52404330956785,0.438382089113174,45.3411929640765,0.122197743498971,3.9,1.1,79.5,0.921,0.76,0.361,19.713,12.543,675.383921473814,64.7,1000
7,1,1,"base_example",1,"one_stage","one_stage","additive_shared","additive_shared","previous_dose_additive",30,30,30,3,2,0.0178571428571429,28,1,1,0.3,3,1,5,0,0,0.5,0.09,0.606472673886009,0.477395800607005,44.38484108098,0.122197743498971,0.8,0.3,79.5,0.342,0.284,0.12,19.713,12.543,675.383921473814,64.7,1000
8,16,1,"five_scenarios_txt",1,"one_stage","one_stage","additive_shared","additive_shared","previous_dose_additive",30,30,30,3,2,0.0178571428571429,28,5,1,0.3,3,1,1,0,0,0.02,0.2,0.0400746646808455,0.194528175859816,50.0687039643551,0.120745115739616,0,24.7,0.7,7.185,5.168,2.579,30,17.921,972.561864768018,0,1000
8,16,1,"five_scenarios_txt",1,"one_stage","one_stage","additive_shared","additive_shared","previous_dose_additive",30,30,30,3,2,0.0178571428571429,28,5,1,0.3,3,1,2,0,0,0.06,0.2,0.0611178486559889,0.194680420318869,49.2361112728926,0.120745115739616,0.2,22.7,0.7,6.573,5.171,2.734,30,17.921,972.561864768018,0,1000
8,16,1,"five_scenarios_txt",1,"one_stage","one_stage","additive_shared","additive_shared","previous_dose_additive",30,30,30,3,2,0.0178571428571429,28,5,1,0.3,3,1,3,0,0,0.09,0.2,0.114037945987772,0.207792705362398,47.906044482233,0.120745115739616,0.6,19.9,0.7,5.907,4.757,2.497,30,17.921,972.561864768018,0,1000
8,16,1,"five_scenarios_txt",1,"one_stage","one_stage","additive_shared","additive_shared","previous_dose_additive",30,30,30,3,2,0.0178571428571429,28,5,1,0.3,3,1,4,0,0,0.14,0.2,0.146032131919656,0.205867614124221,46.510771570667,0.120745115739616,7,16.9,0.7,5.502,4.452,2.364,30,17.921,972.561864768018,0,1000
8,16,1,"five_scenarios_txt",1,"one_stage","one_stage","additive_shared","additive_shared","previous_dose_additive",30,30,30,3,2,0.0178571428571429,28,5,1,0.3,3,1,5,0,0,0.26,0.2,0.221633619683443,0.250036373937988,46.1368376489416,0.120745115739616,92.2,15.1,0.7,4.833,3.951,1.905,30,17.921,972.561864768018,0,1000
9,20,5,"five_scenarios_txt",1,"one_stage","one_stage","additive_shared","additive_shared","previous_dose_additive",30,30,30,3,2,0.0178571428571429,28,3,2,0.3,3,1,1,0,0,0.07,0.05,0.134374594286743,0.120888065670846,41.878300168781,0.120787897380036,2,4.8,5.8,5.283,3.618,1.847,29.61,18.724,1020.03068235045,2.6,1000
9,20,5,"five_scenarios_txt",1,"one_stage","one_stage","additive_shared","additive_shared","previous_dose_additive",30,30,30,3,2,0.0178571428571429,28,3,2,0.3,3,1,2,0,0,0.14,0.25,0.178015662576678,0.223223287827208,46.2727707665654,0.120787897380036,8.5,45.1,5.8,10.998,8.269,4.32,29.61,18.724,1020.03068235045,2.6,1000
9,20,5,"five_scenarios_txt",1,"one_stage","one_stage","additive_shared","additive_shared","previous_dose_additive",30,30,30,3,2,0.0178571428571429,28,3,2,0.3,3,1,3,0,0,0.31,0.25,0.267981330974653,0.24169998931498,43.7827461199127,0.120787897380036,36.2,28.5,5.8,7.467,6.009,2.667,29.61,18.724,1020.03068235045,2.6,1000
9,20,5,"five_scenarios_txt",1,"one_stage","one_stage","additive_shared","additive_shared","previous_dose_additive",30,30,30,3,2,0.0178571428571429,28,3,2,0.3,3,1,4,0,0,0.41,0.25,0.314364305977571,0.315906724205847,46.379831213248,0.120787897380036,36.4,12.5,5.8,4.398,3.729,1.558,29.61,18.724,1020.03068235045,2.6,1000
9,20,5,"five_scenarios_txt",1,"one_stage","one_stage","additive_shared","additive_shared","previous_dose_additive",30,30,30,3,2,0.0178571428571429,28,3,2,0.3,3,1,5,0,0,0.52,0.25,0.409938096063945,0.426998343385364,49.222376760564,0.120787897380036,16.8,3.3,5.8,1.464,1.28,0.494,29.61,18.724,1020.03068235045,2.6,1000
10,24,4,"five_scenarios_txt",1,"one_stage","one_stage","additive_shared","additive_shared","previous_dose_additive",30,30,30,3,2,0.0178571428571429,28,5,4,0.3,3,1,1,0,0,0.01,0.05,0.0283097330629528,0.145637866954725,47.6058826947654,0.121546875946439,0,0.6,0.1,3.393,2.385,1.07,30,19.447,1076.76708128865,0,1000
10,24,4,"five_scenarios_txt",1,"one_stage","one_stage","additive_shared","additive_shared","previous_dose_additive",30,30,30,3,2,0.0178571428571429,28,5,4,0.3,3,1,2,0,0,0.02,0.08,0.0451789989583651,0.16438908723619,48.0561852758368,0.121546875946439,0,0.7,0.1,3.465,2.909,1.631,30,19.447,1076.76708128865,0,1000
10,24,4,"five_scenarios_txt",1,"one_stage","one_stage","additive_shared","additive_shared","previous_dose_additive",30,30,30,3,2,0.0178571428571429,28,5,4,0.3,3,1,3,0,0,0.05,0.2,0.0901972763822721,0.231324893015292,50.2716025256266,0.121546875946439,0,5.5,0.1,4.452,3.708,1.851,30,19.447,1076.76708128865,0,1000
10,24,4,"five_scenarios_txt",1,"one_stage","one_stage","additive_shared","additive_shared","previous_dose_additive",30,30,30,3,2,0.0178571428571429,28,5,4,0.3,3,1,4,0,0,0.1,0.5,0.118665777814792,0.424088891594731,60.6987023830922,0.121546875946439,1.4,58.3,0.1,12.096,9.422,4.074,30,19.447,1076.76708128865,0,1000
10,24,4,"five_scenarios_txt",1,"one_stage","one_stage","additive_shared","additive_shared","previous_dose_additive",30,30,30,3,2,0.0178571428571429,28,5,4,0.3,3,1,5,0,0,0.25,0.5,0.188541977048849,0.447103134501816,59.284508988155,0.121546875946439,98.6,34.8,0.1,6.594,5.398,1.927,30,19.447,1076.76708128865,0,1000
11,27,2,"higher_gap_above_MTD",1,"one_stage","one_stage","additive_shared","additive_shared","previous_dose_additive",30,30,30,3,2,0.0178571428571429,28,3,3,0.3,3,1,1,0,0,0.11,0.1,0.159671217153478,0.140889469306289,42.0665194722382,0.116700085604252,3.6,10.4,7.3,7.143,4.866,2.496,29.289,19.2,1052.33739516784,4.2,1000
11,27,2,"higher_gap_above_MTD",1,"one_stage","one_stage","additive_shared","additive_shared","previous_dose_additive",30,30,30,3,2,0.0178571428571429,28,3,3,0.3,3,1,2,0,0,0.17,0.2,0.206766514178931,0.21041060640721,44.3539758172754,0.116700085604252,16.3,25,7.3,8.295,6.387,3.262,29.289,19.2,1052.33739516784,4.2,1000
11,27,2,"higher_gap_above_MTD",1,"one_stage","one_stage","additive_shared","additive_shared","previous_dose_additive",30,30,30,3,2,0.0178571428571429,28,3,3,0.3,3,1,3,0,0,0.3,0.4,0.30104007185913,0.364189579478445,49.8097718943415,0.116700085604252,44.7,45.5,7.3,9.591,7.748,3.054,29.289,19.2,1052.33739516784,4.2,1000
11,27,2,"higher_gap_above_MTD",1,"one_stage","one_stage","additive_shared","additive_shared","previous_dose_additive",30,30,30,3,2,0.0178571428571429,28,3,3,0.3,3,1,4,0,0,0.5,0.42,0.348504786523644,0.427091142888089,51.6852771123396,0.116700085604252,28.4,10.9,7.3,3.603,3.158,1.095,29.289,19.2,1052.33739516784,4.2,1000
11,27,2,"higher_gap_above_MTD",1,"one_stage","one_stage","additive_shared","additive_shared","previous_dose_additive",30,30,30,3,2,0.0178571428571429,28,3,3,0.3,3,1,5,0,0,0.62,0.45,0.444405758272513,0.490747048265326,51.668592565019,0.116700085604252,6.6,0.9,7.3,0.657,0.603,0.182,29.289,19.2,1052.33739516784,4.2,1000
12,38,38,"user_added",1,"one_stage","one_stage","additive_shared","additive_shared","previous_dose_additive",30,30,30,3,2,0.0178571428571429,28,5,5,0.3,3,1,1,0,0,0.05,0.05,0.0595883978585512,0.12742716755355,45.262094138871,0.120413161538225,0.4,4.1,4.6,4.662,3.234,1.595,29.85,18.64,1021.0219945458,1.2,1000
12,38,38,"user_added",1,"one_stage","one_stage","additive_shared","additive_shared","previous_dose_additive",30,30,30,3,2,0.0178571428571429,28,5,5,0.3,3,1,2,0,0,0.1,0.08,0.087124194629743,0.147048433805749,45.3379382431552,0.120413161538225,1.1,7.8,4.6,4.644,3.76,2.113,29.85,18.64,1021.0219945458,1.2,1000
12,38,38,"user_added",1,"one_stage","one_stage","additive_shared","additive_shared","previous_dose_additive",30,30,30,3,2,0.0178571428571429,28,5,5,0.3,3,1,3,0,0,0.12,0.12,0.15250683205451,0.170291002615123,44.117186874727,0.120413161538225,2.4,9.2,4.6,5.046,4.044,2.097,29.85,18.64,1021.0219945458,1.2,1000
12,38,38,"user_added",1,"one_stage","one_stage","additive_shared","additive_shared","previous_dose_additive",30,30,30,3,2,0.0178571428571429,28,5,5,0.3,3,1,4,0,0,0.15,0.15,0.190236344439496,0.191374004414442,43.8729864872867,0.120413161538225,16.1,12.9,4.6,5.376,4.271,2.348,29.85,18.64,1021.0219945458,1.2,1000
12,38,38,"user_added",1,"one_stage","one_stage","additive_shared","additive_shared","previous_dose_additive",30,30,30,3,2,0.0178571428571429,28,5,5,0.3,3,1,5,0,0,0.3,0.5,0.275710282462042,0.460035433569704,56.5737147157005,0.120413161538225,80,61.4,4.6,10.122,8.249,3.057,29.85,18.64,1021.0219945458,1.2,1000
13,1,1,"base_example",1,"two_stage","one_stage","additive_shared","additive_shared","previous_dose_additive",30,6,30,3,2,0.0178571428571429,28,1,1,0.3,3,1,1,0.3,0.3,0.3,0.05,0.341521277961593,0.0809218974510307,31.1944627285981,0.136093288569582,60.1,9.9,79.9,11.484,7.827,3.931,19.389,12.3,660.017852730762,67.7,1000
13,1,1,"base_example",1,"two_stage","one_stage","additive_shared","additive_shared","previous_dose_additive",30,6,30,3,2,0.0178571428571429,28,1,1,0.3,3,1,2,0.3,0.3,0.35,0.06,0.395599239047972,0.254710211039786,39.4586431004683,0.136093288569582,19.9,7.1,79.9,4.896,3.81,1.999,19.389,12.3,660.017852730762,67.7,1000
13,1,1,"base_example",1,"two_stage","one_stage","additive_shared","additive_shared","previous_dose_additive",30,6,30,3,2,0.0178571428571429,28,1,1,0.3,3,1,3,0.3,0.3,0.4,0.07,0.491146904272561,0.377961364246289,43.0318056838749,0.136093288569582,7.1,2.6,79.9,2.094,1.687,0.788,19.389,12.3,660.017852730762,67.7,1000
13,1,1,"base_example",1,"two_stage","one_stage","additive_shared","additive_shared","previous_dose_additive",30,6,30,3,2,0.0178571428571429,28,1,1,0.3,3,1,4,0.3,0.3,0.45,0.08,0.534806727062733,0.4526209420092,45.7649874380427,0.136093288569582,1.9,0.4,79.9,0.714,0.604,0.29,19.389,12.3,660.017852730762,67.7,1000
13,1,1,"base_example",1,"two_stage","one_stage","additive_shared","additive_shared","previous_dose_additive",30,6,30,3,2,0.0178571428571429,28,1,1,0.3,3,1,5,0.3,0.3,0.5,0.09,0.616653892376164,0.484908433490374,44.4283503143759,0.136093288569582,0.2,0.1,79.9,0.201,0.17,0.081,19.389,12.3,660.017852730762,67.7,1000
14,16,1,"five_scenarios_txt",1,"two_stage","one_stage","additive_shared","additive_shared","previous_dose_additive",30,6,30,3,2,0.0178571428571429,28,5,1,0.3,3,1,1,0.3,0.3,0.02,0.2,0.0429382421115205,0.193728780609162,49.9061971520889,0.123173481308554,0,20.1,0.3,6.537,4.684,2.376,30,17.923,973.785278787365,0,1000
14,16,1,"five_scenarios_txt",1,"two_stage","one_stage","additive_shared","additive_shared","previous_dose_additive",30,6,30,3,2,0.0178571428571429,28,5,1,0.3,3,1,2,0.3,0.3,0.06,0.2,0.0651225064295952,0.211938801236292,50.1114278169937,0.123173481308554,0.2,26.9,0.3,6.93,5.415,2.879,30,17.923,973.785278787365,0,1000
14,16,1,"five_scenarios_txt",1,"two_stage","one_stage","additive_shared","additive_shared","previous_dose_additive",30,6,30,3,2,0.0178571428571429,28,5,1,0.3,3,1,3,0.3,0.3,0.09,0.2,0.120404595810147,0.219489514850438,48.3531870586204,0.123173481308554,0.6,20.9,0.3,6.093,4.926,2.523,30,17.923,973.785278787365,0,1000
14,16,1,"five_scenarios_txt",1,"two_stage","one_stage","additive_shared","additive_shared","previous_dose_additive",30,6,30,3,2,0.0178571428571429,28,5,1,0.3,3,1,4,0.3,0.3,0.14,0.2,0.15357108496923,0.225709710663088,47.3997392410161,0.123173481308554,7.7,19.6,0.3,5.733,4.678,2.451,30,17.923,973.785278787365,0,1000
14,16,1,"five_scenarios_txt",1,"two_stage","one_stage","additive_shared","additive_shared","previous_dose_additive",30,6,30,3,2,0.0178571428571429,28,5,1,0.3,3,1,5,0.3,0.3,0.26,0.2,0.231375081974196,0.263946339332335,46.5817770809722,0.123173481308554,91.5,12.2,0.3,4.707,3.913,1.848,30,17.923,973.785278787365,0,1000
15,20,5,"five_scenarios_txt",1,"two_stage","one_stage","additive_shared","additive_shared","previous_dose_additive",30,6,30,3,2,0.0178571428571429,28,3,2,0.3,3,1,1,0.3,0.3,0.07,0.05,0.145281076401124,0.121611628379201,41.4854546467071,0.138518498895262,1.8,5,5.1,5.106,3.519,1.777,29.622,18.749,1025.7963748655,2.4,1000
15,20,5,"five_scenarios_txt",1,"two_stage","one_stage","additive_shared","additive_shared","previous_dose_additive",30,6,30,3,2,0.0178571428571429,28,3,2,0.3,3,1,2,0.3,0.3,0.14,0.25,0.190730175986364,0.235799670236704,46.5187731747476,0.138518498895262,12.5,46.9,5.1,10.476,7.944,4.175,29.622,18.749,1025.7963748655,2.4,1000
15,20,5,"five_scenarios_txt",1,"two_stage","one_stage","additive_shared","additive_shared","previous_dose_additive",30,6,30,3,2,0.0178571428571429,28,3,2,0.3,3,1,3,0.3,0.3,0.31,0.25,0.283092434694897,0.268642451553837,44.7948497054344,0.138518498895262,41.5,31.9,5.1,8.109,6.553,2.839,29.622,18.749,1025.7963748655,2.4,1000
15,20,5,"five_scenarios_txt",1,"two_stage","one_stage","additive_shared","additive_shared","previous_dose_additive",30,6,30,3,2,0.0178571428571429,28,3,2,0.3,3,1,4,0.3,0.3,0.41,0.25,0.330155495974025,0.327722393982516,46.45712379999,0.138518498895262,33.2,9.8,5.1,4.533,3.854,1.644,29.622,18.749,1025.7963748655,2.4,1000
15,20,5,"five_scenarios_txt",1,"two_stage","one_stage","additive_shared","additive_shared","previous_dose_additive",30,6,30,3,2,0.0178571428571429,28,3,2,0.3,3,1,5,0.3,0.3,0.52,0.25,0.426177860713494,0.430417928417539,48.7779612765126,0.138518498895262,10.9,1.3,5.1,1.398,1.231,0.438,29.622,18.749,1025.7963748655,2.4,1000
16,24,4,"five_scenarios_txt",1,"two_stage","one_stage","additive_shared","additive_shared","previous_dose_additive",30,6,30,3,2,0.0178571428571429,28,5,4,0.3,3,1,1,0.3,0.3,0.01,0.05,0.0303436930373184,0.147399068480912,47.630196387362,0.130164168967375,0,0.7,0.2,3.309,2.313,1.043,30,19.506,1072.99226300566,0,1000
16,24,4,"five_scenarios_txt",1,"two_stage","one_stage","additive_shared","additive_shared","previous_dose_additive",30,6,30,3,2,0.0178571428571429,28,5,4,0.3,3,1,2,0.3,0.3,0.02,0.08,0.0480933459782687,0.16778635013238,48.143447168812,0.130164168967375,0,0.7,0.2,3.453,2.911,1.635,30,19.506,1072.99226300566,0,1000
16,24,4,"five_scenarios_txt",1,"two_stage","one_stage","additive_shared","additive_shared","previous_dose_additive",30,6,30,3,2,0.0178571428571429,28,5,4,0.3,3,1,3,0.3,0.3,0.05,0.2,0.0950060117463982,0.240736651060422,50.6439585937694,0.130164168967375,0,5.1,0.2,4.359,3.629,1.835,30,19.506,1072.99226300566,0,1000
16,24,4,"five_scenarios_txt",1,"two_stage","one_stage","additive_shared","additive_shared","previous_dose_additive",30,6,30,3,2,0.0178571428571429,28,5,4,0.3,3,1,4,0.3,0.3,0.1,0.5,0.124446526951899,0.444325921032796,61.6816941838918,0.130164168967375,1.5,50.8,0.2,10.293,8.313,3.533,30,19.506,1072.99226300566,0,1000
16,24,4,"five_scenarios_txt",1,"two_stage","one_stage","additive_shared","additive_shared","previous_dose_additive",30,6,30,3,2,0.0178571428571429,28,5,4,0.3,3,1,5,0.3,0.3,0.25,0.5,0.196206008987892,0.469961905824012,60.349473989925,0.130164168967375,98.5,42.5,0.2,8.586,7.102,2.448,30,19.506,1072.99226300566,0,1000
17,27,2,"higher_gap_above_MTD",1,"two_stage","one_stage","additive_shared","additive_shared","previous_dose_additive",30,6,30,3,2,0.0178571428571429,28,3,3,0.3,3,1,1,0.3,0.3,0.11,0.1,0.169560914565877,0.141078669528149,41.6822835890539,0.129752968590765,4.9,11.1,8.7,7.134,4.911,2.507,29.271,19.284,1049.61316393295,5.2,1000
17,27,2,"higher_gap_above_MTD",1,"two_stage","one_stage","additive_shared","additive_shared","previous_dose_additive",30,6,30,3,2,0.0178571428571429,28,3,3,0.3,3,1,2,0.3,0.3,0.17,0.2,0.218061226952759,0.218034733200282,44.3596349139066,0.129752968590765,20.7,26.3,8.7,8.295,6.418,3.301,29.271,19.284,1049.61316393295,5.2,1000
17,27,2,"higher_gap_above_MTD",1,"two_stage","one_stage","additive_shared","additive_shared","previous_dose_additive",30,6,30,3,2,0.0178571428571429,28,3,3,0.3,3,1,3,0.3,0.3,0.3,0.4,0.314026002001276,0.388666174754161,50.7589304051986,0.129752968590765,48,45.1,8.7,9.174,7.578,2.874,29.271,19.284,1049.61316393295,5.2,1000
17,27,2,"higher_gap_above_MTD",1,"two_stage","one_stage","additive_shared","additive_shared","previous_dose_additive",30,6,30,3,2,0.0178571428571429,28,3,3,0.3,3,1,4,0.3,0.3,0.5,0.42,0.361885897788768,0.448982989140777,52.4635434368959,0.129752968590765,23.7,8.6,8.7,3.816,3.41,1.102,29.271,19.284,1049.61316393295,5.2,1000
17,27,2,"higher_gap_above_MTD",1,"two_stage","one_stage","additive_shared","additive_shared","previous_dose_additive",30,6,30,3,2,0.0178571428571429,28,3,3,0.3,3,1,5,0.3,0.3,0.62,0.45,0.457829396174324,0.489650352324121,51.0658452924743,0.129752968590765,2.4,0.2,8.7,0.852,0.789,0.203,29.271,19.284,1049.61316393295,5.2,1000
18,38,38,"user_added",1,"two_stage","one_stage","additive_shared","additive_shared","previous_dose_additive",30,6,30,3,2,0.0178571428571429,28,5,5,0.3,3,1,1,0.3,0.3,0.05,0.05,0.0654621916470671,0.127842620948633,45.0520695910353,0.126718621306072,0.5,4.9,4.6,4.65,3.225,1.596,29.82,18.593,1012.3779267187,1.4,1000
18,38,38,"user_added",1,"two_stage","one_stage","additive_shared","additive_shared","previous_dose_additive",30,6,30,3,2,0.0178571428571429,28,5,5,0.3,3,1,2,0.3,0.3,0.1,0.08,0.0947511415079156,0.148279569670686,45.1067285199245,0.126718621306072,1.3,8,4.6,4.839,3.885,2.215,29.82,18.593,1012.3779267187,1.4,1000
18,38,38,"user_added",1,"two_stage","one_stage","additive_shared","additive_shared","previous_dose_additive",30,6,30,3,2,0.0178571428571429,28,5,5,0.3,3,1,3,0.3,0.3,0.12,0.12,0.163258446117396,0.173697575007036,43.8915166557263,0.126718621306072,3,9.6,4.6,5.178,4.129,2.177,29.82,18.593,1012.3779267187,1.4,1000
18,38,38,"user_added",1,"two_stage","one_stage","additive_shared","additive_shared","previous_dose_additive",30,6,30,3,2,0.0178571428571429,28,5,5,0.3,3,1,4,0.3,0.3,0.15,0.15,0.202311928628401,0.205213319532489,44.2203220268133,0.126718621306072,19.2,13.4,4.6,5.517,4.368,2.371,29.82,18.593,1012.3779267187,1.4,1000
18,38,38,"user_added",1,"two_stage","one_stage","additive_shared","additive_shared","previous_dose_additive",30,6,30,3,2,0.0178571428571429,28,5,5,0.3,3,1,5,0.3,0.3,0.3,0.5,0.289837639331078,0.473257278327625,56.8019311264144,0.126718621306072,76,59.5,4.6,9.636,7.937,2.868,29.82,18.593,1012.3779267187,1.4,1000
19,1,1,"base_example",1,"one_stage","one_stage","additive_shared","additive_shared","previous_dose_additive",30,30,30,3,2,0.0178571428571429,28,1,1,0.3,3,1,1,0.3,0.3,0.3,0.05,0.342482156978589,0.0812944480422366,31.1783806033906,0.136031467911888,60,10.2,81.1,11.565,7.869,3.964,19.335,12.269,660.125701069596,67.4,1000
19,1,1,"base_example",1,"one_stage","one_stage","additive_shared","additive_shared","previous_dose_additive",30,30,30,3,2,0.0178571428571429,28,1,1,0.3,3,1,2,0.3,0.3,0.35,0.06,0.396560308329823,0.254946495294351,39.4343773844682,0.136031467911888,19.4,5.6,81.1,4.818,3.733,1.961,19.335,12.269,660.125701069596,67.4,1000
19,1,1,"base_example",1,"one_stage","one_stage","additive_shared","additive_shared","previous_dose_additive",30,30,30,3,2,0.0178571428571429,28,1,1,0.3,3,1,3,0.3,0.3,0.4,0.07,0.492076530782385,0.379837130663815,43.1071666085335,0.136031467911888,7.1,2.7,81.1,2.079,1.654,0.782,19.335,12.269,660.125701069596,67.4,1000
19,1,1,"base_example",1,"one_stage","one_stage","additive_shared","additive_shared","previous_dose_additive",30,30,30,3,2,0.0178571428571429,28,1,1,0.3,3,1,4,0.3,0.3,0.45,0.08,0.535708258686033,0.451215197204613,45.6445814848354,0.136031467911888,2,0.3,81.1,0.687,0.578,0.287,19.335,12.269,660.125701069596,67.4,1000
19,1,1,"base_example",1,"one_stage","one_stage","additive_shared","additive_shared","previous_dose_additive",30,30,30,3,2,0.0178571428571429,28,1,1,0.3,3,1,5,0.3,0.3,0.5,0.09,0.617478609913517,0.486007249973462,44.461290601867,0.136031467911888,0.2,0.1,81.1,0.186,0.157,0.072,19.335,12.269,660.125701069596,67.4,1000
20,16,1,"five_scenarios_txt",1,"one_stage","one_stage","additive_shared","additive_shared","previous_dose_additive",30,30,30,3,2,0.0178571428571429,28,5,1,0.3,3,1,1,0.3,0.3,0.02,0.2,0.0428864363352926,0.192869716959376,49.8567255641508,0.125630494773393,0,20.4,0.3,6.774,4.882,2.422,30,17.906,972.227756704391,0,1000
20,16,1,"five_scenarios_txt",1,"one_stage","one_stage","additive_shared","additive_shared","previous_dose_additive",30,30,30,3,2,0.0178571428571429,28,5,1,0.3,3,1,2,0.3,0.3,0.06,0.2,0.0650840089367084,0.210003226452555,49.9968332296849,0.125630494773393,0.2,26,0.3,7.176,5.574,2.962,30,17.906,972.227756704391,0,1000
20,16,1,"five_scenarios_txt",1,"one_stage","one_stage","additive_shared","additive_shared","previous_dose_additive",30,30,30,3,2,0.0178571428571429,28,5,1,0.3,3,1,3,0.3,0.3,0.09,0.2,0.120379071089264,0.220158166223713,48.3943271298522,0.125630494773393,0.6,20.7,0.3,6.027,4.866,2.54,30,17.906,972.227756704391,0,1000
20,16,1,"five_scenarios_txt",1,"one_stage","one_stage","additive_shared","additive_shared","previous_dose_additive",30,30,30,3,2,0.0178571428571429,28,5,1,0.3,3,1,4,0.3,0.3,0.14,0.2,0.153534704270736,0.228986800231163,47.5978198430404,0.125630494773393,7.9,20.8,0.3,5.562,4.525,2.393,30,17.906,972.227756704391,0,1000
20,16,1,"five_scenarios_txt",1,"one_stage","one_stage","additive_shared","additive_shared","previous_dose_additive",30,30,30,3,2,0.0178571428571429,28,5,1,0.3,3,1,5,0.3,0.3,0.26,0.2,0.231261496818394,0.269699370193279,46.931502338861,0.125630494773393,91.3,11.8,0.3,4.461,3.677,1.777,30,17.906,972.227756704391,0,1000
21,20,5,"five_scenarios_txt",1,"one_stage","one_stage","additive_shared","additive_shared","previous_dose_additive",30,30,30,3,2,0.0178571428571429,28,3,2,0.3,3,1,1,0.3,0.3,0.07,0.05,0.142350526652472,0.120144113128376,41.5146257216037,0.137468314019345,1.9,3.8,5.5,5.265,3.607,1.844,29.613,18.696,1025.17762699977,2.7,1000
21,20,5,"five_scenarios_txt",1,"one_stage","one_stage","additive_shared","additive_shared","previous_dose_additive",30,30,30,3,2,0.0178571428571429,28,3,2,0.3,3,1,2,0.3,0.3,0.14,0.25,0.187356028639069,0.229783796380956,46.2927866372946,0.137468314019345,11.8,45.2,5.5,11.037,8.307,4.322,29.613,18.696,1025.17762699977,2.7,1000
21,20,5,"five_scenarios_txt",1,"one_stage","one_stage","additive_shared","additive_shared","previous_dose_additive",30,30,30,3,2,0.0178571428571429,28,3,2,0.3,3,1,3,0.3,0.3,0.31,0.25,0.279160756402245,0.26318607647409,44.6247343323556,0.137468314019345,39.2,32.7,5.5,8.007,6.394,2.855,29.613,18.696,1025.17762699977,2.7,1000
21,20,5,"five_scenarios_txt",1,"one_stage","one_stage","additive_shared","additive_shared","previous_dose_additive",30,30,30,3,2,0.0178571428571429,28,3,2,0.3,3,1,4,0.3,0.3,0.41,0.25,0.326081026893051,0.330947766865366,46.8136249361999,0.137468314019345,34.2,11,5.5,4.161,3.519,1.515,29.613,18.696,1025.17762699977,2.7,1000
21,20,5,"five_scenarios_txt",1,"one_stage","one_stage","additive_shared","additive_shared","previous_dose_additive",30,30,30,3,2,0.0178571428571429,28,3,2,0.3,3,1,5,0.3,0.3,0.52,0.25,0.422049163526778,0.443994443240212,49.7577000533416,0.137468314019345,12.8,1.8,5.5,1.143,0.996,0.381,29.613,18.696,1025.17762699977,2.7,1000
22,24,4,"five_scenarios_txt",1,"one_stage","one_stage","additive_shared","additive_shared","previous_dose_additive",30,30,30,3,2,0.0178571428571429,28,5,4,0.3,3,1,1,0.3,0.3,0.01,0.05,0.0288362146437991,0.146826341025564,47.6561318757819,0.128723513250303,0,0.4,0.1,3.321,2.318,1.041,30,19.403,1073.18478398226,0,1000
22,24,4,"five_scenarios_txt",1,"one_stage","one_stage","additive_shared","additive_shared","previous_dose_additive",30,30,30,3,2,0.0178571428571429,28,5,4,0.3,3,1,2,0.3,0.3,0.02,0.08,0.0458814406417749,0.168619989548678,48.2819417472497,0.128723513250303,0,0.9,0.1,3.429,2.887,1.627,30,19.403,1073.18478398226,0,1000
22,24,4,"five_scenarios_txt",1,"one_stage","one_stage","additive_shared","additive_shared","previous_dose_additive",30,30,30,3,2,0.0178571428571429,28,5,4,0.3,3,1,3,0.3,0.3,0.05,0.2,0.0912409695137451,0.236212637678288,50.5231194801475,0.128723513250303,0,4.9,0.1,4.494,3.728,1.849,30,19.403,1073.18478398226,0,1000
22,24,4,"five_scenarios_txt",1,"one_stage","one_stage","additive_shared","additive_shared","previous_dose_additive",30,30,30,3,2,0.0178571428571429,28,5,4,0.3,3,1,4,0.3,0.3,0.1,0.5,0.119871743893662,0.436744444927384,61.4097969398966,0.128723513250303,1.2,55.8,0.1,12.153,9.447,4.085,30,19.403,1073.18478398226,0,1000
22,24,4,"five_scenarios_txt",1,"one_stage","one_stage","additive_shared","additive_shared","previous_dose_additive",30,30,30,3,2,0.0178571428571429,28,5,4,0.3,3,1,5,0.3,0.3,0.25,0.5,0.190047030830455,0.478497570768961,61.1079730129194,0.128723513250303,98.8,37.9,0.1,6.603,5.321,1.995,30,19.403,1073.18478398226,0,1000
23,27,2,"higher_gap_above_MTD",1,"one_stage","one_stage","additive_shared","additive_shared","previous_dose_additive",30,30,30,3,2,0.0178571428571429,28,3,3,0.3,3,1,1,0.3,0.3,0.11,0.1,0.166613869019323,0.139990716510527,41.7348882298587,0.132880978422637,4.8,9.7,8,7.284,4.971,2.559,29.232,19.083,1041.84707659692,5,1000
23,27,2,"higher_gap_above_MTD",1,"one_stage","one_stage","additive_shared","additive_shared","previous_dose_additive",30,30,30,3,2,0.0178571428571429,28,3,3,0.3,3,1,2,0.3,0.3,0.17,0.2,0.214613104884017,0.213897413632371,44.2493206225816,0.132880978422637,18.8,25.4,8,8.583,6.57,3.398,29.232,19.083,1041.84707659692,5,1000
23,27,2,"higher_gap_above_MTD",1,"one_stage","one_stage","additive_shared","additive_shared","previous_dose_additive",30,30,30,3,2,0.0178571428571429,28,3,3,0.3,3,1,3,0.3,0.3,0.3,0.4,0.309937862948771,0.382553537318346,50.5556977211499,0.132880978422637,45.9,46.8,8,9.636,7.798,3.057,29.232,19.083,1041.84707659692,5,1000
23,27,2,"higher_gap_above_MTD",1,"one_stage","one_stage","additive_shared","additive_shared","previous_dose_additive",30,30,30,3,2,0.0178571428571429,28,3,3,0.3,3,1,4,0.3,0.3,0.5,0.42,0.357627004661179,0.452801110388309,52.8629864368514,0.132880978422637,26.2,9.8,8,3.312,2.893,1.017,29.232,19.083,1041.84707659692,5,1000
23,27,2,"higher_gap_above_MTD",1,"one_stage","one_stage","additive_shared","additive_shared","previous_dose_additive",30,30,30,3,2,0.0178571428571429,28,3,3,0.3,3,1,5,0.3,0.3,0.62,0.45,0.453482439453082,0.497792573049632,51.7282568048547,0.132880978422637,3.9,0.3,8,0.417,0.387,0.118,29.232,19.083,1041.84707659692,5,1000
24,38,38,"user_added",1,"one_stage","one_stage","additive_shared","additive_shared","previous_dose_additive",30,30,30,3,2,0.0178571428571429,28,5,5,0.3,3,1,1,0.3,0.3,0.05,0.05,0.0650531307277071,0.127847424541807,45.0687202434002,0.128086426566925,0.5,3.8,5,4.671,3.246,1.597,29.844,18.571,1009.38888243464,1.4,1000
24,38,38,"user_added",1,"one_stage","one_stage","additive_shared","additive_shared","previous_dose_additive",30,30,30,3,2,0.0178571428571429,28,5,5,0.3,3,1,2,0.3,0.3,0.1,0.08,0.0942511411754869,0.147633726770205,45.0879779591928,0.128086426566925,1.2,8.2,5,4.953,3.975,2.259,29.844,18.571,1009.38888243464,1.4,1000
24,38,38,"user_added",1,"one_stage","one_stage","additive_shared","additive_shared","previous_dose_additive",30,30,30,3,2,0.0178571428571429,28,5,5,0.3,3,1,3,0.3,0.3,0.12,0.12,0.162594472577086,0.171573938187781,43.7906573881834,0.128086426566925,3.4,10.4,5,5.304,4.217,2.203,29.844,18.571,1009.38888243464,1.4,1000
24,38,38,"user_added",1,"one_stage","one_stage","additive_shared","additive_shared","previous_dose_additive",30,30,30,3,2,0.0178571428571429,28,5,5,0.3,3,1,4,0.3,0.3,0.15,0.15,0.201574931417472,0.204662819205439,44.2167718956274,0.128086426566925,18,13,5,5.409,4.285,2.366,29.844,18.571,1009.38888243464,1.4,1000
24,38,38,"user_added",1,"one_stage","one_stage","additive_shared","additive_shared","previous_dose_additive",30,30,30,3,2,0.0178571428571429,28,5,5,0.3,3,1,5,0.3,0.3,0.3,0.5,0.288976126523592,0.470377231684492,56.6635888401258,0.128086426566925,76.9,59.6,5,9.507,7.829,2.848,29.844,18.571,1009.38888243464,1.4,1000
25,1,1,"base_example",1,"two_stage","one_stage","additive_shared","additive_shared","previous_dose_additive",30,6,30,3,2,0.0178571428571429,28,1,1,0.3,3,1,1,0.6,0.6,0.3,0.05,0.346199890396509,0.0826783770707743,31.1127070083861,0.149868511569412,61.8,11.2,80,11.586,7.924,3.962,19.092,12.034,654.758193221316,69.5,1000
25,1,1,"base_example",1,"two_stage","one_stage","additive_shared","additive_shared","previous_dose_additive",30,6,30,3,2,0.0178571428571429,28,1,1,0.3,3,1,2,0.6,0.6,0.35,0.06,0.400440737490115,0.257552083326899,39.4354955000093,0.149868511569412,18.5,6.7,80,4.842,3.761,2.024,19.092,12.034,654.758193221316,69.5,1000
25,1,1,"base_example",1,"two_stage","one_stage","additive_shared","additive_shared","previous_dose_additive",30,6,30,3,2,0.0178571428571429,28,1,1,0.3,3,1,3,0.6,0.6,0.4,0.07,0.495990419149571,0.391217982667022,43.6334621940385,0.149868511569412,7.1,2,80,1.974,1.562,0.795,19.092,12.034,654.758193221316,69.5,1000
25,1,1,"base_example",1,"two_stage","one_stage","additive_shared","additive_shared","previous_dose_additive",30,6,30,3,2,0.0178571428571429,28,1,1,0.3,3,1,4,0.6,0.6,0.45,0.08,0.539540190673495,0.460504832625568,46.0486823305943,0.149868511569412,1.2,0.1,80,0.609,0.507,0.246,19.092,12.034,654.758193221316,69.5,1000
25,1,1,"base_example",1,"two_stage","one_stage","additive_shared","additive_shared","previous_dose_additive",30,6,30,3,2,0.0178571428571429,28,1,1,0.3,3,1,5,0.6,0.6,0.5,0.09,0.621009141576998,0.493379503258032,44.762404532402,0.149868511569412,0.2,0,80,0.081,0.071,0.031,19.092,12.034,654.758193221316,69.5,1000
26,16,1,"five_scenarios_txt",1,"two_stage","one_stage","additive_shared","additive_shared","previous_dose_additive",30,6,30,3,2,0.0178571428571429,28,5,1,0.3,3,1,1,0.6,0.6,0.02,0.2,0.0462064974473276,0.19460019841409,49.8277520069523,0.1285568805579,0,17.1,0.2,6.372,4.589,2.311,30,17.925,972.944501337864,0,1000
26,16,1,"five_scenarios_txt",1,"two_stage","one_stage","additive_shared","additive_shared","previous_dose_additive",30,6,30,3,2,0.0178571428571429,28,5,1,0.3,3,1,2,0.6,0.6,0.06,0.2,0.0695475635220953,0.224880535318743,50.7109295782407,0.1285568805579,0.2,27.5,0.2,7.059,5.489,2.914,30,17.925,972.944501337864,0,1000
26,16,1,"five_scenarios_txt",1,"two_stage","one_stage","additive_shared","additive_shared","previous_dose_additive",30,6,30,3,2,0.0178571428571429,28,5,1,0.3,3,1,3,0.6,0.6,0.09,0.2,0.127061600725814,0.238456958054172,49.2249534542178,0.1285568805579,0.7,23.4,0.2,6.15,4.947,2.557,30,17.925,972.944501337864,0,1000
26,16,1,"five_scenarios_txt",1,"two_stage","one_stage","additive_shared","additive_shared","previous_dose_additive",30,6,30,3,2,0.0178571428571429,28,5,1,0.3,3,1,4,0.6,0.6,0.14,0.2,0.16125816431862,0.244343597651569,48.2102892863493,0.1285568805579,9.3,19.9,0.2,5.844,4.736,2.511,30,17.925,972.944501337864,0,1000
26,16,1,"five_scenarios_txt",1,"two_stage","one_stage","additive_shared","additive_shared","previous_dose_additive",30,6,30,3,2,0.0178571428571429,28,5,1,0.3,3,1,5,0.6,0.6,0.26,0.2,0.240840785354153,0.284035908567365,47.4085230998758,0.1285568805579,89.8,11.9,0.2,4.575,3.801,1.782,30,17.925,972.944501337864,0,1000
27,20,5,"five_scenarios_txt",1,"two_stage","one_stage","additive_shared","additive_shared","previous_dose_additive",30,6,30,3,2,0.0178571428571429,28,3,2,0.3,3,1,1,0.6,0.6,0.07,0.05,0.153944689113432,0.120637000194185,41.0804324471138,0.156182948780861,2.2,4.5,6.3,5.247,3.611,1.843,29.61,18.718,1025.9871569719,2.5,1000
27,20,5,"five_scenarios_txt",1,"two_stage","one_stage","additive_shared","additive_shared","previous_dose_additive",30,6,30,3,2,0.0178571428571429,28,3,2,0.3,3,1,2,0.6,0.6,0.14,0.25,0.200839894759453,0.238411932070351,46.2711201338429,0.156182948780861,14.3,45.6,6.3,10.608,8.045,4.247,29.61,18.718,1025.9871569719,2.5,1000
27,20,5,"five_scenarios_txt",1,"two_stage","one_stage","additive_shared","additive_shared","previous_dose_additive",30,6,30,3,2,0.0178571428571429,28,3,2,0.3,3,1,3,0.6,0.6,0.31,0.25,0.295121721732558,0.290582738558941,45.6300954442341,0.156182948780861,47.7,34.2,6.3,8.472,6.851,2.901,29.61,18.718,1025.9871569719,2.5,1000
27,20,5,"five_scenarios_txt",1,"two_stage","one_stage","additive_shared","additive_shared","previous_dose_additive",30,6,30,3,2,0.0178571428571429,28,3,2,0.3,3,1,4,0.6,0.6,0.41,0.25,0.342730959247401,0.35928566509364,47.8479015357224,0.156182948780861,29.7,8.8,6.3,4.206,3.577,1.554,29.61,18.718,1025.9871569719,2.5,1000
27,20,5,"five_scenarios_txt",1,"two_stage","one_stage","additive_shared","additive_shared","previous_dose_additive",30,6,30,3,2,0.0178571428571429,28,3,2,0.3,3,1,5,0.6,0.6,0.52,0.25,0.439118256010962,0.449737773392764,49.4195361631274,0.156182948780861,6,0.6,6.3,1.077,0.966,0.347,29.61,18.718,1025.9871569719,2.5,1000
28,24,4,"five_scenarios_txt",1,"two_stage","one_stage","additive_shared","additive_shared","previous_dose_additive",30,6,30,3,2,0.0178571428571429,28,5,4,0.3,3,1,1,0.6,0.6,0.01,0.05,0.0324908402397652,0.148592291737462,47.6159038946571,0.131650005548343,0,0.6,0.2,3.216,2.242,1.003,30,19.611,1083.31333869316,0,1000
28,24,4,"five_scenarios_txt",1,"two_stage","one_stage","additive_shared","additive_shared","previous_dose_additive",30,6,30,3,2,0.0178571428571429,28,5,4,0.3,3,1,2,0.6,0.6,0.02,0.08,0.0512079610119125,0.172978604866118,48.3303978514906,0.131650005548343,0,1.1,0.2,3.366,2.839,1.607,30,19.611,1083.31333869316,0,1000
28,24,4,"five_scenarios_txt",1,"two_stage","one_stage","additive_shared","additive_shared","previous_dose_additive",30,6,30,3,2,0.0178571428571429,28,5,4,0.3,3,1,3,0.6,0.6,0.05,0.2,0.100235521346743,0.249307627745186,50.9490368108414,0.131650005548343,0.1,4.3,0.2,4.194,3.518,1.752,30,19.611,1083.31333869316,0,1000
28,24,4,"five_scenarios_txt",1,"two_stage","one_stage","additive_shared","additive_shared","previous_dose_additive",30,6,30,3,2,0.0178571428571429,28,5,4,0.3,3,1,4,0.6,0.6,0.1,0.5,0.130773011042776,0.462930135148469,62.5448876671971,0.131650005548343,1.9,49.2,0.2,10.233,8.305,3.482,30,19.611,1083.31333869316,0,1000
28,24,4,"five_scenarios_txt",1,"two_stage","one_stage","additive_shared","additive_shared","previous_dose_additive",30,6,30,3,2,0.0178571428571429,28,5,4,0.3,3,1,5,0.6,0.6,0.25,0.5,0.20467327024297,0.503290641480763,62.010507679127,0.131650005548343,98,44.6,0.2,8.991,7.395,2.545,30,19.611,1083.31333869316,0,1000
29,27,2,"higher_gap_above_MTD",1,"two_stage","one_stage","additive_shared","additive_shared","previous_dose_additive",30,6,30,3,2,0.0178571428571429,28,3,3,0.3,3,1,1,0.6,0.6,0.11,0.1,0.175889078038301,0.142390050699895,41.5078399204616,0.141115822712757,4.8,11,7.9,6.951,4.811,2.397,29.205,19.184,1050.70530091074,5.2,1000
29,27,2,"higher_gap_above_MTD",1,"two_stage","one_stage","additive_shared","additive_shared","previous_dose_additive",30,6,30,3,2,0.0178571428571429,28,3,3,0.3,3,1,2,0.6,0.6,0.17,0.2,0.22511861511395,0.228597404674866,44.711099675934,0.141115822712757,24.9,29.9,7.9,8.793,6.747,3.509,29.205,19.184,1050.70530091074,5.2,1000
29,27,2,"higher_gap_above_MTD",1,"two_stage","one_stage","additive_shared","additive_shared","previous_dose_additive",30,6,30,3,2,0.0178571428571429,28,3,3,0.3,3,1,3,0.6,0.6,0.3,0.4,0.321883009842023,0.412174665211421,51.8551595190043,0.141115822712757,49.1,45.2,7.9,9.6,7.91,2.981,29.205,19.184,1050.70530091074,5.2,1000
29,27,2,"higher_gap_above_MTD",1,"two_stage","one_stage","additive_shared","additive_shared","previous_dose_additive",30,6,30,3,2,0.0178571428571429,28,3,3,0.3,3,1,4,0.6,0.6,0.5,0.42,0.369885967779745,0.47433818787928,53.664852561567,0.141115822712757,18.7,5.8,7.9,3.294,2.953,0.977,29.205,19.184,1050.70530091074,5.2,1000
29,27,2,"higher_gap_above_MTD",1,"two_stage","one_stage","additive_shared","additive_shared","previous_dose_additive",30,6,30,3,2,0.0178571428571429,28,3,3,0.3,3,1,5,0.6,0.6,0.62,0.45,0.465702601729111,0.499390902171193,51.3353500611071,0.141115822712757,2.1,0.2,7.9,0.567,0.53,0.157,29.205,19.184,1050.70530091074,5.2,1000
30,38,38,"user_added",1,"two_stage","one_stage","additive_shared","additive_shared","previous_dose_additive",30,6,30,3,2,0.0178571428571429,28,5,5,0.3,3,1,1,0.6,0.6,0.05,0.05,0.0705562534189172,0.126840711796355,44.7881925710246,0.138248904947851,0.5,4.3,4.6,4.662,3.227,1.605,29.853,18.47,1009.53324601128,1.3,1000
30,38,38,"user_added",1,"two_stage","one_stage","additive_shared","additive_shared","previous_dose_additive",30,6,30,3,2,0.0178571428571429,28,5,5,0.3,3,1,2,0.6,0.6,0.1,0.08,0.101237262660047,0.148920335395723,44.8857296173415,0.138248904947851,1.4,9.1,4.6,5.091,4.058,2.33,29.853,18.47,1009.53324601128,1.3,1000
30,38,38,"user_added",1,"two_stage","one_stage","additive_shared","additive_shared","previous_dose_additive",30,6,30,3,2,0.0178571428571429,28,5,5,0.3,3,1,3,0.6,0.6,0.12,0.12,0.172038222974375,0.180249156245444,43.9334204557516,0.138248904947851,4,11.2,4.6,5.472,4.323,2.296,29.853,18.47,1009.53324601128,1.3,1000
30,38,38,"user_added",1,"two_stage","one_stage","additive_shared","additive_shared","previous_dose_additive",30,6,30,3,2,0.0178571428571429,28,5,5,0.3,3,1,4,0.6,0.6,0.15,0.15,0.211970696525522,0.217440150214332,44.567581151839,0.138248904947851,23.2,16.4,4.6,5.811,4.601,2.496,29.853,18.47,1009.53324601128,1.3,1000
30,38,38,"user_added",1,"two_stage","one_stage","additive_shared","additive_shared","previous_dose_additive",30,6,30,3,2,0.0178571428571429,28,5,5,0.3,3,1,5,0.6,0.6,0.3,0.5,0.30066546339149,0.482824472608845,56.9428498208711,0.138248904947851,70.9,54.4,4.6,8.817,7.276,2.656,29.853,18.47,1009.53324601128,1.3,1000
31,1,1,"base_example",1,"one_stage","one_stage","additive_shared","additive_shared","previous_dose_additive",30,30,30,3,2,0.0178571428571429,28,1,1,0.3,3,1,1,0.6,0.6,0.3,0.05,0.347588808014878,0.081655809589372,30.9957962547672,0.146151876142432,62.1,10.8,81.1,11.76,8.014,4.028,18.993,11.973,650.07797112426,70,1000
31,1,1,"base_example",1,"one_stage","one_stage","additive_shared","additive_shared","previous_dose_additive",30,30,30,3,2,0.0178571428571429,28,1,1,0.3,3,1,2,0.6,0.6,0.35,0.06,0.401844128783199,0.259807174593226,39.5146653242656,0.146151876142432,18.6,6,81.1,4.65,3.606,1.948,18.993,11.973,650.07797112426,70,1000
31,1,1,"base_example",1,"one_stage","one_stage","additive_shared","additive_shared","previous_dose_additive",30,30,30,3,2,0.0178571428571429,28,1,1,0.3,3,1,3,0.6,0.6,0.4,0.07,0.497350641981167,0.393231851682218,43.6998854216864,0.146151876142432,6.8,1.9,81.1,1.944,1.525,0.793,18.993,11.973,650.07797112426,70,1000
31,1,1,"base_example",1,"one_stage","one_stage","additive_shared","additive_shared","previous_dose_additive",30,30,30,3,2,0.0178571428571429,28,1,1,0.3,3,1,4,0.6,0.6,0.45,0.08,0.540854412747015,0.462488756352104,46.1151488712457,0.146151876142432,0.9,0.2,81.1,0.561,0.466,0.224,18.993,11.973,650.07797112426,70,1000
31,1,1,"base_example",1,"one_stage","one_stage","additive_shared","additive_shared","previous_dose_additive",30,30,30,3,2,0.0178571428571429,28,1,1,0.3,3,1,5,0.6,0.6,0.5,0.09,0.622196889583741,0.493454009019766,44.7193649578363,0.146151876142432,0.2,0,81.1,0.078,0.068,0.027,18.993,11.973,650.07797112426,70,1000
32,16,1,"five_scenarios_txt",1,"one_stage","one_stage","additive_shared","additive_shared","previous_dose_additive",30,30,30,3,2,0.0178571428571429,28,5,1,0.3,3,1,1,0.6,0.6,0.02,0.2,0.0461460630355549,0.194157490336618,49.8036068987749,0.131918524683181,0,17.1,0.2,6.507,4.708,2.298,30,17.921,975.325717180908,0,1000
32,16,1,"five_scenarios_txt",1,"one_stage","one_stage","additive_shared","additive_shared","previous_dose_additive",30,30,30,3,2,0.0178571428571429,28,5,1,0.3,3,1,2,0.6,0.6,0.06,0.2,0.0696003943331965,0.22358643771857,50.6311704897864,0.131918524683181,0.2,28.4,0.2,7.335,5.702,3.065,30,17.921,975.325717180908,0,1000
32,16,1,"five_scenarios_txt",1,"one_stage","one_stage","additive_shared","additive_shared","previous_dose_additive",30,30,30,3,2,0.0178571428571429,28,5,1,0.3,3,1,3,0.6,0.6,0.09,0.2,0.127468889545557,0.235704626522898,49.0435220095516,0.131918524683181,0.8,21.6,0.2,6.138,4.93,2.584,30,17.921,975.325717180908,0,1000
32,16,1,"five_scenarios_txt",1,"one_stage","one_stage","additive_shared","additive_shared","previous_dose_additive",30,30,30,3,2,0.0178571428571429,28,5,1,0.3,3,1,4,0.6,0.6,0.14,0.2,0.1618911283654,0.244886576212726,48.2175494381476,0.131918524683181,7.9,19.9,0.2,5.733,4.604,2.452,30,17.921,975.325717180908,0,1000
32,16,1,"five_scenarios_txt",1,"one_stage","one_stage","additive_shared","additive_shared","previous_dose_additive",30,30,30,3,2,0.0178571428571429,28,5,1,0.3,3,1,5,0.6,0.6,0.26,0.2,0.241980588374812,0.295353274576281,48.0419729395843,0.131918524683181,91.1,12.8,0.2,4.287,3.538,1.68,30,17.921,975.325717180908,0,1000
33,20,5,"five_scenarios_txt",1,"one_stage","one_stage","additive_shared","additive_shared","previous_dose_additive",30,30,30,3,2,0.0178571428571429,28,3,2,0.3,3,1,1,0.6,0.6,0.07,0.05,0.150864290514917,0.120603396964193,41.2016321972549,0.150538590259976,2.3,4.9,5.6,5.331,3.664,1.859,29.598,18.643,1019.14752283262,2.6,1000
33,20,5,"five_scenarios_txt",1,"one_stage","one_stage","additive_shared","additive_shared","previous_dose_additive",30,30,30,3,2,0.0178571428571429,28,3,2,0.3,3,1,2,0.6,0.6,0.14,0.25,0.197279131191273,0.234608943472008,46.1853713606696,0.150538590259976,12.9,44.5,5.6,11.319,8.517,4.433,29.598,18.643,1019.14752283262,2.6,1000
33,20,5,"five_scenarios_txt",1,"one_stage","one_stage","additive_shared","additive_shared","previous_dose_additive",30,30,30,3,2,0.0178571428571429,28,3,2,0.3,3,1,3,0.6,0.6,0.31,0.25,0.290948820161678,0.283139443614049,45.3504138103758,0.150538590259976,46.6,34.7,5.6,8.385,6.67,2.982,29.598,18.643,1019.14752283262,2.6,1000
33,20,5,"five_scenarios_txt",1,"one_stage","one_stage","additive_shared","additive_shared","previous_dose_additive",30,30,30,3,2,0.0178571428571429,28,3,2,0.3,3,1,4,0.6,0.6,0.41,0.25,0.338396874776314,0.357947418411584,47.9409701136425,0.150538590259976,30,8.9,5.6,3.747,3.174,1.413,29.598,18.643,1019.14752283262,2.6,1000
33,20,5,"five_scenarios_txt",1,"one_stage","one_stage","additive_shared","additive_shared","previous_dose_additive",30,30,30,3,2,0.0178571428571429,28,3,2,0.3,3,1,5,0.6,0.6,0.52,0.25,0.434710250245329,0.462138565977268,50.3399039488229,0.150538590259976,8.1,1.4,5.6,0.816,0.727,0.268,29.598,18.643,1019.14752283262,2.6,1000
34,24,4,"five_scenarios_txt",1,"one_stage","one_stage","additive_shared","additive_shared","previous_dose_additive",30,30,30,3,2,0.0178571428571429,28,5,4,0.3,3,1,1,0.6,0.6,0.01,0.05,0.030386345469173,0.147355671702041,47.6258864833556,0.132628069703515,0,0.3,0.1,3.267,2.277,1.021,30,19.473,1075.33969969152,0,1000
34,24,4,"five_scenarios_txt",1,"one_stage","one_stage","additive_shared","additive_shared","previous_dose_additive",30,30,30,3,2,0.0178571428571429,28,5,4,0.3,3,1,2,0.6,0.6,0.02,0.08,0.0481943945576894,0.172215095217066,48.4051299307164,0.132628069703515,0,0.7,0.1,3.372,2.835,1.609,30,19.473,1075.33969969152,0,1000
34,24,4,"five_scenarios_txt",1,"one_stage","one_stage","additive_shared","additive_shared","previous_dose_additive",30,30,30,3,2,0.0178571428571429,28,5,4,0.3,3,1,3,0.6,0.6,0.05,0.2,0.0952794946396821,0.243709414586026,50.8113850895742,0.132628069703515,0,3.9,0.1,4.359,3.62,1.786,30,19.473,1075.33969969152,0,1000
34,24,4,"five_scenarios_txt",1,"one_stage","one_stage","additive_shared","additive_shared","previous_dose_additive",30,30,30,3,2,0.0178571428571429,28,5,4,0.3,3,1,4,0.6,0.6,0.1,0.5,0.124829801316678,0.449111132571755,61.9534759016382,0.132628069703515,1.9,54.8,0.1,12.258,9.498,4.094,30,19.473,1075.33969969152,0,1000
34,24,4,"five_scenarios_txt",1,"one_stage","one_stage","additive_shared","additive_shared","previous_dose_additive",30,30,30,3,2,0.0178571428571429,28,5,4,0.3,3,1,5,0.6,0.6,0.25,0.5,0.196841730809935,0.510076031697832,62.7308926694725,0.132628069703515,98.1,40.2,0.1,6.744,5.386,2.017,30,19.473,1075.33969969152,0,1000
35,27,2,"higher_gap_above_MTD",1,"one_stage","one_stage","additive_shared","additive_shared","previous_dose_additive",30,30,30,3,2,0.0178571428571429,28,3,3,0.3,3,1,1,0.6,0.6,0.11,0.1,0.172258148245939,0.139858003849568,41.5011543011365,0.145361788820837,5,9,8.2,7.14,4.904,2.488,29.181,19.054,1046.72645957193,5.6,1000
35,27,2,"higher_gap_above_MTD",1,"one_stage","one_stage","additive_shared","additive_shared","previous_dose_additive",30,30,30,3,2,0.0178571428571429,28,3,3,0.3,3,1,2,0.6,0.6,0.17,0.2,0.220982940368625,0.225086497695522,44.6658722469863,0.145361788820837,22.6,27.8,8.2,9.084,6.879,3.633,29.181,19.054,1046.72645957193,5.6,1000
35,27,2,"higher_gap_above_MTD",1,"one_stage","one_stage","additive_shared","additive_shared","previous_dose_additive",30,30,30,3,2,0.0178571428571429,28,3,3,0.3,3,1,3,0.6,0.6,0.3,0.4,0.31714124220182,0.407045305406295,51.7370686363049,0.145361788820837,47.1,47.8,8.2,9.933,8.03,3.088,29.181,19.054,1046.72645957193,5.6,1000
35,27,2,"higher_gap_above_MTD",1,"one_stage","one_stage","additive_shared","additive_shared","previous_dose_additive",30,30,30,3,2,0.0178571428571429,28,3,3,0.3,3,1,4,0.6,0.6,0.5,0.42,0.365003186442518,0.477849766183964,54.0708585133371,0.145361788820837,22.2,7,8.2,2.751,2.45,0.835,29.181,19.054,1046.72645957193,5.6,1000
35,27,2,"higher_gap_above_MTD",1,"one_stage","one_stage","additive_shared","additive_shared","previous_dose_additive",30,30,30,3,2,0.0178571428571429,28,3,3,0.3,3,1,5,0.6,0.6,0.62,0.45,0.460806800331208,0.499010841338499,51.5083784670616,0.145361788820837,2.7,0.2,8.2,0.273,0.246,0.083,29.181,19.054,1046.72645957193,5.6,1000
36,38,38,"user_added",1,"one_stage","one_stage","additive_shared","additive_shared","previous_dose_additive",30,30,30,3,2,0.0178571428571429,28,5,5,0.3,3,1,1,0.6,0.6,0.05,0.05,0.0702171349000657,0.126103200802615,44.7575066521543,0.138095108133029,0.5,4.5,4.4,4.698,3.265,1.601,29.838,18.426,1001.84093238725,1.4,1000
36,38,38,"user_added",1,"one_stage","one_stage","additive_shared","additive_shared","previous_dose_additive",30,30,30,3,2,0.0178571428571429,28,5,5,0.3,3,1,2,0.6,0.6,0.1,0.08,0.100731503385633,0.147285679030334,44.8078806063947,0.138095108133029,1.6,8.1,4.4,5.202,4.134,2.366,29.838,18.426,1001.84093238725,1.4,1000
36,38,38,"user_added",1,"one_stage","one_stage","additive_shared","additive_shared","previous_dose_additive",30,30,30,3,2,0.0178571428571429,28,5,5,0.3,3,1,3,0.6,0.6,0.12,0.12,0.17121277902848,0.175509429912566,43.6820546336148,0.138095108133029,4.1,10.5,4.4,5.58,4.409,2.329,29.838,18.426,1001.84093238725,1.4,1000
36,38,38,"user_added",1,"one_stage","one_stage","additive_shared","additive_shared","previous_dose_additive",30,30,30,3,2,0.0178571428571429,28,5,5,0.3,3,1,4,0.6,0.6,0.15,0.15,0.211000571683767,0.215882831834138,44.5129470426976,0.138095108133029,22.3,17.4,4.4,5.634,4.47,2.455,29.838,18.426,1001.84093238725,1.4,1000
36,38,38,"user_added",1,"one_stage","one_stage","additive_shared","additive_shared","previous_dose_additive",30,30,30,3,2,0.0178571428571429,28,5,5,0.3,3,1,5,0.6,0.6,0.3,0.5,0.2994528870551,0.480728272394068,56.8655808614401,0.138095108133029,71.5,55.1,4.4,8.724,7.163,2.661,29.838,18.426,1001.84093238725,1.4,1000
37,1,1,"base_example",1,"two_stage","one_stage","additive_shared","additive_shared","previous_dose_additive",30,6,30,3,2,0.0178571428571429,28,1,1,0.3,3,1,1,0.9,0.9,0.3,0.05,0.356150344396823,0.0809620787871379,30.6117109513553,0.157912773582197,67.8,11.7,81.4,11.874,8.133,4.064,18.633,11.725,635.293172141206,72.7,1000
37,1,1,"base_example",1,"two_stage","one_stage","additive_shared","additive_shared","previous_dose_additive",30,6,30,3,2,0.0178571428571429,28,1,1,0.3,3,1,2,0.9,0.9,0.35,0.06,0.41078765072186,0.263618935567003,39.3856301051458,0.157912773582197,15.4,6,81.4,4.764,3.706,2.011,18.633,11.725,635.293172141206,72.7,1000
37,1,1,"base_example",1,"two_stage","one_stage","additive_shared","additive_shared","previous_dose_additive",30,6,30,3,2,0.0178571428571429,28,1,1,0.3,3,1,3,0.9,0.9,0.4,0.07,0.50639077823388,0.405462402744749,44.0721130353298,0.157912773582197,5,0.9,81.4,1.602,1.279,0.66,18.633,11.725,635.293172141206,72.7,1000
37,1,1,"base_example",1,"two_stage","one_stage","additive_shared","additive_shared","previous_dose_additive",30,6,30,3,2,0.0178571428571429,28,1,1,0.3,3,1,4,0.9,0.9,0.45,0.08,0.549714779539526,0.47605476875749,46.5746949438683,0.157912773582197,0.3,0,81.4,0.36,0.308,0.159,18.633,11.725,635.293172141206,72.7,1000
37,1,1,"base_example",1,"two_stage","one_stage","additive_shared","additive_shared","previous_dose_additive",30,6,30,3,2,0.0178571428571429,28,1,1,0.3,3,1,5,0.9,0.9,0.5,0.09,0.630376601822263,0.496669169795734,44.5850861148535,0.157912773582197,0,0,81.4,0.033,0.031,0.014,18.633,11.725,635.293172141206,72.7,1000
38,16,1,"five_scenarios_txt",1,"two_stage","one_stage","additive_shared","additive_shared","previous_dose_additive",30,6,30,3,2,0.0178571428571429,28,5,1,0.3,3,1,1,0.9,0.9,0.02,0.2,0.0494517941112997,0.197404305543722,49.8661865681713,0.135671982039625,0,15.9,0.2,6.03,4.356,2.166,30,17.943,979.154322458285,0,1000
38,16,1,"five_scenarios_txt",1,"two_stage","one_stage","additive_shared","additive_shared","previous_dose_additive",30,6,30,3,2,0.0178571428571429,28,5,1,0.3,3,1,2,0.9,0.9,0.06,0.2,0.0739609188722247,0.239117996278586,51.3886430218262,0.135671982039625,0.2,29.8,0.2,7.392,5.703,3.068,30,17.943,979.154322458285,0,1000
38,16,1,"five_scenarios_txt",1,"two_stage","one_stage","additive_shared","additive_shared","previous_dose_additive",30,6,30,3,2,0.0178571428571429,28,5,1,0.3,3,1,3,0.9,0.9,0.09,0.2,0.13375747373241,0.252116908133599,49.7767155387196,0.135671982039625,1,23.6,0.2,6.264,5.034,2.594,30,17.943,979.154322458285,0,1000
38,16,1,"five_scenarios_txt",1,"two_stage","one_stage","additive_shared","additive_shared","previous_dose_additive",30,6,30,3,2,0.0178571428571429,28,5,1,0.3,3,1,4,0.9,0.9,0.14,0.2,0.169018785608434,0.262090031689224,48.9646504770161,0.135671982039625,10.6,20.7,0.2,5.973,4.812,2.544,30,17.943,979.154322458285,0,1000
38,16,1,"five_scenarios_txt",1,"two_stage","one_stage","additive_shared","additive_shared","previous_dose_additive",30,6,30,3,2,0.0178571428571429,28,5,1,0.3,3,1,5,0.9,0.9,0.26,0.2,0.250454341634916,0.296950435464444,47.79885246247,0.135671982039625,88.2,9.8,0.2,4.341,3.632,1.685,30,17.943,979.154322458285,0,1000
39,20,5,"five_scenarios_txt",1,"two_stage","one_stage","additive_shared","additive_shared","previous_dose_additive",30,6,30,3,2,0.0178571428571429,28,3,2,0.3,3,1,1,0.9,0.9,0.07,0.05,0.159654322368558,0.120048184595493,40.8167181809872,0.173079800742004,2.6,3.8,6.5,5.259,3.61,1.836,29.565,18.642,1020.20035064122,3,1000
39,20,5,"five_scenarios_txt",1,"two_stage","one_stage","additive_shared","additive_shared","previous_dose_additive",30,6,30,3,2,0.0178571428571429,28,3,2,0.3,3,1,2,0.9,0.9,0.14,0.25,0.207373601304597,0.243569438962059,46.3192222855397,0.173079800742004,16.9,46,6.5,10.782,8.158,4.297,29.565,18.642,1020.20035064122,3,1000
39,20,5,"five_scenarios_txt",1,"two_stage","one_stage","additive_shared","additive_shared","previous_dose_additive",30,6,30,3,2,0.0178571428571429,28,3,2,0.3,3,1,3,0.9,0.9,0.31,0.25,0.302666763517877,0.312678327515443,46.6540291102115,0.173079800742004,50,36,6.5,8.922,7.165,3.102,29.565,18.642,1020.20035064122,3,1000
39,20,5,"five_scenarios_txt",1,"two_stage","one_stage","additive_shared","additive_shared","previous_dose_additive",30,6,30,3,2,0.0178571428571429,28,3,2,0.3,3,1,4,0.9,0.9,0.41,0.25,0.350522132137194,0.378777341999131,48.7057552344601,0.173079800742004,26.1,7.5,6.5,3.759,3.215,1.423,29.565,18.642,1020.20035064122,3,1000
39,20,5,"five_scenarios_txt",1,"two_stage","one_stage","additive_shared","additive_shared","previous_dose_additive",30,6,30,3,2,0.0178571428571429,28,3,2,0.3,3,1,5,0.9,0.9,0.52,0.25,0.446965335731782,0.465992323774748,50.0809259972136,0.173079800742004,4.3,0.2,6.5,0.843,0.759,0.265,29.565,18.642,1020.20035064122,3,1000
40,24,4,"five_scenarios_txt",1,"two_stage","one_stage","additive_shared","additive_shared","previous_dose_additive",30,6,30,3,2,0.0178571428571429,28,5,4,0.3,3,1,1,0.9,0.9,0.01,0.05,0.0341683254380771,0.145438155796553,47.3595563302701,0.136656353003342,0,0.4,0,3.195,2.228,0.996,30,19.658,1089.48205509978,0,1000
40,24,4,"five_scenarios_txt",1,"two_stage","one_stage","additive_shared","additive_shared","previous_dose_additive",30,6,30,3,2,0.0178571428571429,28,5,4,0.3,3,1,2,0.9,0.9,0.02,0.08,0.0536064053525382,0.177020160466582,48.4769534138934,0.136656353003342,0,0.7,0,3.294,2.789,1.571,30,19.658,1089.48205509978,0,1000
40,24,4,"five_scenarios_txt",1,"two_stage","one_stage","additive_shared","additive_shared","previous_dose_additive",30,6,30,3,2,0.0178571428571429,28,5,4,0.3,3,1,3,0.9,0.9,0.05,0.2,0.104174038324213,0.257847349731437,51.3038794509177,0.136656353003342,0.1,2.7,0,3.951,3.338,1.663,30,19.658,1089.48205509978,0,1000
40,24,4,"five_scenarios_txt",1,"two_stage","one_stage","additive_shared","additive_shared","previous_dose_additive",30,6,30,3,2,0.0178571428571429,28,5,4,0.3,3,1,4,0.9,0.9,0.1,0.5,0.135492170042671,0.480649671548284,63.4192934911902,0.136656353003342,2.5,47.6,0,10.263,8.322,3.482,30,19.658,1089.48205509978,0,1000
40,24,4,"five_scenarios_txt",1,"two_stage","one_stage","additive_shared","additive_shared","previous_dose_additive",30,6,30,3,2,0.0178571428571429,28,5,4,0.3,3,1,5,0.9,0.9,0.25,0.5,0.210872835183437,0.542956773952133,64.1424930297905,0.136656353003342,97.4,48.6,0,9.297,7.653,2.63,30,19.658,1089.48205509978,0,1000
41,27,2,"higher_gap_above_MTD",1,"two_stage","one_stage","additive_shared","additive_shared","previous_dose_additive",30,6,30,3,2,0.0178571428571429,28,3,3,0.3,3,1,1,0.9,0.9,0.11,0.1,0.182187793713779,0.140977095014358,41.1711139523103,0.163240397730884,5.7,10.6,8,7.185,4.945,2.507,29.178,19.043,1046.77189362131,5.4,1000
41,27,2,"higher_gap_above_MTD",1,"two_stage","one_stage","additive_shared","additive_shared","previous_dose_additive",30,6,30,3,2,0.0178571428571429,28,3,3,0.3,3,1,2,0.9,0.9,0.17,0.2,0.23213767662138,0.239639305563903,45.092851268979,0.163240397730884,28.4,33.3,8,9.186,7.005,3.647,29.178,19.043,1046.77189362131,5.4,1000
41,27,2,"higher_gap_above_MTD",1,"two_stage","one_stage","additive_shared","additive_shared","previous_dose_additive",30,6,30,3,2,0.0178571428571429,28,3,3,0.3,3,1,3,0.9,0.9,0.3,0.4,0.329666493980383,0.42671794670113,52.4164170428525,0.163240397730884,48.4,42.9,8,9.456,7.732,2.99,29.178,19.043,1046.77189362131,5.4,1000
41,27,2,"higher_gap_above_MTD",1,"two_stage","one_stage","additive_shared","additive_shared","previous_dose_additive",30,6,30,3,2,0.0178571428571429,28,3,3,0.3,3,1,4,0.9,0.9,0.5,0.42,0.377791930229892,0.493256634699202,54.4837208727564,0.163240397730884,15.5,5.2,8,2.88,2.571,0.878,29.178,19.043,1046.77189362131,5.4,1000
41,27,2,"higher_gap_above_MTD",1,"two_stage","one_stage","additive_shared","additive_shared","previous_dose_additive",30,6,30,3,2,0.0178571428571429,28,3,3,0.3,3,1,5,0.9,0.9,0.62,0.45,0.473443129423561,0.505048602907461,51.3651909975052,0.163240397730884,1.6,0,8,0.471,0.443,0.113,29.178,19.043,1046.77189362131,5.4,1000
42,38,38,"user_added",1,"two_stage","one_stage","additive_shared","additive_shared","previous_dose_additive",30,6,30,3,2,0.0178571428571429,28,5,5,0.3,3,1,1,0.9,0.9,0.05,0.05,0.0757684115096694,0.127068914245855,44.5933983943645,0.150347047948837,0.5,5,3.6,4.662,3.232,1.606,29.85,18.407,1006.70056302254,1.2,1000
42,38,38,"user_added",1,"two_stage","one_stage","additive_shared","additive_shared","previous_dose_additive",30,6,30,3,2,0.0178571428571429,28,5,5,0.3,3,1,2,0.9,0.9,0.1,0.08,0.107786183420327,0.151622064917177,44.7858765582175,0.150347047948837,1.6,10.3,3.6,5.271,4.178,2.395,29.85,18.407,1006.70056302254,1.2,1000
42,38,38,"user_added",1,"two_stage","one_stage","additive_shared","additive_shared","previous_dose_additive",30,6,30,3,2,0.0178571428571429,28,5,5,0.3,3,1,3,0.9,0.9,0.12,0.12,0.180785497197409,0.187690273765596,44.0299965380394,0.150347047948837,5.2,12.8,3.6,5.676,4.464,2.392,29.85,18.407,1006.70056302254,1.2,1000
42,38,38,"user_added",1,"two_stage","one_stage","additive_shared","additive_shared","previous_dose_additive",30,6,30,3,2,0.0178571428571429,28,5,5,0.3,3,1,4,0.9,0.9,0.15,0.15,0.221564224305798,0.224077865630005,44.5821029655684,0.150347047948837,26.2,18.2,3.6,5.946,4.691,2.545,29.85,18.407,1006.70056302254,1.2,1000
42,38,38,"user_added",1,"two_stage","one_stage","additive_shared","additive_shared","previous_dose_additive",30,6,30,3,2,0.0178571428571429,28,5,5,0.3,3,1,5,0.9,0.9,0.3,0.5,0.311396730299488,0.488939444846251,56.8804974787955,0.150347047948837,66.5,50.1,3.6,8.295,6.863,2.505,29.85,18.407,1006.70056302254,1.2,1000
43,1,1,"base_example",1,"one_stage","one_stage","additive_shared","additive_shared","previous_dose_additive",30,30,30,3,2,0.0178571428571429,28,1,1,0.3,3,1,1,0.9,0.9,0.3,0.05,0.357433563392933,0.0802407873357128,30.5171047044255,0.157153652685424,67.4,10.7,83.6,12.033,8.206,4.115,18.432,11.616,627.50720448703,74,1000
43,1,1,"base_example",1,"one_stage","one_stage","additive_shared","additive_shared","previous_dose_additive",30,30,30,3,2,0.0178571428571429,28,1,1,0.3,3,1,2,0.9,0.9,0.35,0.06,0.412109336166379,0.267423962433798,39.5610642993728,0.157153652685424,16.7,4.6,83.6,4.497,3.505,1.895,18.432,11.616,627.50720448703,74,1000
43,1,1,"base_example",1,"one_stage","one_stage","additive_shared","additive_shared","previous_dose_additive",30,30,30,3,2,0.0178571428571429,28,1,1,0.3,3,1,3,0.9,0.9,0.4,0.07,0.507704306998201,0.407722443087155,44.1551743053013,0.157153652685424,3.9,1.1,83.6,1.557,1.243,0.656,18.432,11.616,627.50720448703,74,1000
43,1,1,"base_example",1,"one_stage","one_stage","additive_shared","additive_shared","previous_dose_additive",30,30,30,3,2,0.0178571428571429,28,1,1,0.3,3,1,4,0.9,0.9,0.45,0.08,0.550995065984951,0.477201962528128,46.5923151122897,0.157153652685424,0.2,0,83.6,0.324,0.274,0.139,18.432,11.616,627.50720448703,74,1000
43,1,1,"base_example",1,"one_stage","one_stage","additive_shared","additive_shared","previous_dose_additive",30,30,30,3,2,0.0178571428571429,28,1,1,0.3,3,1,5,0.9,0.9,0.5,0.09,0.631549080189226,0.49809289241663,44.6236103374288,0.157153652685424,0,0,83.6,0.021,0.021,0.011,18.432,11.616,627.50720448703,74,1000
44,16,1,"five_scenarios_txt",1,"one_stage","one_stage","additive_shared","additive_shared","previous_dose_additive",30,30,30,3,2,0.0178571428571429,28,5,1,0.3,3,1,1,0.9,0.9,0.02,0.2,0.0499705941294598,0.198131449351681,49.8890631959225,0.139575007302598,0,17.5,0.2,6.222,4.502,2.186,30,17.929,976.460190430304,0,1000
44,16,1,"five_scenarios_txt",1,"one_stage","one_stage","additive_shared","additive_shared","previous_dose_additive",30,30,30,3,2,0.0178571428571429,28,5,1,0.3,3,1,2,0.9,0.9,0.06,0.2,0.0747363008533302,0.236604479524811,51.2068167373554,0.139575007302598,0.2,29.3,0.2,7.773,5.957,3.201,30,17.929,976.460190430304,0,1000
44,16,1,"five_scenarios_txt",1,"one_stage","one_stage","additive_shared","additive_shared","previous_dose_additive",30,30,30,3,2,0.0178571428571429,28,5,1,0.3,3,1,3,0.9,0.9,0.09,0.2,0.135043424945429,0.251574362068549,49.6927247262958,0.139575007302598,1,22.4,0.2,6.237,4.999,2.609,30,17.929,976.460190430304,0,1000
44,16,1,"five_scenarios_txt",1,"one_stage","one_stage","additive_shared","additive_shared","previous_dose_additive",30,30,30,3,2,0.0178571428571429,28,5,1,0.3,3,1,4,0.9,0.9,0.14,0.2,0.170537056779716,0.264061260747833,49.0221933736813,0.139575007302598,9.5,19.7,0.2,5.874,4.69,2.513,30,17.929,976.460190430304,0,1000
44,16,1,"five_scenarios_txt",1,"one_stage","one_stage","additive_shared","additive_shared","previous_dose_additive",30,30,30,3,2,0.0178571428571429,28,5,1,0.3,3,1,5,0.9,0.9,0.26,0.2,0.252345637262979,0.315343174257336,48.826764964921,0.139575007302598,89.3,10.9,0.2,3.894,3.202,1.562,30,17.929,976.460190430304,0,1000
45,20,5,"five_scenarios_txt",1,"one_stage","one_stage","additive_shared","additive_shared","previous_dose_additive",30,30,30,3,2,0.0178571428571429,28,3,2,0.3,3,1,1,0.9,0.9,0.07,0.05,0.157816641027666,0.119429745426757,40.8531190844988,0.16804282549061,2.6,4.3,6,5.388,3.681,1.877,29.541,18.544,1015.54995993498,3.1,1000
45,20,5,"five_scenarios_txt",1,"one_stage","one_stage","additive_shared","additive_shared","previous_dose_additive",30,30,30,3,2,0.0178571428571429,28,3,2,0.3,3,1,2,0.9,0.9,0.14,0.25,0.205198989503905,0.239992127360691,46.1915680614853,0.16804282549061,15.5,46.7,6,11.529,8.619,4.542,29.541,18.544,1015.54995993498,3.1,1000
45,20,5,"five_scenarios_txt",1,"one_stage","one_stage","additive_shared","additive_shared","previous_dose_additive",30,30,30,3,2,0.0178571428571429,28,3,2,0.3,3,1,3,0.9,0.9,0.31,0.25,0.300026459965088,0.302044464336301,46.1216094615746,0.16804282549061,49.9,34.5,6,8.679,6.863,3.1,29.541,18.544,1015.54995993498,3.1,1000
45,20,5,"five_scenarios_txt",1,"one_stage","one_stage","additive_shared","additive_shared","previous_dose_additive",30,30,30,3,2,0.0178571428571429,28,3,2,0.3,3,1,4,0.9,0.9,0.41,0.25,0.347740388927347,0.380303914929455,48.9086193386734,0.16804282549061,26.1,8,6,3.39,2.892,1.295,29.541,18.544,1015.54995993498,3.1,1000
45,20,5,"five_scenarios_txt",1,"one_stage","one_stage","additive_shared","additive_shared","previous_dose_additive",30,30,30,3,2,0.0178571428571429,28,3,2,0.3,3,1,5,0.9,0.9,0.52,0.25,0.444066318763681,0.478656967624141,50.9567653069012,0.16804282549061,5.8,0.5,6,0.555,0.497,0.183,29.541,18.544,1015.54995993498,3.1,1000
46,24,4,"five_scenarios_txt",1,"one_stage","one_stage","additive_shared","additive_shared","previous_dose_additive",30,30,30,3,2,0.0178571428571429,28,5,4,0.3,3,1,1,0.9,0.9,0.01,0.05,0.0318250067468074,0.145306385742035,47.4453828746498,0.13751889557612,0,0.1,0,3.231,2.255,1.001,30,19.471,1082.15517872741,0,1000
46,24,4,"five_scenarios_txt",1,"one_stage","one_stage","additive_shared","additive_shared","previous_dose_additive",30,30,30,3,2,0.0178571428571429,28,5,4,0.3,3,1,2,0.9,0.9,0.02,0.08,0.0502611739371757,0.176333178879594,48.5695437752886,0.13751889557612,0,0.6,0,3.333,2.803,1.598,30,19.471,1082.15517872741,0,1000
46,24,4,"five_scenarios_txt",1,"one_stage","one_stage","additive_shared","additive_shared","previous_dose_additive",30,30,30,3,2,0.0178571428571429,28,5,4,0.3,3,1,3,0.9,0.9,0.05,0.2,0.0986681631082546,0.247048362604163,50.8761752319196,0.13751889557612,0,2.2,0,4.206,3.498,1.736,30,19.471,1082.15517872741,0,1000
46,24,4,"five_scenarios_txt",1,"one_stage","one_stage","additive_shared","additive_shared","previous_dose_additive",30,30,30,3,2,0.0178571428571429,28,5,4,0.3,3,1,4,0.9,0.9,0.1,0.5,0.12887402317532,0.466373349949913,62.827440069982,0.13751889557612,1.4,55.2,0,12.618,9.702,4.217,30,19.471,1082.15517872741,0,1000
46,24,4,"five_scenarios_txt",1,"one_stage","one_stage","additive_shared","additive_shared","previous_dose_additive",30,30,30,3,2,0.0178571428571429,28,5,4,0.3,3,1,5,0.9,0.9,0.25,0.5,0.202091959157367,0.538430741121859,64.2221661010169,0.13751889557612,98.6,41.9,0,6.612,5.275,1.977,30,19.471,1082.15517872741,0,1000
47,27,2,"higher_gap_above_MTD",1,"one_stage","one_stage","additive_shared","additive_shared","previous_dose_additive",30,30,30,3,2,0.0178571428571429,28,3,3,0.3,3,1,1,0.9,0.9,0.11,0.1,0.177769920417689,0.139048334702611,41.2321032654491,0.160951090407685,5.4,9.3,8.3,7.287,5.005,2.55,29.16,18.882,1038.57785219254,5.8,1000
47,27,2,"higher_gap_above_MTD",1,"one_stage","one_stage","additive_shared","additive_shared","previous_dose_additive",30,30,30,3,2,0.0178571428571429,28,3,3,0.3,3,1,2,0.9,0.9,0.17,0.2,0.227218001681847,0.236573206819535,45.1056723418982,0.160951090407685,25.6,32.2,8.3,9.627,7.262,3.809,29.16,18.882,1038.57785219254,5.8,1000
47,27,2,"higher_gap_above_MTD",1,"one_stage","one_stage","additive_shared","additive_shared","previous_dose_additive",30,30,30,3,2,0.0178571428571429,28,3,3,0.3,3,1,3,0.9,0.9,0.3,0.4,0.324217495047173,0.419909809631765,52.225888776019,0.160951090407685,49.1,44.6,8.3,9.75,7.826,3.138,29.16,18.882,1038.57785219254,5.8,1000
47,27,2,"higher_gap_above_MTD",1,"one_stage","one_stage","additive_shared","additive_shared","previous_dose_additive",30,30,30,3,2,0.0178571428571429,28,3,3,0.3,3,1,4,0.9,0.9,0.5,0.42,0.372259641442995,0.492015695546201,54.6305560750523,0.160951090407685,17.7,5.5,8.3,2.319,2.077,0.727,29.16,18.882,1038.57785219254,5.8,1000
47,27,2,"higher_gap_above_MTD",1,"one_stage","one_stage","additive_shared","additive_shared","previous_dose_additive",30,30,30,3,2,0.0178571428571429,28,3,3,0.3,3,1,5,0.9,0.9,0.62,0.45,0.46802995798988,0.503806691659516,51.5072031799758,0.160951090407685,1.8,0.1,8.3,0.177,0.166,0.054,29.16,18.882,1038.57785219254,5.8,1000
48,38,38,"user_added",1,"one_stage","one_stage","additive_shared","additive_shared","previous_dose_additive",30,30,30,3,2,0.0178571428571429,28,5,5,0.3,3,1,1,0.9,0.9,0.05,0.05,0.0758991207832812,0.12618701920887,44.5352563212009,0.146223979336355,0.6,4,4.2,4.752,3.297,1.631,29.847,18.369,995.870208250929,1.3,1000
48,38,38,"user_added",1,"one_stage","one_stage","additive_shared","additive_shared","previous_dose_additive",30,30,30,3,2,0.0178571428571429,28,5,5,0.3,3,1,2,0.9,0.9,0.1,0.08,0.107877804853508,0.151192023930571,44.7564092416939,0.146223979336355,1.7,10.2,4.2,5.352,4.229,2.432,29.847,18.369,995.870208250929,1.3,1000
48,38,38,"user_added",1,"one_stage","one_stage","additive_shared","additive_shared","previous_dose_additive",30,30,30,3,2,0.0178571428571429,28,5,5,0.3,3,1,3,0.9,0.9,0.12,0.12,0.180775624433957,0.185595889361135,43.9047283843098,0.146223979336355,5.3,13.2,4.2,5.787,4.518,2.428,29.847,18.369,995.870208250929,1.3,1000
48,38,38,"user_added",1,"one_stage","one_stage","additive_shared","additive_shared","previous_dose_additive",30,30,30,3,2,0.0178571428571429,28,5,5,0.3,3,1,4,0.9,0.9,0.15,0.15,0.221500561035142,0.225385325234806,44.6630970726826,0.146223979336355,26.2,17.2,4.2,5.742,4.522,2.495,29.847,18.369,995.870208250929,1.3,1000
48,38,38,"user_added",1,"one_stage","one_stage","additive_shared","additive_shared","previous_dose_additive",30,30,30,3,2,0.0178571428571429,28,5,5,0.3,3,1,5,0.9,0.9,0.3,0.5,0.31123563480596,0.494125745803444,57.1981193559682,0.146223979336355,66.2,51.2,4.2,8.214,6.76,2.492,29.847,18.369,995.870208250929,1.3,1000
