"Scenario_Set","Scenario_Name","Scenario","Source_Scenario","True_MTD","Scenario_Attempt","Model","Method","BOIN_Method","BOIN_r_estimator","CRM_r_model","CFO_Method","Alpha_true","r_carry","Accrual","T_assess","Nmax_eff","Cycle_Max","IPDE_Design","New_Patient_First","N_Eval_Escalate","D_Cap","Dose_Cap","Continuous_Enrollment","Restrict_To_Tried","Dose","True_DLT_rate","True_IPDE_DLT_rate","Estimated_pj","r_hat","r_cap","r_use","MTD_Selection_pct","Pts_Treated","Unique_Pts_by_Dose","IPDE_Doses","Total_Administrations","Total_Unique_Patients","Early_Stopping_pct","Duration","n_valid","ntrial_from_files","CRM_Skeleton","CRM_Theta_Prior_Mean","CRM_Theta_Prior_SD","CRM_r_Prior_a","CRM_r_Prior_b","CFO_Skeleton","CFO_Model_File","CFO_Sigma2_Beta","CFO_Eta","CFO_PK_Method","CFO_N_MC_W","CFO_M_Use","CFO_Use_Monotone_Pair","CFO_N_Chains","CFO_N_Adapt","CFO_N_Burnin","CFO_N_Iter","CFO_Thin","CRM_Dose_Values","CRM_Alpha_Grid_Length","CRM_Dose_Scores_Raw","CRM_Dose_Scores","CRM_Cumu_Beta0_Mean","CRM_Cumu_Beta0_Prec","CRM_Cumu_Beta0_DF","CRM_Cumu_Beta1_Shape","CRM_Cumu_Beta1_Rate","CRM_Cumu_Beta2_Rate","CRM_Cumu_Include_Current"
"Set_5dose_adaptive_r_37","Set_5dose_adaptive_r_37_SC1",1,1,1,1,"CRM","crm_r_fixed",NA,NA,"crm_r_fixed",NA,0,0,0.0179,28,30,2,1,1,3,100,3,1,1,1,0.3,0.3,0.2759,0,NA,NA,45.8,16.212,16.212,0,27.2355,22.6745,15.25,1245.2831,2000,2000,"0.15,0.2,0.3,0.35,0.45",0,1.4142,0.15,0.85,NA,NA,NA,NA,NA,NA,NA,NA,NA,NA,NA,NA,NA,NA,NA,NA,NA,NA,NA,NA,NA,NA,NA,NA
"Set_5dose_adaptive_r_37","Set_5dose_adaptive_r_37_SC1",1,1,1,1,"CRM","crm_r_fixed",NA,NA,"crm_r_fixed",NA,0,0,0.0179,28,30,2,1,1,3,100,3,1,1,2,0.35,0.35,0.3314,NA,NA,NA,22.75,6.006,6.006,3.094,27.2355,22.6745,15.25,1245.2831,2000,2000,"0.15,0.2,0.3,0.35,0.45",0,1.4142,0.15,0.85,NA,NA,NA,NA,NA,NA,NA,NA,NA,NA,NA,NA,NA,NA,NA,NA,NA,NA,NA,NA,NA,NA,NA,NA
"Set_5dose_adaptive_r_37","Set_5dose_adaptive_r_37_SC1",1,1,1,1,"CRM","crm_r_fixed",NA,NA,"crm_r_fixed",NA,0,0,0.0179,28,30,2,1,1,3,100,3,1,1,3,0.4,0.4,0.4319,NA,NA,NA,11.1,3.2715,3.2715,0.846,27.2355,22.6745,15.25,1245.2831,2000,2000,"0.15,0.2,0.3,0.35,0.45",0,1.4142,0.15,0.85,NA,NA,NA,NA,NA,NA,NA,NA,NA,NA,NA,NA,NA,NA,NA,NA,NA,NA,NA,NA,NA,NA,NA,NA
"Set_5dose_adaptive_r_37","Set_5dose_adaptive_r_37_SC1",1,1,1,1,"CRM","crm_r_fixed",NA,NA,"crm_r_fixed",NA,0,0,0.0179,28,30,2,1,1,3,100,3,1,1,4,0.45,0.45,0.4786,NA,NA,NA,3.95,1.3035,1.3035,0.4995,27.2355,22.6745,15.25,1245.2831,2000,2000,"0.15,0.2,0.3,0.35,0.45",0,1.4142,0.15,0.85,NA,NA,NA,NA,NA,NA,NA,NA,NA,NA,NA,NA,NA,NA,NA,NA,NA,NA,NA,NA,NA,NA,NA,NA
"Set_5dose_adaptive_r_37","Set_5dose_adaptive_r_37_SC1",1,1,1,1,"CRM","crm_r_fixed",NA,NA,"crm_r_fixed",NA,0,0,0.0179,28,30,2,1,1,3,100,3,1,1,5,0.5,0.5,0.5675,NA,NA,NA,1.15,0.4425,0.4425,0.1215,27.2355,22.6745,15.25,1245.2831,2000,2000,"0.15,0.2,0.3,0.35,0.45",0,1.4142,0.15,0.85,NA,NA,NA,NA,NA,NA,NA,NA,NA,NA,NA,NA,NA,NA,NA,NA,NA,NA,NA,NA,NA,NA,NA,NA
"Set_5dose_adaptive_r_37","Set_5dose_adaptive_r_37_SC1",1,1,1,1,"CRM","random",NA,NA,"random",NA,0,0,0.0179,28,30,2,1,1,3,100,3,1,1,1,0.3,0.3,0.2684,0.0637,NA,NA,42.35,15.4005,15.4005,0,27.2775,22.5505,14.8,1237.2695,2000,2000,"0.15,0.2,0.3,0.35,0.45",0,1.4142,0.15,0.85,NA,NA,NA,NA,NA,NA,NA,NA,NA,NA,NA,NA,NA,NA,NA,NA,NA,NA,NA,NA,NA,NA,NA,NA
"Set_5dose_adaptive_r_37","Set_5dose_adaptive_r_37_SC1",1,1,1,1,"CRM","random",NA,NA,"random",NA,0,0,0.0179,28,30,2,1,1,3,100,3,1,1,2,0.35,0.35,0.3233,NA,NA,NA,24.35,6.2085,6.2085,3.1165,27.2775,22.5505,14.8,1237.2695,2000,2000,"0.15,0.2,0.3,0.35,0.45",0,1.4142,0.15,0.85,NA,NA,NA,NA,NA,NA,NA,NA,NA,NA,NA,NA,NA,NA,NA,NA,NA,NA,NA,NA,NA,NA,NA,NA
"Set_5dose_adaptive_r_37","Set_5dose_adaptive_r_37_SC1",1,1,1,1,"CRM","random",NA,NA,"random",NA,0,0,0.0179,28,30,2,1,1,3,100,3,1,1,3,0.4,0.4,0.4233,NA,NA,NA,12.3,3.504,3.504,0.886,27.2775,22.5505,14.8,1237.2695,2000,2000,"0.15,0.2,0.3,0.35,0.45",0,1.4142,0.15,0.85,NA,NA,NA,NA,NA,NA,NA,NA,NA,NA,NA,NA,NA,NA,NA,NA,NA,NA,NA,NA,NA,NA,NA,NA
"Set_5dose_adaptive_r_37","Set_5dose_adaptive_r_37_SC1",1,1,1,1,"CRM","random",NA,NA,"random",NA,0,0,0.0179,28,30,2,1,1,3,100,3,1,1,4,0.45,0.45,0.47,NA,NA,NA,4.65,1.5225,1.5225,0.572,27.2775,22.5505,14.8,1237.2695,2000,2000,"0.15,0.2,0.3,0.35,0.45",0,1.4142,0.15,0.85,NA,NA,NA,NA,NA,NA,NA,NA,NA,NA,NA,NA,NA,NA,NA,NA,NA,NA,NA,NA,NA,NA,NA,NA
"Set_5dose_adaptive_r_37","Set_5dose_adaptive_r_37_SC1",1,1,1,1,"CRM","random",NA,NA,"random",NA,0,0,0.0179,28,30,2,1,1,3,100,3,1,1,5,0.5,0.5,0.5593,NA,NA,NA,1.55,0.642,0.642,0.1525,27.2775,22.5505,14.8,1237.2695,2000,2000,"0.15,0.2,0.3,0.35,0.45",0,1.4142,0.15,0.85,NA,NA,NA,NA,NA,NA,NA,NA,NA,NA,NA,NA,NA,NA,NA,NA,NA,NA,NA,NA,NA,NA,NA,NA
"Set_5dose_adaptive_r_37","Set_5dose_adaptive_r_37_SC1",1,1,1,1,"CRM","crm_r_fixed",NA,NA,"crm_r_fixed",NA,0.3,0,0.0179,28,30,2,1,1,3,100,3,1,1,1,0.3,0.3,0.2947,0,NA,NA,53.9,17.6685,17.6685,0,27.1485,22.928,15.95,1258.9085,2000,2000,"0.15,0.2,0.3,0.35,0.45",0,1.4142,0.15,0.85,NA,NA,NA,NA,NA,NA,NA,NA,NA,NA,NA,NA,NA,NA,NA,NA,NA,NA,NA,NA,NA,NA,NA,NA
"Set_5dose_adaptive_r_37","Set_5dose_adaptive_r_37_SC1",1,1,1,1,"CRM","crm_r_fixed",NA,NA,"crm_r_fixed",NA,0.3,0,0.0179,28,30,2,1,1,3,100,3,1,1,2,0.35,0.44,0.3513,NA,NA,NA,20.3,6.0675,6.0675,3.1695,27.1485,22.928,15.95,1258.9085,2000,2000,"0.15,0.2,0.3,0.35,0.45",0,1.4142,0.15,0.85,NA,NA,NA,NA,NA,NA,NA,NA,NA,NA,NA,NA,NA,NA,NA,NA,NA,NA,NA,NA,NA,NA,NA,NA
"Set_5dose_adaptive_r_37","Set_5dose_adaptive_r_37_SC1",1,1,1,1,"CRM","crm_r_fixed",NA,NA,"crm_r_fixed",NA,0.3,0,0.0179,28,30,2,1,1,3,100,3,1,1,3,0.4,0.505,0.4524,NA,NA,NA,8,2.5095,2.5095,0.67,27.1485,22.928,15.95,1258.9085,2000,2000,"0.15,0.2,0.3,0.35,0.45",0,1.4142,0.15,0.85,NA,NA,NA,NA,NA,NA,NA,NA,NA,NA,NA,NA,NA,NA,NA,NA,NA,NA,NA,NA,NA,NA,NA,NA
"Set_5dose_adaptive_r_37","Set_5dose_adaptive_r_37_SC1",1,1,1,1,"CRM","crm_r_fixed",NA,NA,"crm_r_fixed",NA,0.3,0,0.0179,28,30,2,1,1,3,100,3,1,1,4,0.45,0.57,0.499,NA,NA,NA,1.5,0.756,0.756,0.337,27.1485,22.928,15.95,1258.9085,2000,2000,"0.15,0.2,0.3,0.35,0.45",0,1.4142,0.15,0.85,NA,NA,NA,NA,NA,NA,NA,NA,NA,NA,NA,NA,NA,NA,NA,NA,NA,NA,NA,NA,NA,NA,NA,NA
"Set_5dose_adaptive_r_37","Set_5dose_adaptive_r_37_SC1",1,1,1,1,"CRM","crm_r_fixed",NA,NA,"crm_r_fixed",NA,0.3,0,0.0179,28,30,2,1,1,3,100,3,1,1,5,0.5,0.635,0.5866,NA,NA,NA,0.35,0.147,0.147,0.044,27.1485,22.928,15.95,1258.9085,2000,2000,"0.15,0.2,0.3,0.35,0.45",0,1.4142,0.15,0.85,NA,NA,NA,NA,NA,NA,NA,NA,NA,NA,NA,NA,NA,NA,NA,NA,NA,NA,NA,NA,NA,NA,NA,NA
"Set_5dose_adaptive_r_37","Set_5dose_adaptive_r_37_SC1",1,1,1,1,"CRM","random",NA,NA,"random",NA,0.3,0,0.0179,28,30,2,1,1,3,100,3,1,1,1,0.3,0.3,0.2842,0.0852,NA,NA,49.7,16.5255,16.5255,0,27.219,22.6815,15.25,1245.2965,2000,2000,"0.15,0.2,0.3,0.35,0.45",0,1.4142,0.15,0.85,NA,NA,NA,NA,NA,NA,NA,NA,NA,NA,NA,NA,NA,NA,NA,NA,NA,NA,NA,NA,NA,NA,NA,NA
"Set_5dose_adaptive_r_37","Set_5dose_adaptive_r_37_SC1",1,1,1,1,"CRM","random",NA,NA,"random",NA,0.3,0,0.0179,28,30,2,1,1,3,100,3,1,1,2,0.35,0.44,0.3401,NA,NA,NA,22.7,6.399,6.399,3.2,27.219,22.6815,15.25,1245.2965,2000,2000,"0.15,0.2,0.3,0.35,0.45",0,1.4142,0.15,0.85,NA,NA,NA,NA,NA,NA,NA,NA,NA,NA,NA,NA,NA,NA,NA,NA,NA,NA,NA,NA,NA,NA,NA,NA
"Set_5dose_adaptive_r_37","Set_5dose_adaptive_r_37_SC1",1,1,1,1,"CRM","random",NA,NA,"random",NA,0.3,0,0.0179,28,30,2,1,1,3,100,3,1,1,3,0.4,0.505,0.4406,NA,NA,NA,8.9,2.904,2.904,0.8065,27.219,22.6815,15.25,1245.2965,2000,2000,"0.15,0.2,0.3,0.35,0.45",0,1.4142,0.15,0.85,NA,NA,NA,NA,NA,NA,NA,NA,NA,NA,NA,NA,NA,NA,NA,NA,NA,NA,NA,NA,NA,NA,NA,NA
"Set_5dose_adaptive_r_37","Set_5dose_adaptive_r_37_SC1",1,1,1,1,"CRM","random",NA,NA,"random",NA,0.3,0,0.0179,28,30,2,1,1,3,100,3,1,1,4,0.45,0.57,0.4871,NA,NA,NA,2.65,0.996,0.996,0.413,27.219,22.6815,15.25,1245.2965,2000,2000,"0.15,0.2,0.3,0.35,0.45",0,1.4142,0.15,0.85,NA,NA,NA,NA,NA,NA,NA,NA,NA,NA,NA,NA,NA,NA,NA,NA,NA,NA,NA,NA,NA,NA,NA,NA
"Set_5dose_adaptive_r_37","Set_5dose_adaptive_r_37_SC1",1,1,1,1,"CRM","random",NA,NA,"random",NA,0.3,0,0.0179,28,30,2,1,1,3,100,3,1,1,5,0.5,0.635,0.5753,NA,NA,NA,0.8,0.3945,0.3945,0.118,27.219,22.6815,15.25,1245.2965,2000,2000,"0.15,0.2,0.3,0.35,0.45",0,1.4142,0.15,0.85,NA,NA,NA,NA,NA,NA,NA,NA,NA,NA,NA,NA,NA,NA,NA,NA,NA,NA,NA,NA,NA,NA,NA,NA
"Set_5dose_adaptive_r_37","Set_5dose_adaptive_r_37_SC1",1,1,1,1,"CRM","crm_r_fixed",NA,NA,"crm_r_fixed",NA,0.6,0,0.0179,28,30,2,1,1,3,100,3,1,1,1,0.3,0.3,0.3051,0,NA,NA,58.95,18.828,18.828,0,27.159,23.1365,16.5,1270.289,2000,2000,"0.15,0.2,0.3,0.35,0.45",0,1.4142,0.15,0.85,NA,NA,NA,NA,NA,NA,NA,NA,NA,NA,NA,NA,NA,NA,NA,NA,NA,NA,NA,NA,NA,NA,NA,NA
"Set_5dose_adaptive_r_37","Set_5dose_adaptive_r_37_SC1",1,1,1,1,"CRM","crm_r_fixed",NA,NA,"crm_r_fixed",NA,0.6,0,0.0179,28,30,2,1,1,3,100,3,1,1,2,0.35,0.53,0.3624,NA,NA,NA,18.85,5.775,5.775,3.2415,27.159,23.1365,16.5,1270.289,2000,2000,"0.15,0.2,0.3,0.35,0.45",0,1.4142,0.15,0.85,NA,NA,NA,NA,NA,NA,NA,NA,NA,NA,NA,NA,NA,NA,NA,NA,NA,NA,NA,NA,NA,NA,NA,NA
"Set_5dose_adaptive_r_37","Set_5dose_adaptive_r_37_SC1",1,1,1,1,"CRM","crm_r_fixed",NA,NA,"crm_r_fixed",NA,0.6,0,0.0179,28,30,2,1,1,3,100,3,1,1,3,0.4,0.61,0.4638,NA,NA,NA,5,1.9875,1.9875,0.489,27.159,23.1365,16.5,1270.289,2000,2000,"0.15,0.2,0.3,0.35,0.45",0,1.4142,0.15,0.85,NA,NA,NA,NA,NA,NA,NA,NA,NA,NA,NA,NA,NA,NA,NA,NA,NA,NA,NA,NA,NA,NA,NA,NA
"Set_5dose_adaptive_r_37","Set_5dose_adaptive_r_37_SC1",1,1,1,1,"CRM","crm_r_fixed",NA,NA,"crm_r_fixed",NA,0.6,0,0.0179,28,30,2,1,1,3,100,3,1,1,4,0.45,0.69,0.5102,NA,NA,NA,0.65,0.5025,0.5025,0.264,27.159,23.1365,16.5,1270.289,2000,2000,"0.15,0.2,0.3,0.35,0.45",0,1.4142,0.15,0.85,NA,NA,NA,NA,NA,NA,NA,NA,NA,NA,NA,NA,NA,NA,NA,NA,NA,NA,NA,NA,NA,NA,NA,NA
"Set_5dose_adaptive_r_37","Set_5dose_adaptive_r_37_SC1",1,1,1,1,"CRM","crm_r_fixed",NA,NA,"crm_r_fixed",NA,0.6,0,0.0179,28,30,2,1,1,3,100,3,1,1,5,0.5,0.77,0.5971,NA,NA,NA,0.05,0.066,0.066,0.028,27.159,23.1365,16.5,1270.289,2000,2000,"0.15,0.2,0.3,0.35,0.45",0,1.4142,0.15,0.85,NA,NA,NA,NA,NA,NA,NA,NA,NA,NA,NA,NA,NA,NA,NA,NA,NA,NA,NA,NA,NA,NA,NA,NA
"Set_5dose_adaptive_r_37","Set_5dose_adaptive_r_37_SC1",1,1,1,1,"CRM","random",NA,NA,"random",NA,0.6,0,0.0179,28,30,2,1,1,3,100,3,1,1,1,0.3,0.3,0.2909,0.1069,NA,NA,51.45,17.1405,17.1405,0,27.2685,22.6895,15.7,1244.0058,2000,2000,"0.15,0.2,0.3,0.35,0.45",0,1.4142,0.15,0.85,NA,NA,NA,NA,NA,NA,NA,NA,NA,NA,NA,NA,NA,NA,NA,NA,NA,NA,NA,NA,NA,NA,NA,NA
"Set_5dose_adaptive_r_37","Set_5dose_adaptive_r_37_SC1",1,1,1,1,"CRM","random",NA,NA,"random",NA,0.6,0,0.0179,28,30,2,1,1,3,100,3,1,1,2,0.35,0.53,0.3471,NA,NA,NA,22.75,6.477,6.477,3.389,27.2685,22.6895,15.7,1244.0058,2000,2000,"0.15,0.2,0.3,0.35,0.45",0,1.4142,0.15,0.85,NA,NA,NA,NA,NA,NA,NA,NA,NA,NA,NA,NA,NA,NA,NA,NA,NA,NA,NA,NA,NA,NA,NA,NA
"Set_5dose_adaptive_r_37","Set_5dose_adaptive_r_37_SC1",1,1,1,1,"CRM","random",NA,NA,"random",NA,0.6,0,0.0179,28,30,2,1,1,3,100,3,1,1,3,0.4,0.61,0.4477,NA,NA,NA,7.75,2.5305,2.5305,0.734,27.2685,22.6895,15.7,1244.0058,2000,2000,"0.15,0.2,0.3,0.35,0.45",0,1.4142,0.15,0.85,NA,NA,NA,NA,NA,NA,NA,NA,NA,NA,NA,NA,NA,NA,NA,NA,NA,NA,NA,NA,NA,NA,NA,NA
"Set_5dose_adaptive_r_37","Set_5dose_adaptive_r_37_SC1",1,1,1,1,"CRM","random",NA,NA,"random",NA,0.6,0,0.0179,28,30,2,1,1,3,100,3,1,1,4,0.45,0.69,0.4941,NA,NA,NA,1.95,0.8475,0.8475,0.3635,27.2685,22.6895,15.7,1244.0058,2000,2000,"0.15,0.2,0.3,0.35,0.45",0,1.4142,0.15,0.85,NA,NA,NA,NA,NA,NA,NA,NA,NA,NA,NA,NA,NA,NA,NA,NA,NA,NA,NA,NA,NA,NA,NA,NA
"Set_5dose_adaptive_r_37","Set_5dose_adaptive_r_37_SC1",1,1,1,1,"CRM","random",NA,NA,"random",NA,0.6,0,0.0179,28,30,2,1,1,3,100,3,1,1,5,0.5,0.77,0.5817,NA,NA,NA,0.4,0.273,0.273,0.0925,27.2685,22.6895,15.7,1244.0058,2000,2000,"0.15,0.2,0.3,0.35,0.45",0,1.4142,0.15,0.85,NA,NA,NA,NA,NA,NA,NA,NA,NA,NA,NA,NA,NA,NA,NA,NA,NA,NA,NA,NA,NA,NA,NA,NA
"Set_5dose_adaptive_r_37","Set_5dose_adaptive_r_37_SC1",1,1,1,1,"CRM","crm_r_fixed",NA,NA,"crm_r_fixed",NA,0.9,0,0.0179,28,30,2,1,1,3,100,3,1,1,1,0.3,0.3,0.3172,0,NA,NA,66,20.2875,20.2875,0,27.0885,23.3895,17.2,1284.8249,2000,2000,"0.15,0.2,0.3,0.35,0.45",0,1.4142,0.15,0.85,NA,NA,NA,NA,NA,NA,NA,NA,NA,NA,NA,NA,NA,NA,NA,NA,NA,NA,NA,NA,NA,NA,NA,NA
"Set_5dose_adaptive_r_37","Set_5dose_adaptive_r_37_SC1",1,1,1,1,"CRM","crm_r_fixed",NA,NA,"crm_r_fixed",NA,0.9,0,0.0179,28,30,2,1,1,3,100,3,1,1,2,0.35,0.62,0.3749,NA,NA,NA,14.05,5.184,5.184,3.1665,27.0885,23.3895,17.2,1284.8249,2000,2000,"0.15,0.2,0.3,0.35,0.45",0,1.4142,0.15,0.85,NA,NA,NA,NA,NA,NA,NA,NA,NA,NA,NA,NA,NA,NA,NA,NA,NA,NA,NA,NA,NA,NA,NA,NA
"Set_5dose_adaptive_r_37","Set_5dose_adaptive_r_37_SC1",1,1,1,1,"CRM","crm_r_fixed",NA,NA,"crm_r_fixed",NA,0.9,0,0.0179,28,30,2,1,1,3,100,3,1,1,3,0.4,0.715,0.4764,NA,NA,NA,2.5,1.344,1.344,0.37,27.0885,23.3895,17.2,1284.8249,2000,2000,"0.15,0.2,0.3,0.35,0.45",0,1.4142,0.15,0.85,NA,NA,NA,NA,NA,NA,NA,NA,NA,NA,NA,NA,NA,NA,NA,NA,NA,NA,NA,NA,NA,NA,NA,NA
"Set_5dose_adaptive_r_37","Set_5dose_adaptive_r_37_SC1",1,1,1,1,"CRM","crm_r_fixed",NA,NA,"crm_r_fixed",NA,0.9,0,0.0179,28,30,2,1,1,3,100,3,1,1,4,0.45,0.81,0.5226,NA,NA,NA,0.25,0.2565,0.2565,0.152,27.0885,23.3895,17.2,1284.8249,2000,2000,"0.15,0.2,0.3,0.35,0.45",0,1.4142,0.15,0.85,NA,NA,NA,NA,NA,NA,NA,NA,NA,NA,NA,NA,NA,NA,NA,NA,NA,NA,NA,NA,NA,NA,NA,NA
"Set_5dose_adaptive_r_37","Set_5dose_adaptive_r_37_SC1",1,1,1,1,"CRM","crm_r_fixed",NA,NA,"crm_r_fixed",NA,0.9,0,0.0179,28,30,2,1,1,3,100,3,1,1,5,0.5,0.905,0.6084,NA,NA,NA,0,0.0165,0.0165,0.0105,27.0885,23.3895,17.2,1284.8249,2000,2000,"0.15,0.2,0.3,0.35,0.45",0,1.4142,0.15,0.85,NA,NA,NA,NA,NA,NA,NA,NA,NA,NA,NA,NA,NA,NA,NA,NA,NA,NA,NA,NA,NA,NA,NA,NA
"Set_5dose_adaptive_r_37","Set_5dose_adaptive_r_37_SC1",1,1,1,1,"CRM","random",NA,NA,"random",NA,0.9,0,0.0179,28,30,2,1,1,3,100,3,1,1,1,0.3,0.3,0.2998,0.1402,NA,NA,56.35,18.024,18.024,0,27.1905,22.7555,16.55,1249.8159,2000,2000,"0.15,0.2,0.3,0.35,0.45",0,1.4142,0.15,0.85,NA,NA,NA,NA,NA,NA,NA,NA,NA,NA,NA,NA,NA,NA,NA,NA,NA,NA,NA,NA,NA,NA,NA,NA
"Set_5dose_adaptive_r_37","Set_5dose_adaptive_r_37_SC1",1,1,1,1,"CRM","random",NA,NA,"random",NA,0.9,0,0.0179,28,30,2,1,1,3,100,3,1,1,2,0.35,0.62,0.3563,NA,NA,NA,20,6.099,6.099,3.3705,27.1905,22.7555,16.55,1249.8159,2000,2000,"0.15,0.2,0.3,0.35,0.45",0,1.4142,0.15,0.85,NA,NA,NA,NA,NA,NA,NA,NA,NA,NA,NA,NA,NA,NA,NA,NA,NA,NA,NA,NA,NA,NA,NA,NA
"Set_5dose_adaptive_r_37","Set_5dose_adaptive_r_37_SC1",1,1,1,1,"CRM","random",NA,NA,"random",NA,0.9,0,0.0179,28,30,2,1,1,3,100,3,1,1,3,0.4,0.715,0.4568,NA,NA,NA,5.4,2.202,2.202,0.674,27.1905,22.7555,16.55,1249.8159,2000,2000,"0.15,0.2,0.3,0.35,0.45",0,1.4142,0.15,0.85,NA,NA,NA,NA,NA,NA,NA,NA,NA,NA,NA,NA,NA,NA,NA,NA,NA,NA,NA,NA,NA,NA,NA,NA
"Set_5dose_adaptive_r_37","Set_5dose_adaptive_r_37_SC1",1,1,1,1,"CRM","random",NA,NA,"random",NA,0.9,0,0.0179,28,30,2,1,1,3,100,3,1,1,4,0.45,0.81,0.5029,NA,NA,NA,1.35,0.681,0.681,0.317,27.1905,22.7555,16.55,1249.8159,2000,2000,"0.15,0.2,0.3,0.35,0.45",0,1.4142,0.15,0.85,NA,NA,NA,NA,NA,NA,NA,NA,NA,NA,NA,NA,NA,NA,NA,NA,NA,NA,NA,NA,NA,NA,NA,NA
"Set_5dose_adaptive_r_37","Set_5dose_adaptive_r_37_SC1",1,1,1,1,"CRM","random",NA,NA,"random",NA,0.9,0,0.0179,28,30,2,1,1,3,100,3,1,1,5,0.5,0.905,0.5897,NA,NA,NA,0.35,0.1845,0.1845,0.0735,27.1905,22.7555,16.55,1249.8159,2000,2000,"0.15,0.2,0.3,0.35,0.45",0,1.4142,0.15,0.85,NA,NA,NA,NA,NA,NA,NA,NA,NA,NA,NA,NA,NA,NA,NA,NA,NA,NA,NA,NA,NA,NA,NA,NA
"Set_5dose_adaptive_r_37","Set_5dose_adaptive_r_37_SC2",2,2,3,1,"CRM","crm_r_fixed",NA,NA,"crm_r_fixed",NA,0,0,0.0179,28,30,2,1,1,3,100,3,1,1,1,0.15,0.15,0.163,0,NA,NA,4.9,6.8565,6.8565,0,29.8395,21.617,0.65,1188.803,2000,2000,"0.15,0.2,0.3,0.35,0.45",0,1.4142,0.15,0.85,NA,NA,NA,NA,NA,NA,NA,NA,NA,NA,NA,NA,NA,NA,NA,NA,NA,NA,NA,NA,NA,NA,NA,NA
"Set_5dose_adaptive_r_37","Set_5dose_adaptive_r_37_SC2",2,2,3,1,"CRM","crm_r_fixed",NA,NA,"crm_r_fixed",NA,0,0,0.0179,28,30,2,1,1,3,100,3,1,1,2,0.2,0.2,0.2102,NA,NA,NA,24.5,7.293,7.293,3.777,29.8395,21.617,0.65,1188.803,2000,2000,"0.15,0.2,0.3,0.35,0.45",0,1.4142,0.15,0.85,NA,NA,NA,NA,NA,NA,NA,NA,NA,NA,NA,NA,NA,NA,NA,NA,NA,NA,NA,NA,NA,NA,NA,NA
"Set_5dose_adaptive_r_37","Set_5dose_adaptive_r_37_SC2",2,2,3,1,"CRM","crm_r_fixed",NA,NA,"crm_r_fixed",NA,0,0,0.0179,28,30,2,1,1,3,100,3,1,1,3,0.3,0.3,0.3043,NA,NA,NA,34.7,7.6095,7.6095,1.9055,29.8395,21.617,0.65,1188.803,2000,2000,"0.15,0.2,0.3,0.35,0.45",0,1.4142,0.15,0.85,NA,NA,NA,NA,NA,NA,NA,NA,NA,NA,NA,NA,NA,NA,NA,NA,NA,NA,NA,NA,NA,NA,NA,NA
"Set_5dose_adaptive_r_37","Set_5dose_adaptive_r_37_SC2",2,2,3,1,"CRM","crm_r_fixed",NA,NA,"crm_r_fixed",NA,0,0,0.0179,28,30,2,1,1,3,100,3,1,1,4,0.35,0.35,0.3515,NA,NA,NA,23.55,5.1015,5.1015,1.8495,29.8395,21.617,0.65,1188.803,2000,2000,"0.15,0.2,0.3,0.35,0.45",0,1.4142,0.15,0.85,NA,NA,NA,NA,NA,NA,NA,NA,NA,NA,NA,NA,NA,NA,NA,NA,NA,NA,NA,NA,NA,NA,NA,NA
"Set_5dose_adaptive_r_37","Set_5dose_adaptive_r_37_SC2",2,2,3,1,"CRM","crm_r_fixed",NA,NA,"crm_r_fixed",NA,0,0,0.0179,28,30,2,1,1,3,100,3,1,1,5,0.45,0.45,0.4468,NA,NA,NA,11.7,2.979,2.979,0.6905,29.8395,21.617,0.65,1188.803,2000,2000,"0.15,0.2,0.3,0.35,0.45",0,1.4142,0.15,0.85,NA,NA,NA,NA,NA,NA,NA,NA,NA,NA,NA,NA,NA,NA,NA,NA,NA,NA,NA,NA,NA,NA,NA,NA
"Set_5dose_adaptive_r_37","Set_5dose_adaptive_r_37_SC2",2,2,3,1,"CRM","random",NA,NA,"random",NA,0,0,0.0179,28,30,2,1,1,3,100,3,1,1,1,0.15,0.15,0.1582,0.0396,NA,NA,4.2,6.48,6.48,0,29.8395,21.696,0.65,1192.6654,2000,2000,"0.15,0.2,0.3,0.35,0.45",0,1.4142,0.15,0.85,NA,NA,NA,NA,NA,NA,NA,NA,NA,NA,NA,NA,NA,NA,NA,NA,NA,NA,NA,NA,NA,NA,NA,NA
"Set_5dose_adaptive_r_37","Set_5dose_adaptive_r_37_SC2",2,2,3,1,"CRM","random",NA,NA,"random",NA,0,0,0.0179,28,30,2,1,1,3,100,3,1,1,2,0.2,0.2,0.2047,NA,NA,NA,23.05,7.0935,7.0935,3.623,29.8395,21.696,0.65,1192.6654,2000,2000,"0.15,0.2,0.3,0.35,0.45",0,1.4142,0.15,0.85,NA,NA,NA,NA,NA,NA,NA,NA,NA,NA,NA,NA,NA,NA,NA,NA,NA,NA,NA,NA,NA,NA,NA,NA
"Set_5dose_adaptive_r_37","Set_5dose_adaptive_r_37_SC2",2,2,3,1,"CRM","random",NA,NA,"random",NA,0,0,0.0179,28,30,2,1,1,3,100,3,1,1,3,0.3,0.3,0.2978,NA,NA,NA,34.35,7.452,7.452,1.879,29.8395,21.696,0.65,1192.6654,2000,2000,"0.15,0.2,0.3,0.35,0.45",0,1.4142,0.15,0.85,NA,NA,NA,NA,NA,NA,NA,NA,NA,NA,NA,NA,NA,NA,NA,NA,NA,NA,NA,NA,NA,NA,NA,NA
"Set_5dose_adaptive_r_37","Set_5dose_adaptive_r_37_SC2",2,2,3,1,"CRM","random",NA,NA,"random",NA,0,0,0.0179,28,30,2,1,1,3,100,3,1,1,4,0.35,0.35,0.3447,NA,NA,NA,24.25,5.2125,5.2125,1.831,29.8395,21.696,0.65,1192.6654,2000,2000,"0.15,0.2,0.3,0.35,0.45",0,1.4142,0.15,0.85,NA,NA,NA,NA,NA,NA,NA,NA,NA,NA,NA,NA,NA,NA,NA,NA,NA,NA,NA,NA,NA,NA,NA,NA
"Set_5dose_adaptive_r_37","Set_5dose_adaptive_r_37_SC2",2,2,3,1,"CRM","random",NA,NA,"random",NA,0,0,0.0179,28,30,2,1,1,3,100,3,1,1,5,0.45,0.45,0.4397,NA,NA,NA,13.5,3.6015,3.6015,0.8105,29.8395,21.696,0.65,1192.6654,2000,2000,"0.15,0.2,0.3,0.35,0.45",0,1.4142,0.15,0.85,NA,NA,NA,NA,NA,NA,NA,NA,NA,NA,NA,NA,NA,NA,NA,NA,NA,NA,NA,NA,NA,NA,NA,NA
"Set_5dose_adaptive_r_37","Set_5dose_adaptive_r_37_SC2",2,2,3,1,"CRM","crm_r_fixed",NA,NA,"crm_r_fixed",NA,0.3,0,0.0179,28,30,2,1,1,3,100,3,1,1,1,0.15,0.15,0.1757,0,NA,NA,5.8,7.3155,7.3155,0,29.8395,21.549,0.65,1187.116,2000,2000,"0.15,0.2,0.3,0.35,0.45",0,1.4142,0.15,0.85,NA,NA,NA,NA,NA,NA,NA,NA,NA,NA,NA,NA,NA,NA,NA,NA,NA,NA,NA,NA,NA,NA,NA,NA
"Set_5dose_adaptive_r_37","Set_5dose_adaptive_r_37_SC2",2,2,3,1,"CRM","crm_r_fixed",NA,NA,"crm_r_fixed",NA,0.3,0,0.0179,28,30,2,1,1,3,100,3,1,1,2,0.2,0.245,0.2246,NA,NA,NA,30.5,8.055,8.055,4.006,29.8395,21.549,0.65,1187.116,2000,2000,"0.15,0.2,0.3,0.35,0.45",0,1.4142,0.15,0.85,NA,NA,NA,NA,NA,NA,NA,NA,NA,NA,NA,NA,NA,NA,NA,NA,NA,NA,NA,NA,NA,NA,NA,NA
"Set_5dose_adaptive_r_37","Set_5dose_adaptive_r_37_SC2",2,2,3,1,"CRM","crm_r_fixed",NA,NA,"crm_r_fixed",NA,0.3,0,0.0179,28,30,2,1,1,3,100,3,1,1,3,0.3,0.36,0.3207,NA,NA,NA,37.1,7.8885,7.8885,1.9795,29.8395,21.549,0.65,1187.116,2000,2000,"0.15,0.2,0.3,0.35,0.45",0,1.4142,0.15,0.85,NA,NA,NA,NA,NA,NA,NA,NA,NA,NA,NA,NA,NA,NA,NA,NA,NA,NA,NA,NA,NA,NA,NA,NA
"Set_5dose_adaptive_r_37","Set_5dose_adaptive_r_37_SC2",2,2,3,1,"CRM","crm_r_fixed",NA,NA,"crm_r_fixed",NA,0.3,0,0.0179,28,30,2,1,1,3,100,3,1,1,4,0.35,0.44,0.3684,NA,NA,NA,18.85,4.5495,4.5495,1.765,29.8395,21.549,0.65,1187.116,2000,2000,"0.15,0.2,0.3,0.35,0.45",0,1.4142,0.15,0.85,NA,NA,NA,NA,NA,NA,NA,NA,NA,NA,NA,NA,NA,NA,NA,NA,NA,NA,NA,NA,NA,NA,NA,NA
"Set_5dose_adaptive_r_37","Set_5dose_adaptive_r_37_SC2",2,2,3,1,"CRM","crm_r_fixed",NA,NA,"crm_r_fixed",NA,0.3,0,0.0179,28,30,2,1,1,3,100,3,1,1,5,0.45,0.555,0.4636,NA,NA,NA,7.1,2.031,2.031,0.54,29.8395,21.549,0.65,1187.116,2000,2000,"0.15,0.2,0.3,0.35,0.45",0,1.4142,0.15,0.85,NA,NA,NA,NA,NA,NA,NA,NA,NA,NA,NA,NA,NA,NA,NA,NA,NA,NA,NA,NA,NA,NA,NA,NA
"Set_5dose_adaptive_r_37","Set_5dose_adaptive_r_37_SC2",2,2,3,1,"CRM","random",NA,NA,"random",NA,0.3,0,0.0179,28,30,2,1,1,3,100,3,1,1,1,0.15,0.15,0.1675,0.053,NA,NA,4.9,6.768,6.768,0,29.8395,21.52,0.65,1185.7845,2000,2000,"0.15,0.2,0.3,0.35,0.45",0,1.4142,0.15,0.85,NA,NA,NA,NA,NA,NA,NA,NA,NA,NA,NA,NA,NA,NA,NA,NA,NA,NA,NA,NA,NA,NA,NA,NA
"Set_5dose_adaptive_r_37","Set_5dose_adaptive_r_37_SC2",2,2,3,1,"CRM","random",NA,NA,"random",NA,0.3,0,0.0179,28,30,2,1,1,3,100,3,1,1,2,0.2,0.245,0.2152,NA,NA,NA,26.5,7.575,7.575,3.795,29.8395,21.52,0.65,1185.7845,2000,2000,"0.15,0.2,0.3,0.35,0.45",0,1.4142,0.15,0.85,NA,NA,NA,NA,NA,NA,NA,NA,NA,NA,NA,NA,NA,NA,NA,NA,NA,NA,NA,NA,NA,NA,NA,NA
"Set_5dose_adaptive_r_37","Set_5dose_adaptive_r_37_SC2",2,2,3,1,"CRM","random",NA,NA,"random",NA,0.3,0,0.0179,28,30,2,1,1,3,100,3,1,1,3,0.3,0.36,0.3095,NA,NA,NA,36.4,7.815,7.815,1.989,29.8395,21.52,0.65,1185.7845,2000,2000,"0.15,0.2,0.3,0.35,0.45",0,1.4142,0.15,0.85,NA,NA,NA,NA,NA,NA,NA,NA,NA,NA,NA,NA,NA,NA,NA,NA,NA,NA,NA,NA,NA,NA,NA,NA
"Set_5dose_adaptive_r_37","Set_5dose_adaptive_r_37_SC2",2,2,3,1,"CRM","random",NA,NA,"random",NA,0.3,0,0.0179,28,30,2,1,1,3,100,3,1,1,4,0.35,0.44,0.3567,NA,NA,NA,22.2,4.9575,4.9575,1.8425,29.8395,21.52,0.65,1185.7845,2000,2000,"0.15,0.2,0.3,0.35,0.45",0,1.4142,0.15,0.85,NA,NA,NA,NA,NA,NA,NA,NA,NA,NA,NA,NA,NA,NA,NA,NA,NA,NA,NA,NA,NA,NA,NA,NA
"Set_5dose_adaptive_r_37","Set_5dose_adaptive_r_37_SC2",2,2,3,1,"CRM","random",NA,NA,"random",NA,0.3,0,0.0179,28,30,2,1,1,3,100,3,1,1,5,0.45,0.555,0.4516,NA,NA,NA,9.35,2.724,2.724,0.693,29.8395,21.52,0.65,1185.7845,2000,2000,"0.15,0.2,0.3,0.35,0.45",0,1.4142,0.15,0.85,NA,NA,NA,NA,NA,NA,NA,NA,NA,NA,NA,NA,NA,NA,NA,NA,NA,NA,NA,NA,NA,NA,NA,NA
"Set_5dose_adaptive_r_37","Set_5dose_adaptive_r_37_SC2",2,2,3,1,"CRM","crm_r_fixed",NA,NA,"crm_r_fixed",NA,0.6,0,0.0179,28,30,2,1,1,3,100,3,1,1,1,0.15,0.15,0.1872,0,NA,NA,8.05,7.896,7.896,0,29.8395,21.541,0.65,1185.8098,2000,2000,"0.15,0.2,0.3,0.35,0.45",0,1.4142,0.15,0.85,NA,NA,NA,NA,NA,NA,NA,NA,NA,NA,NA,NA,NA,NA,NA,NA,NA,NA,NA,NA,NA,NA,NA,NA
"Set_5dose_adaptive_r_37","Set_5dose_adaptive_r_37_SC2",2,2,3,1,"CRM","crm_r_fixed",NA,NA,"crm_r_fixed",NA,0.6,0,0.0179,28,30,2,1,1,3,100,3,1,1,2,0.2,0.29,0.2375,NA,NA,NA,35.25,8.859,8.859,4.256,29.8395,21.541,0.65,1185.8098,2000,2000,"0.15,0.2,0.3,0.35,0.45",0,1.4142,0.15,0.85,NA,NA,NA,NA,NA,NA,NA,NA,NA,NA,NA,NA,NA,NA,NA,NA,NA,NA,NA,NA,NA,NA,NA,NA
"Set_5dose_adaptive_r_37","Set_5dose_adaptive_r_37_SC2",2,2,3,1,"CRM","crm_r_fixed",NA,NA,"crm_r_fixed",NA,0.6,0,0.0179,28,30,2,1,1,3,100,3,1,1,3,0.3,0.42,0.3351,NA,NA,NA,35.85,7.743,7.743,2.0115,29.8395,21.541,0.65,1185.8098,2000,2000,"0.15,0.2,0.3,0.35,0.45",0,1.4142,0.15,0.85,NA,NA,NA,NA,NA,NA,NA,NA,NA,NA,NA,NA,NA,NA,NA,NA,NA,NA,NA,NA,NA,NA,NA,NA
"Set_5dose_adaptive_r_37","Set_5dose_adaptive_r_37_SC2",2,2,3,1,"CRM","crm_r_fixed",NA,NA,"crm_r_fixed",NA,0.6,0,0.0179,28,30,2,1,1,3,100,3,1,1,4,0.35,0.53,0.383,NA,NA,NA,16.05,3.9885,3.9885,1.645,29.8395,21.541,0.65,1185.8098,2000,2000,"0.15,0.2,0.3,0.35,0.45",0,1.4142,0.15,0.85,NA,NA,NA,NA,NA,NA,NA,NA,NA,NA,NA,NA,NA,NA,NA,NA,NA,NA,NA,NA,NA,NA,NA,NA
"Set_5dose_adaptive_r_37","Set_5dose_adaptive_r_37_SC2",2,2,3,1,"CRM","crm_r_fixed",NA,NA,"crm_r_fixed",NA,0.6,0,0.0179,28,30,2,1,1,3,100,3,1,1,5,0.45,0.66,0.4781,NA,NA,NA,4.15,1.353,1.353,0.386,29.8395,21.541,0.65,1185.8098,2000,2000,"0.15,0.2,0.3,0.35,0.45",0,1.4142,0.15,0.85,NA,NA,NA,NA,NA,NA,NA,NA,NA,NA,NA,NA,NA,NA,NA,NA,NA,NA,NA,NA,NA,NA,NA,NA
"Set_5dose_adaptive_r_37","Set_5dose_adaptive_r_37_SC2",2,2,3,1,"CRM","random",NA,NA,"random",NA,0.6,0,0.0179,28,30,2,1,1,3,100,3,1,1,1,0.15,0.15,0.1767,0.0733,NA,NA,7,7.164,7.164,0,29.8395,21.4155,0.65,1177.5354,2000,2000,"0.15,0.2,0.3,0.35,0.45",0,1.4142,0.15,0.85,NA,NA,NA,NA,NA,NA,NA,NA,NA,NA,NA,NA,NA,NA,NA,NA,NA,NA,NA,NA,NA,NA,NA,NA
"Set_5dose_adaptive_r_37","Set_5dose_adaptive_r_37_SC2",2,2,3,1,"CRM","random",NA,NA,"random",NA,0.6,0,0.0179,28,30,2,1,1,3,100,3,1,1,2,0.2,0.29,0.2253,NA,NA,NA,30.6,8.289,8.289,3.977,29.8395,21.4155,0.65,1177.5354,2000,2000,"0.15,0.2,0.3,0.35,0.45",0,1.4142,0.15,0.85,NA,NA,NA,NA,NA,NA,NA,NA,NA,NA,NA,NA,NA,NA,NA,NA,NA,NA,NA,NA,NA,NA,NA,NA
"Set_5dose_adaptive_r_37","Set_5dose_adaptive_r_37_SC2",2,2,3,1,"CRM","random",NA,NA,"random",NA,0.6,0,0.0179,28,30,2,1,1,3,100,3,1,1,3,0.3,0.42,0.3207,NA,NA,NA,34.65,7.626,7.626,2.0645,29.8395,21.4155,0.65,1177.5354,2000,2000,"0.15,0.2,0.3,0.35,0.45",0,1.4142,0.15,0.85,NA,NA,NA,NA,NA,NA,NA,NA,NA,NA,NA,NA,NA,NA,NA,NA,NA,NA,NA,NA,NA,NA,NA,NA
"Set_5dose_adaptive_r_37","Set_5dose_adaptive_r_37_SC2",2,2,3,1,"CRM","random",NA,NA,"random",NA,0.6,0,0.0179,28,30,2,1,1,3,100,3,1,1,4,0.35,0.53,0.368,NA,NA,NA,20.15,4.5285,4.5285,1.7555,29.8395,21.4155,0.65,1177.5354,2000,2000,"0.15,0.2,0.3,0.35,0.45",0,1.4142,0.15,0.85,NA,NA,NA,NA,NA,NA,NA,NA,NA,NA,NA,NA,NA,NA,NA,NA,NA,NA,NA,NA,NA,NA,NA,NA
"Set_5dose_adaptive_r_37","Set_5dose_adaptive_r_37_SC2",2,2,3,1,"CRM","random",NA,NA,"random",NA,0.6,0,0.0179,28,30,2,1,1,3,100,3,1,1,5,0.45,0.66,0.4626,NA,NA,NA,6.95,2.232,2.232,0.627,29.8395,21.4155,0.65,1177.5354,2000,2000,"0.15,0.2,0.3,0.35,0.45",0,1.4142,0.15,0.85,NA,NA,NA,NA,NA,NA,NA,NA,NA,NA,NA,NA,NA,NA,NA,NA,NA,NA,NA,NA,NA,NA,NA,NA
"Set_5dose_adaptive_r_37","Set_5dose_adaptive_r_37_SC2",2,2,3,1,"CRM","crm_r_fixed",NA,NA,"crm_r_fixed",NA,0.9,0,0.0179,28,30,2,1,1,3,100,3,1,1,1,0.15,0.15,0.2002,0,NA,NA,11.15,8.538,8.538,0,29.8395,21.593,0.65,1186.3854,2000,2000,"0.15,0.2,0.3,0.35,0.45",0,1.4142,0.15,0.85,NA,NA,NA,NA,NA,NA,NA,NA,NA,NA,NA,NA,NA,NA,NA,NA,NA,NA,NA,NA,NA,NA,NA,NA
"Set_5dose_adaptive_r_37","Set_5dose_adaptive_r_37_SC2",2,2,3,1,"CRM","crm_r_fixed",NA,NA,"crm_r_fixed",NA,0.9,0,0.0179,28,30,2,1,1,3,100,3,1,1,2,0.2,0.335,0.2519,NA,NA,NA,40.15,9.5655,9.5655,4.544,29.8395,21.593,0.65,1186.3854,2000,2000,"0.15,0.2,0.3,0.35,0.45",0,1.4142,0.15,0.85,NA,NA,NA,NA,NA,NA,NA,NA,NA,NA,NA,NA,NA,NA,NA,NA,NA,NA,NA,NA,NA,NA,NA,NA
"Set_5dose_adaptive_r_37","Set_5dose_adaptive_r_37_SC2",2,2,3,1,"CRM","crm_r_fixed",NA,NA,"crm_r_fixed",NA,0.9,0,0.0179,28,30,2,1,1,3,100,3,1,1,3,0.3,0.48,0.351,NA,NA,NA,34.55,7.6155,7.6155,1.9515,29.8395,21.593,0.65,1186.3854,2000,2000,"0.15,0.2,0.3,0.35,0.45",0,1.4142,0.15,0.85,NA,NA,NA,NA,NA,NA,NA,NA,NA,NA,NA,NA,NA,NA,NA,NA,NA,NA,NA,NA,NA,NA,NA,NA
"Set_5dose_adaptive_r_37","Set_5dose_adaptive_r_37_SC2",2,2,3,1,"CRM","crm_r_fixed",NA,NA,"crm_r_fixed",NA,0.9,0,0.0179,28,30,2,1,1,3,100,3,1,1,4,0.35,0.62,0.3991,NA,NA,NA,11.25,3.279,3.279,1.49,29.8395,21.593,0.65,1186.3854,2000,2000,"0.15,0.2,0.3,0.35,0.45",0,1.4142,0.15,0.85,NA,NA,NA,NA,NA,NA,NA,NA,NA,NA,NA,NA,NA,NA,NA,NA,NA,NA,NA,NA,NA,NA,NA,NA
"Set_5dose_adaptive_r_37","Set_5dose_adaptive_r_37_SC2",2,2,3,1,"CRM","crm_r_fixed",NA,NA,"crm_r_fixed",NA,0.9,0,0.0179,28,30,2,1,1,3,100,3,1,1,5,0.45,0.765,0.4938,NA,NA,NA,2.25,0.8415,0.8415,0.261,29.8395,21.593,0.65,1186.3854,2000,2000,"0.15,0.2,0.3,0.35,0.45",0,1.4142,0.15,0.85,NA,NA,NA,NA,NA,NA,NA,NA,NA,NA,NA,NA,NA,NA,NA,NA,NA,NA,NA,NA,NA,NA,NA,NA
"Set_5dose_adaptive_r_37","Set_5dose_adaptive_r_37_SC2",2,2,3,1,"CRM","random",NA,NA,"random",NA,0.9,0,0.0179,28,30,2,1,1,3,100,3,1,1,1,0.15,0.15,0.1854,0.0948,NA,NA,7.85,7.5135,7.5135,0,29.8515,21.4515,0.6,1179.9005,2000,2000,"0.15,0.2,0.3,0.35,0.45",0,1.4142,0.15,0.85,NA,NA,NA,NA,NA,NA,NA,NA,NA,NA,NA,NA,NA,NA,NA,NA,NA,NA,NA,NA,NA,NA,NA,NA
"Set_5dose_adaptive_r_37","Set_5dose_adaptive_r_37_SC2",2,2,3,1,"CRM","random",NA,NA,"random",NA,0.9,0,0.0179,28,30,2,1,1,3,100,3,1,1,2,0.2,0.335,0.2349,NA,NA,NA,35.25,8.829,8.829,4.1635,29.8515,21.4515,0.6,1179.9005,2000,2000,"0.15,0.2,0.3,0.35,0.45",0,1.4142,0.15,0.85,NA,NA,NA,NA,NA,NA,NA,NA,NA,NA,NA,NA,NA,NA,NA,NA,NA,NA,NA,NA,NA,NA,NA,NA
"Set_5dose_adaptive_r_37","Set_5dose_adaptive_r_37_SC2",2,2,3,1,"CRM","random",NA,NA,"random",NA,0.9,0,0.0179,28,30,2,1,1,3,100,3,1,1,3,0.3,0.48,0.3312,NA,NA,NA,34.7,7.5465,7.5465,2.0235,29.8515,21.4515,0.6,1179.9005,2000,2000,"0.15,0.2,0.3,0.35,0.45",0,1.4142,0.15,0.85,NA,NA,NA,NA,NA,NA,NA,NA,NA,NA,NA,NA,NA,NA,NA,NA,NA,NA,NA,NA,NA,NA,NA,NA
"Set_5dose_adaptive_r_37","Set_5dose_adaptive_r_37_SC2",2,2,3,1,"CRM","random",NA,NA,"random",NA,0.9,0,0.0179,28,30,2,1,1,3,100,3,1,1,4,0.35,0.62,0.3786,NA,NA,NA,16.85,4.125,4.125,1.656,29.8515,21.4515,0.6,1179.9005,2000,2000,"0.15,0.2,0.3,0.35,0.45",0,1.4142,0.15,0.85,NA,NA,NA,NA,NA,NA,NA,NA,NA,NA,NA,NA,NA,NA,NA,NA,NA,NA,NA,NA,NA,NA,NA,NA
"Set_5dose_adaptive_r_37","Set_5dose_adaptive_r_37_SC2",2,2,3,1,"CRM","random",NA,NA,"random",NA,0.9,0,0.0179,28,30,2,1,1,3,100,3,1,1,5,0.45,0.765,0.4729,NA,NA,NA,4.75,1.8375,1.8375,0.557,29.8515,21.4515,0.6,1179.9005,2000,2000,"0.15,0.2,0.3,0.35,0.45",0,1.4142,0.15,0.85,NA,NA,NA,NA,NA,NA,NA,NA,NA,NA,NA,NA,NA,NA,NA,NA,NA,NA,NA,NA,NA,NA,NA,NA
"Set_5dose_adaptive_r_37","Set_5dose_adaptive_r_37_SC3",3,3,3,1,"CRM","crm_r_fixed",NA,NA,"crm_r_fixed",NA,0,0,0.0179,28,30,2,1,1,3,100,3,1,1,1,0.15,0.15,0.1631,0,NA,NA,4.7,6.8505,6.8505,0,29.8395,21.62,0.65,1189.1737,2000,2000,"0.15,0.2,0.3,0.35,0.45",0,1.4142,0.15,0.85,NA,NA,NA,NA,NA,NA,NA,NA,NA,NA,NA,NA,NA,NA,NA,NA,NA,NA,NA,NA,NA,NA,NA,NA
"Set_5dose_adaptive_r_37","Set_5dose_adaptive_r_37_SC3",3,3,3,1,"CRM","crm_r_fixed",NA,NA,"crm_r_fixed",NA,0,0,0.0179,28,30,2,1,1,3,100,3,1,1,2,0.2,0.2,0.2104,NA,NA,NA,24.7,7.278,7.278,3.779,29.8395,21.62,0.65,1189.1737,2000,2000,"0.15,0.2,0.3,0.35,0.45",0,1.4142,0.15,0.85,NA,NA,NA,NA,NA,NA,NA,NA,NA,NA,NA,NA,NA,NA,NA,NA,NA,NA,NA,NA,NA,NA,NA,NA
"Set_5dose_adaptive_r_37","Set_5dose_adaptive_r_37_SC3",3,3,3,1,"CRM","crm_r_fixed",NA,NA,"crm_r_fixed",NA,0,0,0.0179,28,30,2,1,1,3,100,3,1,1,3,0.3,0.3,0.3045,NA,NA,NA,34.85,7.65,7.65,1.8995,29.8395,21.62,0.65,1189.1737,2000,2000,"0.15,0.2,0.3,0.35,0.45",0,1.4142,0.15,0.85,NA,NA,NA,NA,NA,NA,NA,NA,NA,NA,NA,NA,NA,NA,NA,NA,NA,NA,NA,NA,NA,NA,NA,NA
"Set_5dose_adaptive_r_37","Set_5dose_adaptive_r_37_SC3",3,3,3,1,"CRM","crm_r_fixed",NA,NA,"crm_r_fixed",NA,0,0,0.0179,28,30,2,1,1,3,100,3,1,1,4,0.35,0.35,0.3518,NA,NA,NA,23.7,5.1,5.1,1.843,29.8395,21.62,0.65,1189.1737,2000,2000,"0.15,0.2,0.3,0.35,0.45",0,1.4142,0.15,0.85,NA,NA,NA,NA,NA,NA,NA,NA,NA,NA,NA,NA,NA,NA,NA,NA,NA,NA,NA,NA,NA,NA,NA,NA
"Set_5dose_adaptive_r_37","Set_5dose_adaptive_r_37_SC3",3,3,3,1,"CRM","crm_r_fixed",NA,NA,"crm_r_fixed",NA,0,0,0.0179,28,30,2,1,1,3,100,3,1,1,5,0.45,0.45,0.447,NA,NA,NA,11.4,2.961,2.961,0.698,29.8395,21.62,0.65,1189.1737,2000,2000,"0.15,0.2,0.3,0.35,0.45",0,1.4142,0.15,0.85,NA,NA,NA,NA,NA,NA,NA,NA,NA,NA,NA,NA,NA,NA,NA,NA,NA,NA,NA,NA,NA,NA,NA,NA
"Set_5dose_adaptive_r_37","Set_5dose_adaptive_r_37_SC3",3,3,3,1,"CRM","random",NA,NA,"random",NA,0,0,0.0179,28,30,2,1,1,3,100,3,1,1,1,0.15,0.15,0.1578,0.0404,NA,NA,3.95,6.483,6.483,0,29.8395,21.6235,0.65,1189.4005,2000,2000,"0.15,0.2,0.3,0.35,0.45",0,1.4142,0.15,0.85,NA,NA,NA,NA,NA,NA,NA,NA,NA,NA,NA,NA,NA,NA,NA,NA,NA,NA,NA,NA,NA,NA,NA,NA
"Set_5dose_adaptive_r_37","Set_5dose_adaptive_r_37_SC3",3,3,3,1,"CRM","random",NA,NA,"random",NA,0,0,0.0179,28,30,2,1,1,3,100,3,1,1,2,0.2,0.2,0.2043,NA,NA,NA,22.5,7.02,7.02,3.6235,29.8395,21.6235,0.65,1189.4005,2000,2000,"0.15,0.2,0.3,0.35,0.45",0,1.4142,0.15,0.85,NA,NA,NA,NA,NA,NA,NA,NA,NA,NA,NA,NA,NA,NA,NA,NA,NA,NA,NA,NA,NA,NA,NA,NA
"Set_5dose_adaptive_r_37","Set_5dose_adaptive_r_37_SC3",3,3,3,1,"CRM","random",NA,NA,"random",NA,0,0,0.0179,28,30,2,1,1,3,100,3,1,1,3,0.3,0.3,0.2974,NA,NA,NA,35.05,7.53,7.53,1.912,29.8395,21.6235,0.65,1189.4005,2000,2000,"0.15,0.2,0.3,0.35,0.45",0,1.4142,0.15,0.85,NA,NA,NA,NA,NA,NA,NA,NA,NA,NA,NA,NA,NA,NA,NA,NA,NA,NA,NA,NA,NA,NA,NA,NA
"Set_5dose_adaptive_r_37","Set_5dose_adaptive_r_37_SC3",3,3,3,1,"CRM","random",NA,NA,"random",NA,0,0,0.0179,28,30,2,1,1,3,100,3,1,1,4,0.35,0.35,0.3443,NA,NA,NA,24.5,5.19,5.19,1.884,29.8395,21.6235,0.65,1189.4005,2000,2000,"0.15,0.2,0.3,0.35,0.45",0,1.4142,0.15,0.85,NA,NA,NA,NA,NA,NA,NA,NA,NA,NA,NA,NA,NA,NA,NA,NA,NA,NA,NA,NA,NA,NA,NA,NA
"Set_5dose_adaptive_r_37","Set_5dose_adaptive_r_37_SC3",3,3,3,1,"CRM","random",NA,NA,"random",NA,0,0,0.0179,28,30,2,1,1,3,100,3,1,1,5,0.45,0.45,0.4394,NA,NA,NA,13.35,3.6165,3.6165,0.7965,29.8395,21.6235,0.65,1189.4005,2000,2000,"0.15,0.2,0.3,0.35,0.45",0,1.4142,0.15,0.85,NA,NA,NA,NA,NA,NA,NA,NA,NA,NA,NA,NA,NA,NA,NA,NA,NA,NA,NA,NA,NA,NA,NA,NA
"Set_5dose_adaptive_r_37","Set_5dose_adaptive_r_37_SC3",3,3,3,1,"CRM","crm_r_fixed",NA,NA,"crm_r_fixed",NA,0.3,0,0.0179,28,30,2,1,1,3,100,3,1,1,1,0.15,0.15,0.1757,0,NA,NA,5.85,7.302,7.302,0,29.8395,21.562,0.65,1186.9797,2000,2000,"0.15,0.2,0.3,0.35,0.45",0,1.4142,0.15,0.85,NA,NA,NA,NA,NA,NA,NA,NA,NA,NA,NA,NA,NA,NA,NA,NA,NA,NA,NA,NA,NA,NA,NA,NA
"Set_5dose_adaptive_r_37","Set_5dose_adaptive_r_37_SC3",3,3,3,1,"CRM","crm_r_fixed",NA,NA,"crm_r_fixed",NA,0.3,0,0.0179,28,30,2,1,1,3,100,3,1,1,2,0.2,0.245,0.2247,NA,NA,NA,30.9,8.094,8.094,4.0225,29.8395,21.562,0.65,1186.9797,2000,2000,"0.15,0.2,0.3,0.35,0.45",0,1.4142,0.15,0.85,NA,NA,NA,NA,NA,NA,NA,NA,NA,NA,NA,NA,NA,NA,NA,NA,NA,NA,NA,NA,NA,NA,NA,NA
"Set_5dose_adaptive_r_37","Set_5dose_adaptive_r_37_SC3",3,3,3,1,"CRM","crm_r_fixed",NA,NA,"crm_r_fixed",NA,0.3,0,0.0179,28,30,2,1,1,3,100,3,1,1,3,0.3,0.36,0.3208,NA,NA,NA,36.5,7.89,7.89,1.9685,29.8395,21.562,0.65,1186.9797,2000,2000,"0.15,0.2,0.3,0.35,0.45",0,1.4142,0.15,0.85,NA,NA,NA,NA,NA,NA,NA,NA,NA,NA,NA,NA,NA,NA,NA,NA,NA,NA,NA,NA,NA,NA,NA,NA
"Set_5dose_adaptive_r_37","Set_5dose_adaptive_r_37_SC3",3,3,3,1,"CRM","crm_r_fixed",NA,NA,"crm_r_fixed",NA,0.3,0,0.0179,28,30,2,1,1,3,100,3,1,1,4,0.35,0.44,0.3685,NA,NA,NA,18.8,4.539,4.539,1.756,29.8395,21.562,0.65,1186.9797,2000,2000,"0.15,0.2,0.3,0.35,0.45",0,1.4142,0.15,0.85,NA,NA,NA,NA,NA,NA,NA,NA,NA,NA,NA,NA,NA,NA,NA,NA,NA,NA,NA,NA,NA,NA,NA,NA
"Set_5dose_adaptive_r_37","Set_5dose_adaptive_r_37_SC3",3,3,3,1,"CRM","crm_r_fixed",NA,NA,"crm_r_fixed",NA,0.3,0,0.0179,28,30,2,1,1,3,100,3,1,1,5,0.45,0.555,0.4638,NA,NA,NA,7.3,2.0145,2.0145,0.5305,29.8395,21.562,0.65,1186.9797,2000,2000,"0.15,0.2,0.3,0.35,0.45",0,1.4142,0.15,0.85,NA,NA,NA,NA,NA,NA,NA,NA,NA,NA,NA,NA,NA,NA,NA,NA,NA,NA,NA,NA,NA,NA,NA,NA
"Set_5dose_adaptive_r_37","Set_5dose_adaptive_r_37_SC3",3,3,3,1,"CRM","random",NA,NA,"random",NA,0.3,0,0.0179,28,30,2,1,1,3,100,3,1,1,1,0.15,0.15,0.1678,0.0544,NA,NA,4.6,6.7575,6.7575,0,29.8395,21.497,0.65,1182.7818,2000,2000,"0.15,0.2,0.3,0.35,0.45",0,1.4142,0.15,0.85,NA,NA,NA,NA,NA,NA,NA,NA,NA,NA,NA,NA,NA,NA,NA,NA,NA,NA,NA,NA,NA,NA,NA,NA
"Set_5dose_adaptive_r_37","Set_5dose_adaptive_r_37_SC3",3,3,3,1,"CRM","random",NA,NA,"random",NA,0.3,0,0.0179,28,30,2,1,1,3,100,3,1,1,2,0.2,0.245,0.2155,NA,NA,NA,27.4,7.5315,7.5315,3.7895,29.8395,21.497,0.65,1182.7818,2000,2000,"0.15,0.2,0.3,0.35,0.45",0,1.4142,0.15,0.85,NA,NA,NA,NA,NA,NA,NA,NA,NA,NA,NA,NA,NA,NA,NA,NA,NA,NA,NA,NA,NA,NA,NA,NA
"Set_5dose_adaptive_r_37","Set_5dose_adaptive_r_37_SC3",3,3,3,1,"CRM","random",NA,NA,"random",NA,0.3,0,0.0179,28,30,2,1,1,3,100,3,1,1,3,0.3,0.36,0.3099,NA,NA,NA,35.65,7.7985,7.7985,1.989,29.8395,21.497,0.65,1182.7818,2000,2000,"0.15,0.2,0.3,0.35,0.45",0,1.4142,0.15,0.85,NA,NA,NA,NA,NA,NA,NA,NA,NA,NA,NA,NA,NA,NA,NA,NA,NA,NA,NA,NA,NA,NA,NA,NA
"Set_5dose_adaptive_r_37","Set_5dose_adaptive_r_37_SC3",3,3,3,1,"CRM","random",NA,NA,"random",NA,0.3,0,0.0179,28,30,2,1,1,3,100,3,1,1,4,0.35,0.44,0.3571,NA,NA,NA,22.65,4.992,4.992,1.8695,29.8395,21.497,0.65,1182.7818,2000,2000,"0.15,0.2,0.3,0.35,0.45",0,1.4142,0.15,0.85,NA,NA,NA,NA,NA,NA,NA,NA,NA,NA,NA,NA,NA,NA,NA,NA,NA,NA,NA,NA,NA,NA,NA,NA
"Set_5dose_adaptive_r_37","Set_5dose_adaptive_r_37_SC3",3,3,3,1,"CRM","random",NA,NA,"random",NA,0.3,0,0.0179,28,30,2,1,1,3,100,3,1,1,5,0.45,0.555,0.4521,NA,NA,NA,9.05,2.76,2.76,0.6945,29.8395,21.497,0.65,1182.7818,2000,2000,"0.15,0.2,0.3,0.35,0.45",0,1.4142,0.15,0.85,NA,NA,NA,NA,NA,NA,NA,NA,NA,NA,NA,NA,NA,NA,NA,NA,NA,NA,NA,NA,NA,NA,NA,NA
"Set_5dose_adaptive_r_37","Set_5dose_adaptive_r_37_SC3",3,3,3,1,"CRM","crm_r_fixed",NA,NA,"crm_r_fixed",NA,0.6,0,0.0179,28,30,2,1,1,3,100,3,1,1,1,0.15,0.15,0.1868,0,NA,NA,8.05,7.8945,7.8945,0,29.8395,21.555,0.65,1186.3891,2000,2000,"0.15,0.2,0.3,0.35,0.45",0,1.4142,0.15,0.85,NA,NA,NA,NA,NA,NA,NA,NA,NA,NA,NA,NA,NA,NA,NA,NA,NA,NA,NA,NA,NA,NA,NA,NA
"Set_5dose_adaptive_r_37","Set_5dose_adaptive_r_37_SC3",3,3,3,1,"CRM","crm_r_fixed",NA,NA,"crm_r_fixed",NA,0.6,0,0.0179,28,30,2,1,1,3,100,3,1,1,2,0.2,0.29,0.237,NA,NA,NA,35.6,8.841,8.841,4.2545,29.8395,21.555,0.65,1186.3891,2000,2000,"0.15,0.2,0.3,0.35,0.45",0,1.4142,0.15,0.85,NA,NA,NA,NA,NA,NA,NA,NA,NA,NA,NA,NA,NA,NA,NA,NA,NA,NA,NA,NA,NA,NA,NA,NA
"Set_5dose_adaptive_r_37","Set_5dose_adaptive_r_37_SC3",3,3,3,1,"CRM","crm_r_fixed",NA,NA,"crm_r_fixed",NA,0.6,0,0.0179,28,30,2,1,1,3,100,3,1,1,3,0.3,0.42,0.3346,NA,NA,NA,35.35,7.7445,7.7445,2.0265,29.8395,21.555,0.65,1186.3891,2000,2000,"0.15,0.2,0.3,0.35,0.45",0,1.4142,0.15,0.85,NA,NA,NA,NA,NA,NA,NA,NA,NA,NA,NA,NA,NA,NA,NA,NA,NA,NA,NA,NA,NA,NA,NA,NA
"Set_5dose_adaptive_r_37","Set_5dose_adaptive_r_37_SC3",3,3,3,1,"CRM","crm_r_fixed",NA,NA,"crm_r_fixed",NA,0.6,0,0.0179,28,30,2,1,1,3,100,3,1,1,4,0.35,0.53,0.3825,NA,NA,NA,15.95,4.0125,4.0125,1.618,29.8395,21.555,0.65,1186.3891,2000,2000,"0.15,0.2,0.3,0.35,0.45",0,1.4142,0.15,0.85,NA,NA,NA,NA,NA,NA,NA,NA,NA,NA,NA,NA,NA,NA,NA,NA,NA,NA,NA,NA,NA,NA,NA,NA
"Set_5dose_adaptive_r_37","Set_5dose_adaptive_r_37_SC3",3,3,3,1,"CRM","crm_r_fixed",NA,NA,"crm_r_fixed",NA,0.6,0,0.0179,28,30,2,1,1,3,100,3,1,1,5,0.45,0.66,0.4776,NA,NA,NA,4.4,1.347,1.347,0.3855,29.8395,21.555,0.65,1186.3891,2000,2000,"0.15,0.2,0.3,0.35,0.45",0,1.4142,0.15,0.85,NA,NA,NA,NA,NA,NA,NA,NA,NA,NA,NA,NA,NA,NA,NA,NA,NA,NA,NA,NA,NA,NA,NA,NA
"Set_5dose_adaptive_r_37","Set_5dose_adaptive_r_37_SC3",3,3,3,1,"CRM","random",NA,NA,"random",NA,0.6,0,0.0179,28,30,2,1,1,3,100,3,1,1,1,0.15,0.15,0.1769,0.0706,NA,NA,6.65,7.0905,7.0905,0,29.8395,21.4555,0.65,1179.5211,2000,2000,"0.15,0.2,0.3,0.35,0.45",0,1.4142,0.15,0.85,NA,NA,NA,NA,NA,NA,NA,NA,NA,NA,NA,NA,NA,NA,NA,NA,NA,NA,NA,NA,NA,NA,NA,NA
"Set_5dose_adaptive_r_37","Set_5dose_adaptive_r_37_SC3",3,3,3,1,"CRM","random",NA,NA,"random",NA,0.6,0,0.0179,28,30,2,1,1,3,100,3,1,1,2,0.2,0.29,0.2256,NA,NA,NA,30.65,8.3415,8.3415,3.9655,29.8395,21.4555,0.65,1179.5211,2000,2000,"0.15,0.2,0.3,0.35,0.45",0,1.4142,0.15,0.85,NA,NA,NA,NA,NA,NA,NA,NA,NA,NA,NA,NA,NA,NA,NA,NA,NA,NA,NA,NA,NA,NA,NA,NA
"Set_5dose_adaptive_r_37","Set_5dose_adaptive_r_37_SC3",3,3,3,1,"CRM","random",NA,NA,"random",NA,0.6,0,0.0179,28,30,2,1,1,3,100,3,1,1,3,0.3,0.42,0.3211,NA,NA,NA,35.15,7.656,7.656,2.077,29.8395,21.4555,0.65,1179.5211,2000,2000,"0.15,0.2,0.3,0.35,0.45",0,1.4142,0.15,0.85,NA,NA,NA,NA,NA,NA,NA,NA,NA,NA,NA,NA,NA,NA,NA,NA,NA,NA,NA,NA,NA,NA,NA,NA
"Set_5dose_adaptive_r_37","Set_5dose_adaptive_r_37_SC3",3,3,3,1,"CRM","random",NA,NA,"random",NA,0.6,0,0.0179,28,30,2,1,1,3,100,3,1,1,4,0.35,0.53,0.3685,NA,NA,NA,19.9,4.4745,4.4745,1.7245,29.8395,21.4555,0.65,1179.5211,2000,2000,"0.15,0.2,0.3,0.35,0.45",0,1.4142,0.15,0.85,NA,NA,NA,NA,NA,NA,NA,NA,NA,NA,NA,NA,NA,NA,NA,NA,NA,NA,NA,NA,NA,NA,NA,NA
"Set_5dose_adaptive_r_37","Set_5dose_adaptive_r_37_SC3",3,3,3,1,"CRM","random",NA,NA,"random",NA,0.6,0,0.0179,28,30,2,1,1,3,100,3,1,1,5,0.45,0.66,0.4632,NA,NA,NA,7,2.277,2.277,0.617,29.8395,21.4555,0.65,1179.5211,2000,2000,"0.15,0.2,0.3,0.35,0.45",0,1.4142,0.15,0.85,NA,NA,NA,NA,NA,NA,NA,NA,NA,NA,NA,NA,NA,NA,NA,NA,NA,NA,NA,NA,NA,NA,NA,NA
"Set_5dose_adaptive_r_37","Set_5dose_adaptive_r_37_SC3",3,3,3,1,"CRM","crm_r_fixed",NA,NA,"crm_r_fixed",NA,0.9,0,0.0179,28,30,2,1,1,3,100,3,1,1,1,0.15,0.15,0.2002,0,NA,NA,11.45,8.5635,8.5635,0,29.8395,21.587,0.65,1185.7255,2000,2000,"0.15,0.2,0.3,0.35,0.45",0,1.4142,0.15,0.85,NA,NA,NA,NA,NA,NA,NA,NA,NA,NA,NA,NA,NA,NA,NA,NA,NA,NA,NA,NA,NA,NA,NA,NA
"Set_5dose_adaptive_r_37","Set_5dose_adaptive_r_37_SC3",3,3,3,1,"CRM","crm_r_fixed",NA,NA,"crm_r_fixed",NA,0.9,0,0.0179,28,30,2,1,1,3,100,3,1,1,2,0.2,0.335,0.2519,NA,NA,NA,39.95,9.498,9.498,4.5375,29.8395,21.587,0.65,1185.7255,2000,2000,"0.15,0.2,0.3,0.35,0.45",0,1.4142,0.15,0.85,NA,NA,NA,NA,NA,NA,NA,NA,NA,NA,NA,NA,NA,NA,NA,NA,NA,NA,NA,NA,NA,NA,NA,NA
"Set_5dose_adaptive_r_37","Set_5dose_adaptive_r_37_SC3",3,3,3,1,"CRM","crm_r_fixed",NA,NA,"crm_r_fixed",NA,0.9,0,0.0179,28,30,2,1,1,3,100,3,1,1,3,0.3,0.48,0.3509,NA,NA,NA,34.5,7.635,7.635,1.957,29.8395,21.587,0.65,1185.7255,2000,2000,"0.15,0.2,0.3,0.35,0.45",0,1.4142,0.15,0.85,NA,NA,NA,NA,NA,NA,NA,NA,NA,NA,NA,NA,NA,NA,NA,NA,NA,NA,NA,NA,NA,NA,NA,NA
"Set_5dose_adaptive_r_37","Set_5dose_adaptive_r_37_SC3",3,3,3,1,"CRM","crm_r_fixed",NA,NA,"crm_r_fixed",NA,0.9,0,0.0179,28,30,2,1,1,3,100,3,1,1,4,0.35,0.62,0.3991,NA,NA,NA,11.2,3.3075,3.3075,1.4985,29.8395,21.587,0.65,1185.7255,2000,2000,"0.15,0.2,0.3,0.35,0.45",0,1.4142,0.15,0.85,NA,NA,NA,NA,NA,NA,NA,NA,NA,NA,NA,NA,NA,NA,NA,NA,NA,NA,NA,NA,NA,NA,NA,NA
"Set_5dose_adaptive_r_37","Set_5dose_adaptive_r_37_SC3",3,3,3,1,"CRM","crm_r_fixed",NA,NA,"crm_r_fixed",NA,0.9,0,0.0179,28,30,2,1,1,3,100,3,1,1,5,0.45,0.765,0.4938,NA,NA,NA,2.25,0.8355,0.8355,0.2595,29.8395,21.587,0.65,1185.7255,2000,2000,"0.15,0.2,0.3,0.35,0.45",0,1.4142,0.15,0.85,NA,NA,NA,NA,NA,NA,NA,NA,NA,NA,NA,NA,NA,NA,NA,NA,NA,NA,NA,NA,NA,NA,NA,NA
"Set_5dose_adaptive_r_37","Set_5dose_adaptive_r_37_SC3",3,3,3,1,"CRM","random",NA,NA,"random",NA,0.9,0,0.0179,28,30,2,1,1,3,100,3,1,1,1,0.15,0.15,0.1869,0.0916,NA,NA,8.7,7.5135,7.5135,0,29.8395,21.3665,0.65,1173.436,2000,2000,"0.15,0.2,0.3,0.35,0.45",0,1.4142,0.15,0.85,NA,NA,NA,NA,NA,NA,NA,NA,NA,NA,NA,NA,NA,NA,NA,NA,NA,NA,NA,NA,NA,NA,NA,NA
"Set_5dose_adaptive_r_37","Set_5dose_adaptive_r_37_SC3",3,3,3,1,"CRM","random",NA,NA,"random",NA,0.9,0,0.0179,28,30,2,1,1,3,100,3,1,1,2,0.2,0.335,0.2365,NA,NA,NA,35.45,8.8665,8.8665,4.1885,29.8395,21.3665,0.65,1173.436,2000,2000,"0.15,0.2,0.3,0.35,0.45",0,1.4142,0.15,0.85,NA,NA,NA,NA,NA,NA,NA,NA,NA,NA,NA,NA,NA,NA,NA,NA,NA,NA,NA,NA,NA,NA,NA,NA
"Set_5dose_adaptive_r_37","Set_5dose_adaptive_r_37_SC3",3,3,3,1,"CRM","random",NA,NA,"random",NA,0.9,0,0.0179,28,30,2,1,1,3,100,3,1,1,3,0.3,0.48,0.333,NA,NA,NA,33.4,7.638,7.638,2.039,29.8395,21.3665,0.65,1173.436,2000,2000,"0.15,0.2,0.3,0.35,0.45",0,1.4142,0.15,0.85,NA,NA,NA,NA,NA,NA,NA,NA,NA,NA,NA,NA,NA,NA,NA,NA,NA,NA,NA,NA,NA,NA,NA,NA
"Set_5dose_adaptive_r_37","Set_5dose_adaptive_r_37_SC3",3,3,3,1,"CRM","random",NA,NA,"random",NA,0.9,0,0.0179,28,30,2,1,1,3,100,3,1,1,4,0.35,0.62,0.3804,NA,NA,NA,17,4.0995,4.0995,1.707,29.8395,21.3665,0.65,1173.436,2000,2000,"0.15,0.2,0.3,0.35,0.45",0,1.4142,0.15,0.85,NA,NA,NA,NA,NA,NA,NA,NA,NA,NA,NA,NA,NA,NA,NA,NA,NA,NA,NA,NA,NA,NA,NA,NA
"Set_5dose_adaptive_r_37","Set_5dose_adaptive_r_37_SC3",3,3,3,1,"CRM","random",NA,NA,"random",NA,0.9,0,0.0179,28,30,2,1,1,3,100,3,1,1,5,0.45,0.765,0.4747,NA,NA,NA,4.8,1.722,1.722,0.5385,29.8395,21.3665,0.65,1173.436,2000,2000,"0.15,0.2,0.3,0.35,0.45",0,1.4142,0.15,0.85,NA,NA,NA,NA,NA,NA,NA,NA,NA,NA,NA,NA,NA,NA,NA,NA,NA,NA,NA,NA,NA,NA,NA,NA
"Set_5dose_adaptive_r_37","Set_5dose_adaptive_r_37_SC4",4,4,4,1,"CRM","crm_r_fixed",NA,NA,"crm_r_fixed",NA,0,0,0.0179,28,30,2,1,1,3,100,3,1,1,1,0.05,0.05,0.105,0,NA,NA,0,3.6285,3.6285,0,30,21.5965,0,1187.9346,2000,2000,"0.15,0.2,0.3,0.35,0.45",0,1.4142,0.15,0.85,NA,NA,NA,NA,NA,NA,NA,NA,NA,NA,NA,NA,NA,NA,NA,NA,NA,NA,NA,NA,NA,NA,NA,NA
"Set_5dose_adaptive_r_37","Set_5dose_adaptive_r_37_SC4",4,4,4,1,"CRM","crm_r_fixed",NA,NA,"crm_r_fixed",NA,0,0,0.0179,28,30,2,1,1,3,100,3,1,1,2,0.1,0.1,0.1438,NA,NA,NA,1.25,3.786,3.786,2.7055,30,21.5965,0,1187.9346,2000,2000,"0.15,0.2,0.3,0.35,0.45",0,1.4142,0.15,0.85,NA,NA,NA,NA,NA,NA,NA,NA,NA,NA,NA,NA,NA,NA,NA,NA,NA,NA,NA,NA,NA,NA,NA,NA
"Set_5dose_adaptive_r_37","Set_5dose_adaptive_r_37_SC4",4,4,4,1,"CRM","crm_r_fixed",NA,NA,"crm_r_fixed",NA,0,0,0.0179,28,30,2,1,1,3,100,3,1,1,3,0.18,0.18,0.2274,NA,NA,NA,20.9,6.576,6.576,1.33,30,21.5965,0,1187.9346,2000,2000,"0.15,0.2,0.3,0.35,0.45",0,1.4142,0.15,0.85,NA,NA,NA,NA,NA,NA,NA,NA,NA,NA,NA,NA,NA,NA,NA,NA,NA,NA,NA,NA,NA,NA,NA,NA
"Set_5dose_adaptive_r_37","Set_5dose_adaptive_r_37_SC4",4,4,4,1,"CRM","crm_r_fixed",NA,NA,"crm_r_fixed",NA,0,0,0.0179,28,30,2,1,1,3,100,3,1,1,4,0.3,0.3,0.272,NA,NA,NA,41,7.992,7.992,2.899,30,21.5965,0,1187.9346,2000,2000,"0.15,0.2,0.3,0.35,0.45",0,1.4142,0.15,0.85,NA,NA,NA,NA,NA,NA,NA,NA,NA,NA,NA,NA,NA,NA,NA,NA,NA,NA,NA,NA,NA,NA,NA,NA
"Set_5dose_adaptive_r_37","Set_5dose_adaptive_r_37_SC4",4,4,4,1,"CRM","crm_r_fixed",NA,NA,"crm_r_fixed",NA,0,0,0.0179,28,30,2,1,1,3,100,3,1,1,5,0.4,0.4,0.3664,NA,NA,NA,36.85,8.0175,8.0175,1.469,30,21.5965,0,1187.9346,2000,2000,"0.15,0.2,0.3,0.35,0.45",0,1.4142,0.15,0.85,NA,NA,NA,NA,NA,NA,NA,NA,NA,NA,NA,NA,NA,NA,NA,NA,NA,NA,NA,NA,NA,NA,NA,NA
"Set_5dose_adaptive_r_37","Set_5dose_adaptive_r_37_SC4",4,4,4,1,"CRM","random",NA,NA,"random",NA,0,0,0.0179,28,30,2,1,1,3,100,3,1,1,1,0.05,0.05,0.1021,0.0331,NA,NA,0,3.5865,3.5865,0,30,21.734,0,1195.0522,2000,2000,"0.15,0.2,0.3,0.35,0.45",0,1.4142,0.15,0.85,NA,NA,NA,NA,NA,NA,NA,NA,NA,NA,NA,NA,NA,NA,NA,NA,NA,NA,NA,NA,NA,NA,NA,NA
"Set_5dose_adaptive_r_37","Set_5dose_adaptive_r_37_SC4",4,4,4,1,"CRM","random",NA,NA,"random",NA,0,0,0.0179,28,30,2,1,1,3,100,3,1,1,2,0.1,0.1,0.1402,NA,NA,NA,1,3.7275,3.7275,2.669,30,21.734,0,1195.0522,2000,2000,"0.15,0.2,0.3,0.35,0.45",0,1.4142,0.15,0.85,NA,NA,NA,NA,NA,NA,NA,NA,NA,NA,NA,NA,NA,NA,NA,NA,NA,NA,NA,NA,NA,NA,NA,NA
"Set_5dose_adaptive_r_37","Set_5dose_adaptive_r_37_SC4",4,4,4,1,"CRM","random",NA,NA,"random",NA,0,0,0.0179,28,30,2,1,1,3,100,3,1,1,3,0.18,0.18,0.2225,NA,NA,NA,19.85,6.1965,6.1965,1.2885,30,21.734,0,1195.0522,2000,2000,"0.15,0.2,0.3,0.35,0.45",0,1.4142,0.15,0.85,NA,NA,NA,NA,NA,NA,NA,NA,NA,NA,NA,NA,NA,NA,NA,NA,NA,NA,NA,NA,NA,NA,NA,NA
"Set_5dose_adaptive_r_37","Set_5dose_adaptive_r_37_SC4",4,4,4,1,"CRM","random",NA,NA,"random",NA,0,0,0.0179,28,30,2,1,1,3,100,3,1,1,4,0.3,0.3,0.2666,NA,NA,NA,38.95,7.617,7.617,2.76,30,21.734,0,1195.0522,2000,2000,"0.15,0.2,0.3,0.35,0.45",0,1.4142,0.15,0.85,NA,NA,NA,NA,NA,NA,NA,NA,NA,NA,NA,NA,NA,NA,NA,NA,NA,NA,NA,NA,NA,NA,NA,NA
"Set_5dose_adaptive_r_37","Set_5dose_adaptive_r_37_SC4",4,4,4,1,"CRM","random",NA,NA,"random",NA,0,0,0.0179,28,30,2,1,1,3,100,3,1,1,5,0.4,0.4,0.3603,NA,NA,NA,40.2,8.8725,8.8725,1.5485,30,21.734,0,1195.0522,2000,2000,"0.15,0.2,0.3,0.35,0.45",0,1.4142,0.15,0.85,NA,NA,NA,NA,NA,NA,NA,NA,NA,NA,NA,NA,NA,NA,NA,NA,NA,NA,NA,NA,NA,NA,NA,NA
"Set_5dose_adaptive_r_37","Set_5dose_adaptive_r_37_SC4",4,4,4,1,"CRM","crm_r_fixed",NA,NA,"crm_r_fixed",NA,0.3,0,0.0179,28,30,2,1,1,3,100,3,1,1,1,0.05,0.05,0.1111,0,NA,NA,0,3.6555,3.6555,0,30,21.479,0,1182.0756,2000,2000,"0.15,0.2,0.3,0.35,0.45",0,1.4142,0.15,0.85,NA,NA,NA,NA,NA,NA,NA,NA,NA,NA,NA,NA,NA,NA,NA,NA,NA,NA,NA,NA,NA,NA,NA,NA
"Set_5dose_adaptive_r_37","Set_5dose_adaptive_r_37_SC4",4,4,4,1,"CRM","crm_r_fixed",NA,NA,"crm_r_fixed",NA,0.3,0,0.0179,28,30,2,1,1,3,100,3,1,1,2,0.1,0.115,0.1512,NA,NA,NA,2,3.9915,3.9915,2.746,30,21.479,0,1182.0756,2000,2000,"0.15,0.2,0.3,0.35,0.45",0,1.4142,0.15,0.85,NA,NA,NA,NA,NA,NA,NA,NA,NA,NA,NA,NA,NA,NA,NA,NA,NA,NA,NA,NA,NA,NA,NA,NA
"Set_5dose_adaptive_r_37","Set_5dose_adaptive_r_37_SC4",4,4,4,1,"CRM","crm_r_fixed",NA,NA,"crm_r_fixed",NA,0.3,0,0.0179,28,30,2,1,1,3,100,3,1,1,3,0.18,0.21,0.2366,NA,NA,NA,25.2,7.0695,7.0695,1.4255,30,21.479,0,1182.0756,2000,2000,"0.15,0.2,0.3,0.35,0.45",0,1.4142,0.15,0.85,NA,NA,NA,NA,NA,NA,NA,NA,NA,NA,NA,NA,NA,NA,NA,NA,NA,NA,NA,NA,NA,NA,NA,NA
"Set_5dose_adaptive_r_37","Set_5dose_adaptive_r_37_SC4",4,4,4,1,"CRM","crm_r_fixed",NA,NA,"crm_r_fixed",NA,0.3,0,0.0179,28,30,2,1,1,3,100,3,1,1,4,0.3,0.354,0.2818,NA,NA,NA,41.85,8.211,8.211,2.984,30,21.479,0,1182.0756,2000,2000,"0.15,0.2,0.3,0.35,0.45",0,1.4142,0.15,0.85,NA,NA,NA,NA,NA,NA,NA,NA,NA,NA,NA,NA,NA,NA,NA,NA,NA,NA,NA,NA,NA,NA,NA,NA
"Set_5dose_adaptive_r_37","Set_5dose_adaptive_r_37_SC4",4,4,4,1,"CRM","crm_r_fixed",NA,NA,"crm_r_fixed",NA,0.3,0,0.0179,28,30,2,1,1,3,100,3,1,1,5,0.4,0.49,0.3768,NA,NA,NA,30.95,7.0725,7.0725,1.3655,30,21.479,0,1182.0756,2000,2000,"0.15,0.2,0.3,0.35,0.45",0,1.4142,0.15,0.85,NA,NA,NA,NA,NA,NA,NA,NA,NA,NA,NA,NA,NA,NA,NA,NA,NA,NA,NA,NA,NA,NA,NA,NA
"Set_5dose_adaptive_r_37","Set_5dose_adaptive_r_37_SC4",4,4,4,1,"CRM","random",NA,NA,"random",NA,0.3,0,0.0179,28,30,2,1,1,3,100,3,1,1,1,0.05,0.05,0.1075,0.0397,NA,NA,0,3.585,3.585,0,30,21.599,0,1187.0084,2000,2000,"0.15,0.2,0.3,0.35,0.45",0,1.4142,0.15,0.85,NA,NA,NA,NA,NA,NA,NA,NA,NA,NA,NA,NA,NA,NA,NA,NA,NA,NA,NA,NA,NA,NA,NA,NA
"Set_5dose_adaptive_r_37","Set_5dose_adaptive_r_37_SC4",4,4,4,1,"CRM","random",NA,NA,"random",NA,0.3,0,0.0179,28,30,2,1,1,3,100,3,1,1,2,0.1,0.115,0.1467,NA,NA,NA,1.7,3.882,3.882,2.691,30,21.599,0,1187.0084,2000,2000,"0.15,0.2,0.3,0.35,0.45",0,1.4142,0.15,0.85,NA,NA,NA,NA,NA,NA,NA,NA,NA,NA,NA,NA,NA,NA,NA,NA,NA,NA,NA,NA,NA,NA,NA,NA
"Set_5dose_adaptive_r_37","Set_5dose_adaptive_r_37_SC4",4,4,4,1,"CRM","random",NA,NA,"random",NA,0.3,0,0.0179,28,30,2,1,1,3,100,3,1,1,3,0.18,0.21,0.2305,NA,NA,NA,23.65,6.5475,6.5475,1.369,30,21.599,0,1187.0084,2000,2000,"0.15,0.2,0.3,0.35,0.45",0,1.4142,0.15,0.85,NA,NA,NA,NA,NA,NA,NA,NA,NA,NA,NA,NA,NA,NA,NA,NA,NA,NA,NA,NA,NA,NA,NA,NA
"Set_5dose_adaptive_r_37","Set_5dose_adaptive_r_37_SC4",4,4,4,1,"CRM","random",NA,NA,"random",NA,0.3,0,0.0179,28,30,2,1,1,3,100,3,1,1,4,0.3,0.354,0.2751,NA,NA,NA,39.7,7.905,7.905,2.8265,30,21.599,0,1187.0084,2000,2000,"0.15,0.2,0.3,0.35,0.45",0,1.4142,0.15,0.85,NA,NA,NA,NA,NA,NA,NA,NA,NA,NA,NA,NA,NA,NA,NA,NA,NA,NA,NA,NA,NA,NA,NA,NA
"Set_5dose_adaptive_r_37","Set_5dose_adaptive_r_37_SC4",4,4,4,1,"CRM","random",NA,NA,"random",NA,0.3,0,0.0179,28,30,2,1,1,3,100,3,1,1,5,0.4,0.49,0.3693,NA,NA,NA,34.95,8.0805,8.0805,1.5145,30,21.599,0,1187.0084,2000,2000,"0.15,0.2,0.3,0.35,0.45",0,1.4142,0.15,0.85,NA,NA,NA,NA,NA,NA,NA,NA,NA,NA,NA,NA,NA,NA,NA,NA,NA,NA,NA,NA,NA,NA,NA,NA
"Set_5dose_adaptive_r_37","Set_5dose_adaptive_r_37_SC4",4,4,4,1,"CRM","crm_r_fixed",NA,NA,"crm_r_fixed",NA,0.6,0,0.0179,28,30,2,1,1,3,100,3,1,1,1,0.05,0.05,0.1175,0,NA,NA,0,3.69,3.69,0,30,21.2785,0,1171.1859,2000,2000,"0.15,0.2,0.3,0.35,0.45",0,1.4142,0.15,0.85,NA,NA,NA,NA,NA,NA,NA,NA,NA,NA,NA,NA,NA,NA,NA,NA,NA,NA,NA,NA,NA,NA,NA,NA
"Set_5dose_adaptive_r_37","Set_5dose_adaptive_r_37_SC4",4,4,4,1,"CRM","crm_r_fixed",NA,NA,"crm_r_fixed",NA,0.6,0,0.0179,28,30,2,1,1,3,100,3,1,1,2,0.1,0.13,0.1589,NA,NA,NA,2.3,4.1925,4.1925,2.7935,30,21.2785,0,1171.1859,2000,2000,"0.15,0.2,0.3,0.35,0.45",0,1.4142,0.15,0.85,NA,NA,NA,NA,NA,NA,NA,NA,NA,NA,NA,NA,NA,NA,NA,NA,NA,NA,NA,NA,NA,NA,NA,NA
"Set_5dose_adaptive_r_37","Set_5dose_adaptive_r_37_SC4",4,4,4,1,"CRM","crm_r_fixed",NA,NA,"crm_r_fixed",NA,0.6,0,0.0179,28,30,2,1,1,3,100,3,1,1,3,0.18,0.24,0.246,NA,NA,NA,29.15,7.707,7.707,1.5095,30,21.2785,0,1171.1859,2000,2000,"0.15,0.2,0.3,0.35,0.45",0,1.4142,0.15,0.85,NA,NA,NA,NA,NA,NA,NA,NA,NA,NA,NA,NA,NA,NA,NA,NA,NA,NA,NA,NA,NA,NA,NA,NA
"Set_5dose_adaptive_r_37","Set_5dose_adaptive_r_37_SC4",4,4,4,1,"CRM","crm_r_fixed",NA,NA,"crm_r_fixed",NA,0.6,0,0.0179,28,30,2,1,1,3,100,3,1,1,4,0.3,0.408,0.2917,NA,NA,NA,44.2,8.3745,8.3745,3.125,30,21.2785,0,1171.1859,2000,2000,"0.15,0.2,0.3,0.35,0.45",0,1.4142,0.15,0.85,NA,NA,NA,NA,NA,NA,NA,NA,NA,NA,NA,NA,NA,NA,NA,NA,NA,NA,NA,NA,NA,NA,NA,NA
"Set_5dose_adaptive_r_37","Set_5dose_adaptive_r_37_SC4",4,4,4,1,"CRM","crm_r_fixed",NA,NA,"crm_r_fixed",NA,0.6,0,0.0179,28,30,2,1,1,3,100,3,1,1,5,0.4,0.58,0.3872,NA,NA,NA,24.35,6.036,6.036,1.2935,30,21.2785,0,1171.1859,2000,2000,"0.15,0.2,0.3,0.35,0.45",0,1.4142,0.15,0.85,NA,NA,NA,NA,NA,NA,NA,NA,NA,NA,NA,NA,NA,NA,NA,NA,NA,NA,NA,NA,NA,NA,NA,NA
"Set_5dose_adaptive_r_37","Set_5dose_adaptive_r_37_SC4",4,4,4,1,"CRM","random",NA,NA,"random",NA,0.6,0,0.0179,28,30,2,1,1,3,100,3,1,1,1,0.05,0.05,0.1126,0.049,NA,NA,0,3.6015,3.6015,0,30,21.484,0,1180.2171,2000,2000,"0.15,0.2,0.3,0.35,0.45",0,1.4142,0.15,0.85,NA,NA,NA,NA,NA,NA,NA,NA,NA,NA,NA,NA,NA,NA,NA,NA,NA,NA,NA,NA,NA,NA,NA,NA
"Set_5dose_adaptive_r_37","Set_5dose_adaptive_r_37_SC4",4,4,4,1,"CRM","random",NA,NA,"random",NA,0.6,0,0.0179,28,30,2,1,1,3,100,3,1,1,2,0.1,0.13,0.1527,NA,NA,NA,2.25,4.053,4.053,2.7145,30,21.484,0,1180.2171,2000,2000,"0.15,0.2,0.3,0.35,0.45",0,1.4142,0.15,0.85,NA,NA,NA,NA,NA,NA,NA,NA,NA,NA,NA,NA,NA,NA,NA,NA,NA,NA,NA,NA,NA,NA,NA,NA
"Set_5dose_adaptive_r_37","Set_5dose_adaptive_r_37_SC4",4,4,4,1,"CRM","random",NA,NA,"random",NA,0.6,0,0.0179,28,30,2,1,1,3,100,3,1,1,3,0.18,0.24,0.2379,NA,NA,NA,25.75,6.9255,6.9255,1.4315,30,21.484,0,1180.2171,2000,2000,"0.15,0.2,0.3,0.35,0.45",0,1.4142,0.15,0.85,NA,NA,NA,NA,NA,NA,NA,NA,NA,NA,NA,NA,NA,NA,NA,NA,NA,NA,NA,NA,NA,NA,NA,NA
"Set_5dose_adaptive_r_37","Set_5dose_adaptive_r_37_SC4",4,4,4,1,"CRM","random",NA,NA,"random",NA,0.6,0,0.0179,28,30,2,1,1,3,100,3,1,1,4,0.3,0.408,0.2828,NA,NA,NA,42.1,8.2455,8.2455,2.937,30,21.484,0,1180.2171,2000,2000,"0.15,0.2,0.3,0.35,0.45",0,1.4142,0.15,0.85,NA,NA,NA,NA,NA,NA,NA,NA,NA,NA,NA,NA,NA,NA,NA,NA,NA,NA,NA,NA,NA,NA,NA,NA
"Set_5dose_adaptive_r_37","Set_5dose_adaptive_r_37_SC4",4,4,4,1,"CRM","random",NA,NA,"random",NA,0.6,0,0.0179,28,30,2,1,1,3,100,3,1,1,5,0.4,0.58,0.3773,NA,NA,NA,29.9,7.1745,7.1745,1.433,30,21.484,0,1180.2171,2000,2000,"0.15,0.2,0.3,0.35,0.45",0,1.4142,0.15,0.85,NA,NA,NA,NA,NA,NA,NA,NA,NA,NA,NA,NA,NA,NA,NA,NA,NA,NA,NA,NA,NA,NA,NA,NA
"Set_5dose_adaptive_r_37","Set_5dose_adaptive_r_37_SC4",4,4,4,1,"CRM","crm_r_fixed",NA,NA,"crm_r_fixed",NA,0.9,0,0.0179,28,30,2,1,1,3,100,3,1,1,1,0.05,0.05,0.1243,0,NA,NA,0.05,3.7455,3.7455,0,30,21.1375,0,1161.4367,2000,2000,"0.15,0.2,0.3,0.35,0.45",0,1.4142,0.15,0.85,NA,NA,NA,NA,NA,NA,NA,NA,NA,NA,NA,NA,NA,NA,NA,NA,NA,NA,NA,NA,NA,NA,NA,NA
"Set_5dose_adaptive_r_37","Set_5dose_adaptive_r_37_SC4",4,4,4,1,"CRM","crm_r_fixed",NA,NA,"crm_r_fixed",NA,0.9,0,0.0179,28,30,2,1,1,3,100,3,1,1,2,0.1,0.145,0.1669,NA,NA,NA,3.55,4.428,4.428,2.855,30,21.1375,0,1161.4367,2000,2000,"0.15,0.2,0.3,0.35,0.45",0,1.4142,0.15,0.85,NA,NA,NA,NA,NA,NA,NA,NA,NA,NA,NA,NA,NA,NA,NA,NA,NA,NA,NA,NA,NA,NA,NA,NA
"Set_5dose_adaptive_r_37","Set_5dose_adaptive_r_37_SC4",4,4,4,1,"CRM","crm_r_fixed",NA,NA,"crm_r_fixed",NA,0.9,0,0.0179,28,30,2,1,1,3,100,3,1,1,3,0.18,0.27,0.2558,NA,NA,NA,33.7,8.2995,8.2995,1.556,30,21.1375,0,1161.4367,2000,2000,"0.15,0.2,0.3,0.35,0.45",0,1.4142,0.15,0.85,NA,NA,NA,NA,NA,NA,NA,NA,NA,NA,NA,NA,NA,NA,NA,NA,NA,NA,NA,NA,NA,NA,NA,NA
"Set_5dose_adaptive_r_37","Set_5dose_adaptive_r_37_SC4",4,4,4,1,"CRM","crm_r_fixed",NA,NA,"crm_r_fixed",NA,0.9,0,0.0179,28,30,2,1,1,3,100,3,1,1,4,0.3,0.462,0.302,NA,NA,NA,44.3,8.4225,8.4225,3.2695,30,21.1375,0,1161.4367,2000,2000,"0.15,0.2,0.3,0.35,0.45",0,1.4142,0.15,0.85,NA,NA,NA,NA,NA,NA,NA,NA,NA,NA,NA,NA,NA,NA,NA,NA,NA,NA,NA,NA,NA,NA,NA,NA
"Set_5dose_adaptive_r_37","Set_5dose_adaptive_r_37_SC4",4,4,4,1,"CRM","crm_r_fixed",NA,NA,"crm_r_fixed",NA,0.9,0,0.0179,28,30,2,1,1,3,100,3,1,1,5,0.4,0.67,0.3978,NA,NA,NA,18.4,5.1045,5.1045,1.182,30,21.1375,0,1161.4367,2000,2000,"0.15,0.2,0.3,0.35,0.45",0,1.4142,0.15,0.85,NA,NA,NA,NA,NA,NA,NA,NA,NA,NA,NA,NA,NA,NA,NA,NA,NA,NA,NA,NA,NA,NA,NA,NA
"Set_5dose_adaptive_r_37","Set_5dose_adaptive_r_37_SC4",4,4,4,1,"CRM","random",NA,NA,"random",NA,0.9,0,0.0179,28,30,2,1,1,3,100,3,1,1,1,0.05,0.05,0.117,0.0631,NA,NA,0,3.639,3.639,0,30,21.328,0,1171.1722,2000,2000,"0.15,0.2,0.3,0.35,0.45",0,1.4142,0.15,0.85,NA,NA,NA,NA,NA,NA,NA,NA,NA,NA,NA,NA,NA,NA,NA,NA,NA,NA,NA,NA,NA,NA,NA,NA
"Set_5dose_adaptive_r_37","Set_5dose_adaptive_r_37_SC4",4,4,4,1,"CRM","random",NA,NA,"random",NA,0.9,0,0.0179,28,30,2,1,1,3,100,3,1,1,2,0.1,0.145,0.1578,NA,NA,NA,2.9,4.185,4.185,2.7525,30,21.328,0,1171.1722,2000,2000,"0.15,0.2,0.3,0.35,0.45",0,1.4142,0.15,0.85,NA,NA,NA,NA,NA,NA,NA,NA,NA,NA,NA,NA,NA,NA,NA,NA,NA,NA,NA,NA,NA,NA,NA,NA
"Set_5dose_adaptive_r_37","Set_5dose_adaptive_r_37_SC4",4,4,4,1,"CRM","random",NA,NA,"random",NA,0.9,0,0.0179,28,30,2,1,1,3,100,3,1,1,3,0.18,0.27,0.2439,NA,NA,NA,28.4,7.3605,7.3605,1.4705,30,21.328,0,1171.1722,2000,2000,"0.15,0.2,0.3,0.35,0.45",0,1.4142,0.15,0.85,NA,NA,NA,NA,NA,NA,NA,NA,NA,NA,NA,NA,NA,NA,NA,NA,NA,NA,NA,NA,NA,NA,NA,NA
"Set_5dose_adaptive_r_37","Set_5dose_adaptive_r_37_SC4",4,4,4,1,"CRM","random",NA,NA,"random",NA,0.9,0,0.0179,28,30,2,1,1,3,100,3,1,1,4,0.3,0.462,0.2891,NA,NA,NA,42.4,8.211,8.211,3.0235,30,21.328,0,1171.1722,2000,2000,"0.15,0.2,0.3,0.35,0.45",0,1.4142,0.15,0.85,NA,NA,NA,NA,NA,NA,NA,NA,NA,NA,NA,NA,NA,NA,NA,NA,NA,NA,NA,NA,NA,NA,NA,NA
"Set_5dose_adaptive_r_37","Set_5dose_adaptive_r_37_SC4",4,4,4,1,"CRM","random",NA,NA,"random",NA,0.9,0,0.0179,28,30,2,1,1,3,100,3,1,1,5,0.4,0.67,0.3837,NA,NA,NA,26.3,6.6045,6.6045,1.4255,30,21.328,0,1171.1722,2000,2000,"0.15,0.2,0.3,0.35,0.45",0,1.4142,0.15,0.85,NA,NA,NA,NA,NA,NA,NA,NA,NA,NA,NA,NA,NA,NA,NA,NA,NA,NA,NA,NA,NA,NA,NA,NA
"Set_5dose_adaptive_r_37","Set_5dose_adaptive_r_37_SC5",5,5,5,1,"CRM","crm_r_fixed",NA,NA,"crm_r_fixed",NA,0,0,0.0179,28,30,2,1,1,3,100,3,1,1,1,0.07,0.07,0.0815,0,NA,NA,0,3.993,3.993,0,30,21.543,0,1183.2079,2000,2000,"0.15,0.2,0.3,0.35,0.45",0,1.4142,0.15,0.85,NA,NA,NA,NA,NA,NA,NA,NA,NA,NA,NA,NA,NA,NA,NA,NA,NA,NA,NA,NA,NA,NA,NA,NA
"Set_5dose_adaptive_r_37","Set_5dose_adaptive_r_37_SC5",5,5,5,1,"CRM","crm_r_fixed",NA,NA,"crm_r_fixed",NA,0,0,0.0179,28,30,2,1,1,3,100,3,1,1,2,0.12,0.12,0.1147,NA,NA,NA,1.9,4.0095,4.0095,2.8845,30,21.543,0,1183.2079,2000,2000,"0.15,0.2,0.3,0.35,0.45",0,1.4142,0.15,0.85,NA,NA,NA,NA,NA,NA,NA,NA,NA,NA,NA,NA,NA,NA,NA,NA,NA,NA,NA,NA,NA,NA,NA,NA
"Set_5dose_adaptive_r_37","Set_5dose_adaptive_r_37_SC5",5,5,5,1,"CRM","crm_r_fixed",NA,NA,"crm_r_fixed",NA,0,0,0.0179,28,30,2,1,1,3,100,3,1,1,3,0.17,0.17,0.1892,NA,NA,NA,10.6,5.3985,5.3985,1.375,30,21.543,0,1183.2079,2000,2000,"0.15,0.2,0.3,0.35,0.45",0,1.4142,0.15,0.85,NA,NA,NA,NA,NA,NA,NA,NA,NA,NA,NA,NA,NA,NA,NA,NA,NA,NA,NA,NA,NA,NA,NA,NA
"Set_5dose_adaptive_r_37","Set_5dose_adaptive_r_37_SC5",5,5,5,1,"CRM","crm_r_fixed",NA,NA,"crm_r_fixed",NA,0,0,0.0179,28,30,2,1,1,3,100,3,1,1,4,0.22,0.22,0.2304,NA,NA,NA,26.45,6.252,6.252,2.4905,30,21.543,0,1183.2079,2000,2000,"0.15,0.2,0.3,0.35,0.45",0,1.4142,0.15,0.85,NA,NA,NA,NA,NA,NA,NA,NA,NA,NA,NA,NA,NA,NA,NA,NA,NA,NA,NA,NA,NA,NA,NA,NA
"Set_5dose_adaptive_r_37","Set_5dose_adaptive_r_37_SC5",5,5,5,1,"CRM","crm_r_fixed",NA,NA,"crm_r_fixed",NA,0,0,0.0179,28,30,2,1,1,3,100,3,1,1,5,0.3,0.3,0.3206,NA,NA,NA,61.05,10.347,10.347,1.707,30,21.543,0,1183.2079,2000,2000,"0.15,0.2,0.3,0.35,0.45",0,1.4142,0.15,0.85,NA,NA,NA,NA,NA,NA,NA,NA,NA,NA,NA,NA,NA,NA,NA,NA,NA,NA,NA,NA,NA,NA,NA,NA
"Set_5dose_adaptive_r_37","Set_5dose_adaptive_r_37_SC5",5,5,5,1,"CRM","random",NA,NA,"random",NA,0,0,0.0179,28,30,2,1,1,3,100,3,1,1,1,0.07,0.07,0.0784,0.0297,NA,NA,0,3.909,3.909,0,30,21.7335,0,1193.1715,2000,2000,"0.15,0.2,0.3,0.35,0.45",0,1.4142,0.15,0.85,NA,NA,NA,NA,NA,NA,NA,NA,NA,NA,NA,NA,NA,NA,NA,NA,NA,NA,NA,NA,NA,NA,NA,NA
"Set_5dose_adaptive_r_37","Set_5dose_adaptive_r_37_SC5",5,5,5,1,"CRM","random",NA,NA,"random",NA,0,0,0.0179,28,30,2,1,1,3,100,3,1,1,2,0.12,0.12,0.1106,NA,NA,NA,1.5,3.906,3.906,2.8225,30,21.7335,0,1193.1715,2000,2000,"0.15,0.2,0.3,0.35,0.45",0,1.4142,0.15,0.85,NA,NA,NA,NA,NA,NA,NA,NA,NA,NA,NA,NA,NA,NA,NA,NA,NA,NA,NA,NA,NA,NA,NA,NA
"Set_5dose_adaptive_r_37","Set_5dose_adaptive_r_37_SC5",5,5,5,1,"CRM","random",NA,NA,"random",NA,0,0,0.0179,28,30,2,1,1,3,100,3,1,1,3,0.17,0.17,0.1836,NA,NA,NA,9.45,5.0475,5.0475,1.326,30,21.7335,0,1193.1715,2000,2000,"0.15,0.2,0.3,0.35,0.45",0,1.4142,0.15,0.85,NA,NA,NA,NA,NA,NA,NA,NA,NA,NA,NA,NA,NA,NA,NA,NA,NA,NA,NA,NA,NA,NA,NA,NA
"Set_5dose_adaptive_r_37","Set_5dose_adaptive_r_37_SC5",5,5,5,1,"CRM","random",NA,NA,"random",NA,0,0,0.0179,28,30,2,1,1,3,100,3,1,1,4,0.22,0.22,0.2242,NA,NA,NA,25.2,5.964,5.964,2.4055,30,21.7335,0,1193.1715,2000,2000,"0.15,0.2,0.3,0.35,0.45",0,1.4142,0.15,0.85,NA,NA,NA,NA,NA,NA,NA,NA,NA,NA,NA,NA,NA,NA,NA,NA,NA,NA,NA,NA,NA,NA,NA,NA
"Set_5dose_adaptive_r_37","Set_5dose_adaptive_r_37_SC5",5,5,5,1,"CRM","random",NA,NA,"random",NA,0,0,0.0179,28,30,2,1,1,3,100,3,1,1,5,0.3,0.3,0.3134,NA,NA,NA,63.85,11.1735,11.1735,1.7125,30,21.7335,0,1193.1715,2000,2000,"0.15,0.2,0.3,0.35,0.45",0,1.4142,0.15,0.85,NA,NA,NA,NA,NA,NA,NA,NA,NA,NA,NA,NA,NA,NA,NA,NA,NA,NA,NA,NA,NA,NA,NA,NA
"Set_5dose_adaptive_r_37","Set_5dose_adaptive_r_37_SC5",5,5,5,1,"CRM","crm_r_fixed",NA,NA,"crm_r_fixed",NA,0.3,0,0.0179,28,30,2,1,1,3,100,3,1,1,1,0.07,0.07,0.0889,0,NA,NA,0.1,4.077,4.077,0,30,21.3485,0,1172.8573,2000,2000,"0.15,0.2,0.3,0.35,0.45",0,1.4142,0.15,0.85,NA,NA,NA,NA,NA,NA,NA,NA,NA,NA,NA,NA,NA,NA,NA,NA,NA,NA,NA,NA,NA,NA,NA,NA
"Set_5dose_adaptive_r_37","Set_5dose_adaptive_r_37_SC5",5,5,5,1,"CRM","crm_r_fixed",NA,NA,"crm_r_fixed",NA,0.3,0,0.0179,28,30,2,1,1,3,100,3,1,1,2,0.12,0.141,0.1237,NA,NA,NA,2.45,4.257,4.257,2.983,30,21.3485,0,1172.8573,2000,2000,"0.15,0.2,0.3,0.35,0.45",0,1.4142,0.15,0.85,NA,NA,NA,NA,NA,NA,NA,NA,NA,NA,NA,NA,NA,NA,NA,NA,NA,NA,NA,NA,NA,NA,NA,NA
"Set_5dose_adaptive_r_37","Set_5dose_adaptive_r_37_SC5",5,5,5,1,"CRM","crm_r_fixed",NA,NA,"crm_r_fixed",NA,0.3,0,0.0179,28,30,2,1,1,3,100,3,1,1,3,0.17,0.206,0.2009,NA,NA,NA,13.55,5.8455,5.8455,1.438,30,21.3485,0,1172.8573,2000,2000,"0.15,0.2,0.3,0.35,0.45",0,1.4142,0.15,0.85,NA,NA,NA,NA,NA,NA,NA,NA,NA,NA,NA,NA,NA,NA,NA,NA,NA,NA,NA,NA,NA,NA,NA,NA
"Set_5dose_adaptive_r_37","Set_5dose_adaptive_r_37_SC5",5,5,5,1,"CRM","crm_r_fixed",NA,NA,"crm_r_fixed",NA,0.3,0,0.0179,28,30,2,1,1,3,100,3,1,1,4,0.22,0.271,0.243,NA,NA,NA,29.9,6.57,6.57,2.587,30,21.3485,0,1172.8573,2000,2000,"0.15,0.2,0.3,0.35,0.45",0,1.4142,0.15,0.85,NA,NA,NA,NA,NA,NA,NA,NA,NA,NA,NA,NA,NA,NA,NA,NA,NA,NA,NA,NA,NA,NA,NA,NA
"Set_5dose_adaptive_r_37","Set_5dose_adaptive_r_37_SC5",5,5,5,1,"CRM","crm_r_fixed",NA,NA,"crm_r_fixed",NA,0.3,0,0.0179,28,30,2,1,1,3,100,3,1,1,5,0.3,0.366,0.3342,NA,NA,NA,54,9.2505,9.2505,1.6435,30,21.3485,0,1172.8573,2000,2000,"0.15,0.2,0.3,0.35,0.45",0,1.4142,0.15,0.85,NA,NA,NA,NA,NA,NA,NA,NA,NA,NA,NA,NA,NA,NA,NA,NA,NA,NA,NA,NA,NA,NA,NA,NA
"Set_5dose_adaptive_r_37","Set_5dose_adaptive_r_37_SC5",5,5,5,1,"CRM","random",NA,NA,"random",NA,0.3,0,0.0179,28,30,2,1,1,3,100,3,1,1,1,0.07,0.07,0.0837,0.0386,NA,NA,0.15,3.957,3.957,0,30,21.5525,0,1184.529,2000,2000,"0.15,0.2,0.3,0.35,0.45",0,1.4142,0.15,0.85,NA,NA,NA,NA,NA,NA,NA,NA,NA,NA,NA,NA,NA,NA,NA,NA,NA,NA,NA,NA,NA,NA,NA,NA
"Set_5dose_adaptive_r_37","Set_5dose_adaptive_r_37_SC5",5,5,5,1,"CRM","random",NA,NA,"random",NA,0.3,0,0.0179,28,30,2,1,1,3,100,3,1,1,2,0.12,0.141,0.1171,NA,NA,NA,1.8,4.062,4.062,2.8815,30,21.5525,0,1184.529,2000,2000,"0.15,0.2,0.3,0.35,0.45",0,1.4142,0.15,0.85,NA,NA,NA,NA,NA,NA,NA,NA,NA,NA,NA,NA,NA,NA,NA,NA,NA,NA,NA,NA,NA,NA,NA,NA
"Set_5dose_adaptive_r_37","Set_5dose_adaptive_r_37_SC5",5,5,5,1,"CRM","random",NA,NA,"random",NA,0.3,0,0.0179,28,30,2,1,1,3,100,3,1,1,3,0.17,0.206,0.1919,NA,NA,NA,10.95,5.379,5.379,1.388,30,21.5525,0,1184.529,2000,2000,"0.15,0.2,0.3,0.35,0.45",0,1.4142,0.15,0.85,NA,NA,NA,NA,NA,NA,NA,NA,NA,NA,NA,NA,NA,NA,NA,NA,NA,NA,NA,NA,NA,NA,NA,NA
"Set_5dose_adaptive_r_37","Set_5dose_adaptive_r_37_SC5",5,5,5,1,"CRM","random",NA,NA,"random",NA,0.3,0,0.0179,28,30,2,1,1,3,100,3,1,1,4,0.22,0.271,0.2331,NA,NA,NA,27.5,6.186,6.186,2.437,30,21.5525,0,1184.529,2000,2000,"0.15,0.2,0.3,0.35,0.45",0,1.4142,0.15,0.85,NA,NA,NA,NA,NA,NA,NA,NA,NA,NA,NA,NA,NA,NA,NA,NA,NA,NA,NA,NA,NA,NA,NA,NA
"Set_5dose_adaptive_r_37","Set_5dose_adaptive_r_37_SC5",5,5,5,1,"CRM","random",NA,NA,"random",NA,0.3,0,0.0179,28,30,2,1,1,3,100,3,1,1,5,0.3,0.366,0.3229,NA,NA,NA,59.6,10.416,10.416,1.741,30,21.5525,0,1184.529,2000,2000,"0.15,0.2,0.3,0.35,0.45",0,1.4142,0.15,0.85,NA,NA,NA,NA,NA,NA,NA,NA,NA,NA,NA,NA,NA,NA,NA,NA,NA,NA,NA,NA,NA,NA,NA,NA
"Set_5dose_adaptive_r_37","Set_5dose_adaptive_r_37_SC5",5,5,5,1,"CRM","crm_r_fixed",NA,NA,"crm_r_fixed",NA,0.6,0,0.0179,28,30,2,1,1,3,100,3,1,1,1,0.07,0.07,0.0964,0,NA,NA,0.15,4.1385,4.1385,0,30,21.1475,0,1160.9764,2000,2000,"0.15,0.2,0.3,0.35,0.45",0,1.4142,0.15,0.85,NA,NA,NA,NA,NA,NA,NA,NA,NA,NA,NA,NA,NA,NA,NA,NA,NA,NA,NA,NA,NA,NA,NA,NA
"Set_5dose_adaptive_r_37","Set_5dose_adaptive_r_37_SC5",5,5,5,1,"CRM","crm_r_fixed",NA,NA,"crm_r_fixed",NA,0.6,0,0.0179,28,30,2,1,1,3,100,3,1,1,2,0.12,0.162,0.1328,NA,NA,NA,3.05,4.452,4.452,3.0475,30,21.1475,0,1160.9764,2000,2000,"0.15,0.2,0.3,0.35,0.45",0,1.4142,0.15,0.85,NA,NA,NA,NA,NA,NA,NA,NA,NA,NA,NA,NA,NA,NA,NA,NA,NA,NA,NA,NA,NA,NA,NA,NA
"Set_5dose_adaptive_r_37","Set_5dose_adaptive_r_37_SC5",5,5,5,1,"CRM","crm_r_fixed",NA,NA,"crm_r_fixed",NA,0.6,0,0.0179,28,30,2,1,1,3,100,3,1,1,3,0.17,0.242,0.2124,NA,NA,NA,16.7,6.375,6.375,1.52,30,21.1475,0,1160.9764,2000,2000,"0.15,0.2,0.3,0.35,0.45",0,1.4142,0.15,0.85,NA,NA,NA,NA,NA,NA,NA,NA,NA,NA,NA,NA,NA,NA,NA,NA,NA,NA,NA,NA,NA,NA,NA,NA
"Set_5dose_adaptive_r_37","Set_5dose_adaptive_r_37_SC5",5,5,5,1,"CRM","crm_r_fixed",NA,NA,"crm_r_fixed",NA,0.6,0,0.0179,28,30,2,1,1,3,100,3,1,1,4,0.22,0.322,0.2555,NA,NA,NA,33.5,6.8265,6.8265,2.7075,30,21.1475,0,1160.9764,2000,2000,"0.15,0.2,0.3,0.35,0.45",0,1.4142,0.15,0.85,NA,NA,NA,NA,NA,NA,NA,NA,NA,NA,NA,NA,NA,NA,NA,NA,NA,NA,NA,NA,NA,NA,NA,NA
"Set_5dose_adaptive_r_37","Set_5dose_adaptive_r_37_SC5",5,5,5,1,"CRM","crm_r_fixed",NA,NA,"crm_r_fixed",NA,0.6,0,0.0179,28,30,2,1,1,3,100,3,1,1,5,0.3,0.432,0.3477,NA,NA,NA,46.6,8.208,8.208,1.5775,30,21.1475,0,1160.9764,2000,2000,"0.15,0.2,0.3,0.35,0.45",0,1.4142,0.15,0.85,NA,NA,NA,NA,NA,NA,NA,NA,NA,NA,NA,NA,NA,NA,NA,NA,NA,NA,NA,NA,NA,NA,NA,NA
"Set_5dose_adaptive_r_37","Set_5dose_adaptive_r_37_SC5",5,5,5,1,"CRM","random",NA,NA,"random",NA,0.6,0,0.0179,28,30,2,1,1,3,100,3,1,1,1,0.07,0.07,0.0898,0.0471,NA,NA,0.1,3.996,3.996,0,30,21.382,0,1173.9897,2000,2000,"0.15,0.2,0.3,0.35,0.45",0,1.4142,0.15,0.85,NA,NA,NA,NA,NA,NA,NA,NA,NA,NA,NA,NA,NA,NA,NA,NA,NA,NA,NA,NA,NA,NA,NA,NA
"Set_5dose_adaptive_r_37","Set_5dose_adaptive_r_37_SC5",5,5,5,1,"CRM","random",NA,NA,"random",NA,0.6,0,0.0179,28,30,2,1,1,3,100,3,1,1,2,0.12,0.162,0.1246,NA,NA,NA,2.15,4.209,4.209,2.919,30,21.382,0,1173.9897,2000,2000,"0.15,0.2,0.3,0.35,0.45",0,1.4142,0.15,0.85,NA,NA,NA,NA,NA,NA,NA,NA,NA,NA,NA,NA,NA,NA,NA,NA,NA,NA,NA,NA,NA,NA,NA,NA
"Set_5dose_adaptive_r_37","Set_5dose_adaptive_r_37_SC5",5,5,5,1,"CRM","random",NA,NA,"random",NA,0.6,0,0.0179,28,30,2,1,1,3,100,3,1,1,3,0.17,0.242,0.2014,NA,NA,NA,14.55,5.766,5.766,1.4615,30,21.382,0,1173.9897,2000,2000,"0.15,0.2,0.3,0.35,0.45",0,1.4142,0.15,0.85,NA,NA,NA,NA,NA,NA,NA,NA,NA,NA,NA,NA,NA,NA,NA,NA,NA,NA,NA,NA,NA,NA,NA,NA
"Set_5dose_adaptive_r_37","Set_5dose_adaptive_r_37_SC5",5,5,5,1,"CRM","random",NA,NA,"random",NA,0.6,0,0.0179,28,30,2,1,1,3,100,3,1,1,4,0.22,0.322,0.2433,NA,NA,NA,30.25,6.5025,6.5025,2.551,30,21.382,0,1173.9897,2000,2000,"0.15,0.2,0.3,0.35,0.45",0,1.4142,0.15,0.85,NA,NA,NA,NA,NA,NA,NA,NA,NA,NA,NA,NA,NA,NA,NA,NA,NA,NA,NA,NA,NA,NA,NA,NA
"Set_5dose_adaptive_r_37","Set_5dose_adaptive_r_37_SC5",5,5,5,1,"CRM","random",NA,NA,"random",NA,0.6,0,0.0179,28,30,2,1,1,3,100,3,1,1,5,0.3,0.432,0.334,NA,NA,NA,52.95,9.5265,9.5265,1.6865,30,21.382,0,1173.9897,2000,2000,"0.15,0.2,0.3,0.35,0.45",0,1.4142,0.15,0.85,NA,NA,NA,NA,NA,NA,NA,NA,NA,NA,NA,NA,NA,NA,NA,NA,NA,NA,NA,NA,NA,NA,NA,NA
"Set_5dose_adaptive_r_37","Set_5dose_adaptive_r_37_SC5",5,5,5,1,"CRM","crm_r_fixed",NA,NA,"crm_r_fixed",NA,0.9,0,0.0179,28,30,2,1,1,3,100,3,1,1,1,0.07,0.07,0.1038,0,NA,NA,0.3,4.227,4.227,0,30,20.9965,0,1150.8775,2000,2000,"0.15,0.2,0.3,0.35,0.45",0,1.4142,0.15,0.85,NA,NA,NA,NA,NA,NA,NA,NA,NA,NA,NA,NA,NA,NA,NA,NA,NA,NA,NA,NA,NA,NA,NA,NA
"Set_5dose_adaptive_r_37","Set_5dose_adaptive_r_37_SC5",5,5,5,1,"CRM","crm_r_fixed",NA,NA,"crm_r_fixed",NA,0.9,0,0.0179,28,30,2,1,1,3,100,3,1,1,2,0.12,0.183,0.1418,NA,NA,NA,4,4.749,4.749,3.1475,30,20.9965,0,1150.8775,2000,2000,"0.15,0.2,0.3,0.35,0.45",0,1.4142,0.15,0.85,NA,NA,NA,NA,NA,NA,NA,NA,NA,NA,NA,NA,NA,NA,NA,NA,NA,NA,NA,NA,NA,NA,NA,NA
"Set_5dose_adaptive_r_37","Set_5dose_adaptive_r_37_SC5",5,5,5,1,"CRM","crm_r_fixed",NA,NA,"crm_r_fixed",NA,0.9,0,0.0179,28,30,2,1,1,3,100,3,1,1,3,0.17,0.278,0.2236,NA,NA,NA,20.15,6.795,6.795,1.568,30,20.9965,0,1150.8775,2000,2000,"0.15,0.2,0.3,0.35,0.45",0,1.4142,0.15,0.85,NA,NA,NA,NA,NA,NA,NA,NA,NA,NA,NA,NA,NA,NA,NA,NA,NA,NA,NA,NA,NA,NA,NA,NA
"Set_5dose_adaptive_r_37","Set_5dose_adaptive_r_37_SC5",5,5,5,1,"CRM","crm_r_fixed",NA,NA,"crm_r_fixed",NA,0.9,0,0.0179,28,30,2,1,1,3,100,3,1,1,4,0.22,0.373,0.2674,NA,NA,NA,35.15,7.017,7.017,2.7905,30,20.9965,0,1150.8775,2000,2000,"0.15,0.2,0.3,0.35,0.45",0,1.4142,0.15,0.85,NA,NA,NA,NA,NA,NA,NA,NA,NA,NA,NA,NA,NA,NA,NA,NA,NA,NA,NA,NA,NA,NA,NA,NA
"Set_5dose_adaptive_r_37","Set_5dose_adaptive_r_37_SC5",5,5,5,1,"CRM","crm_r_fixed",NA,NA,"crm_r_fixed",NA,0.9,0,0.0179,28,30,2,1,1,3,100,3,1,1,5,0.3,0.498,0.3604,NA,NA,NA,40.4,7.212,7.212,1.4975,30,20.9965,0,1150.8775,2000,2000,"0.15,0.2,0.3,0.35,0.45",0,1.4142,0.15,0.85,NA,NA,NA,NA,NA,NA,NA,NA,NA,NA,NA,NA,NA,NA,NA,NA,NA,NA,NA,NA,NA,NA,NA,NA
"Set_5dose_adaptive_r_37","Set_5dose_adaptive_r_37_SC5",5,5,5,1,"CRM","random",NA,NA,"random",NA,0.9,0,0.0179,28,30,2,1,1,3,100,3,1,1,1,0.07,0.07,0.0955,0.0542,NA,NA,0.2,4.0005,4.0005,0,30,21.2465,0,1165.1983,2000,2000,"0.15,0.2,0.3,0.35,0.45",0,1.4142,0.15,0.85,NA,NA,NA,NA,NA,NA,NA,NA,NA,NA,NA,NA,NA,NA,NA,NA,NA,NA,NA,NA,NA,NA,NA,NA
"Set_5dose_adaptive_r_37","Set_5dose_adaptive_r_37_SC5",5,5,5,1,"CRM","random",NA,NA,"random",NA,0.9,0,0.0179,28,30,2,1,1,3,100,3,1,1,2,0.12,0.183,0.1314,NA,NA,NA,2.6,4.389,4.389,2.957,30,21.2465,0,1165.1983,2000,2000,"0.15,0.2,0.3,0.35,0.45",0,1.4142,0.15,0.85,NA,NA,NA,NA,NA,NA,NA,NA,NA,NA,NA,NA,NA,NA,NA,NA,NA,NA,NA,NA,NA,NA,NA,NA
"Set_5dose_adaptive_r_37","Set_5dose_adaptive_r_37_SC5",5,5,5,1,"CRM","random",NA,NA,"random",NA,0.9,0,0.0179,28,30,2,1,1,3,100,3,1,1,3,0.17,0.278,0.21,NA,NA,NA,17.25,6.087,6.087,1.4905,30,21.2465,0,1165.1983,2000,2000,"0.15,0.2,0.3,0.35,0.45",0,1.4142,0.15,0.85,NA,NA,NA,NA,NA,NA,NA,NA,NA,NA,NA,NA,NA,NA,NA,NA,NA,NA,NA,NA,NA,NA,NA,NA
"Set_5dose_adaptive_r_37","Set_5dose_adaptive_r_37_SC5",5,5,5,1,"CRM","random",NA,NA,"random",NA,0.9,0,0.0179,28,30,2,1,1,3,100,3,1,1,4,0.22,0.373,0.2525,NA,NA,NA,31.75,6.729,6.729,2.637,30,21.2465,0,1165.1983,2000,2000,"0.15,0.2,0.3,0.35,0.45",0,1.4142,0.15,0.85,NA,NA,NA,NA,NA,NA,NA,NA,NA,NA,NA,NA,NA,NA,NA,NA,NA,NA,NA,NA,NA,NA,NA,NA
"Set_5dose_adaptive_r_37","Set_5dose_adaptive_r_37_SC5",5,5,5,1,"CRM","random",NA,NA,"random",NA,0.9,0,0.0179,28,30,2,1,1,3,100,3,1,1,5,0.3,0.498,0.3439,NA,NA,NA,48.2,8.7945,8.7945,1.669,30,21.2465,0,1165.1983,2000,2000,"0.15,0.2,0.3,0.35,0.45",0,1.4142,0.15,0.85,NA,NA,NA,NA,NA,NA,NA,NA,NA,NA,NA,NA,NA,NA,NA,NA,NA,NA,NA,NA,NA,NA,NA,NA
"Set_5dose_adaptive_r_37","Set_5dose_adaptive_r_37_SC6",6,1,1,1,"CRM","crm_r_fixed",NA,NA,"crm_r_fixed",NA,0,0,0.0179,28,30,2,1,1,3,100,3,1,1,1,0.29,0.29,0.2662,0,NA,NA,43.05,15.651,15.651,0,27.51,22.6265,13.3,1240.4794,2000,2000,"0.15,0.2,0.3,0.35,0.45",0,1.4142,0.15,0.85,NA,NA,NA,NA,NA,NA,NA,NA,NA,NA,NA,NA,NA,NA,NA,NA,NA,NA,NA,NA,NA,NA,NA,NA
"Set_5dose_adaptive_r_37","Set_5dose_adaptive_r_37_SC6",6,1,1,1,"CRM","crm_r_fixed",NA,NA,"crm_r_fixed",NA,0,0,0.0179,28,30,2,1,1,3,100,3,1,1,2,0.34,0.34,0.3213,NA,NA,NA,23.85,6.1845,6.1845,3.2215,27.51,22.6265,13.3,1240.4794,2000,2000,"0.15,0.2,0.3,0.35,0.45",0,1.4142,0.15,0.85,NA,NA,NA,NA,NA,NA,NA,NA,NA,NA,NA,NA,NA,NA,NA,NA,NA,NA,NA,NA,NA,NA,NA,NA
"Set_5dose_adaptive_r_37","Set_5dose_adaptive_r_37_SC6",6,1,1,1,"CRM","crm_r_fixed",NA,NA,"crm_r_fixed",NA,0,0,0.0179,28,30,2,1,1,3,100,3,1,1,3,0.38,0.38,0.4216,NA,NA,NA,13.05,3.5895,3.5895,0.916,27.51,22.6265,13.3,1240.4794,2000,2000,"0.15,0.2,0.3,0.35,0.45",0,1.4142,0.15,0.85,NA,NA,NA,NA,NA,NA,NA,NA,NA,NA,NA,NA,NA,NA,NA,NA,NA,NA,NA,NA,NA,NA,NA,NA
"Set_5dose_adaptive_r_37","Set_5dose_adaptive_r_37_SC6",6,1,1,1,"CRM","crm_r_fixed",NA,NA,"crm_r_fixed",NA,0,0,0.0179,28,30,2,1,1,3,100,3,1,1,4,0.43,0.43,0.4685,NA,NA,NA,5.7,1.5735,1.5735,0.6015,27.51,22.6265,13.3,1240.4794,2000,2000,"0.15,0.2,0.3,0.35,0.45",0,1.4142,0.15,0.85,NA,NA,NA,NA,NA,NA,NA,NA,NA,NA,NA,NA,NA,NA,NA,NA,NA,NA,NA,NA,NA,NA,NA,NA
"Set_5dose_adaptive_r_37","Set_5dose_adaptive_r_37_SC6",6,1,1,1,"CRM","crm_r_fixed",NA,NA,"crm_r_fixed",NA,0,0,0.0179,28,30,2,1,1,3,100,3,1,1,5,0.52,0.52,0.5582,NA,NA,NA,1.05,0.5115,0.5115,0.1445,27.51,22.6265,13.3,1240.4794,2000,2000,"0.15,0.2,0.3,0.35,0.45",0,1.4142,0.15,0.85,NA,NA,NA,NA,NA,NA,NA,NA,NA,NA,NA,NA,NA,NA,NA,NA,NA,NA,NA,NA,NA,NA,NA,NA
"Set_5dose_adaptive_r_37","Set_5dose_adaptive_r_37_SC6",6,1,1,1,"CRM","random",NA,NA,"random",NA,0,0,0.0179,28,30,2,1,1,3,100,3,1,1,1,0.29,0.29,0.2594,0.0647,NA,NA,40,14.8635,14.8635,0,27.5985,22.4995,12.5,1236.9292,2000,2000,"0.15,0.2,0.3,0.35,0.45",0,1.4142,0.15,0.85,NA,NA,NA,NA,NA,NA,NA,NA,NA,NA,NA,NA,NA,NA,NA,NA,NA,NA,NA,NA,NA,NA,NA,NA
"Set_5dose_adaptive_r_37","Set_5dose_adaptive_r_37_SC6",6,1,1,1,"CRM","random",NA,NA,"random",NA,0,0,0.0179,28,30,2,1,1,3,100,3,1,1,2,0.34,0.34,0.3138,NA,NA,NA,25.3,6.357,6.357,3.2345,27.5985,22.4995,12.5,1236.9292,2000,2000,"0.15,0.2,0.3,0.35,0.45",0,1.4142,0.15,0.85,NA,NA,NA,NA,NA,NA,NA,NA,NA,NA,NA,NA,NA,NA,NA,NA,NA,NA,NA,NA,NA,NA,NA,NA
"Set_5dose_adaptive_r_37","Set_5dose_adaptive_r_37_SC6",6,1,1,1,"CRM","random",NA,NA,"random",NA,0,0,0.0179,28,30,2,1,1,3,100,3,1,1,3,0.38,0.38,0.4136,NA,NA,NA,14.15,3.801,3.801,0.9845,27.5985,22.4995,12.5,1236.9292,2000,2000,"0.15,0.2,0.3,0.35,0.45",0,1.4142,0.15,0.85,NA,NA,NA,NA,NA,NA,NA,NA,NA,NA,NA,NA,NA,NA,NA,NA,NA,NA,NA,NA,NA,NA,NA,NA
"Set_5dose_adaptive_r_37","Set_5dose_adaptive_r_37_SC6",6,1,1,1,"CRM","random",NA,NA,"random",NA,0,0,0.0179,28,30,2,1,1,3,100,3,1,1,4,0.43,0.43,0.4605,NA,NA,NA,6.65,1.8285,1.8285,0.6855,27.5985,22.4995,12.5,1236.9292,2000,2000,"0.15,0.2,0.3,0.35,0.45",0,1.4142,0.15,0.85,NA,NA,NA,NA,NA,NA,NA,NA,NA,NA,NA,NA,NA,NA,NA,NA,NA,NA,NA,NA,NA,NA,NA,NA
"Set_5dose_adaptive_r_37","Set_5dose_adaptive_r_37_SC6",6,1,1,1,"CRM","random",NA,NA,"random",NA,0,0,0.0179,28,30,2,1,1,3,100,3,1,1,5,0.52,0.52,0.5503,NA,NA,NA,1.4,0.7485,0.7485,0.1945,27.5985,22.4995,12.5,1236.9292,2000,2000,"0.15,0.2,0.3,0.35,0.45",0,1.4142,0.15,0.85,NA,NA,NA,NA,NA,NA,NA,NA,NA,NA,NA,NA,NA,NA,NA,NA,NA,NA,NA,NA,NA,NA,NA,NA
"Set_5dose_adaptive_r_37","Set_5dose_adaptive_r_37_SC6",6,1,1,1,"CRM","crm_r_fixed",NA,NA,"crm_r_fixed",NA,0.3,0,0.0179,28,30,2,1,1,3,100,3,1,1,1,0.29,0.29,0.2844,0,NA,NA,51.4,17.0355,17.0355,0,27.456,22.895,13.65,1255.6716,2000,2000,"0.15,0.2,0.3,0.35,0.45",0,1.4142,0.15,0.85,NA,NA,NA,NA,NA,NA,NA,NA,NA,NA,NA,NA,NA,NA,NA,NA,NA,NA,NA,NA,NA,NA,NA,NA
"Set_5dose_adaptive_r_37","Set_5dose_adaptive_r_37_SC6",6,1,1,1,"CRM","crm_r_fixed",NA,NA,"crm_r_fixed",NA,0.3,0,0.0179,28,30,2,1,1,3,100,3,1,1,2,0.34,0.427,0.3406,NA,NA,NA,22,6.2355,6.2355,3.2795,27.456,22.895,13.65,1255.6716,2000,2000,"0.15,0.2,0.3,0.35,0.45",0,1.4142,0.15,0.85,NA,NA,NA,NA,NA,NA,NA,NA,NA,NA,NA,NA,NA,NA,NA,NA,NA,NA,NA,NA,NA,NA,NA,NA
"Set_5dose_adaptive_r_37","Set_5dose_adaptive_r_37_SC6",6,1,1,1,"CRM","crm_r_fixed",NA,NA,"crm_r_fixed",NA,0.3,0,0.0179,28,30,2,1,1,3,100,3,1,1,3,0.38,0.482,0.4417,NA,NA,NA,10.4,3.018,3.018,0.766,27.456,22.895,13.65,1255.6716,2000,2000,"0.15,0.2,0.3,0.35,0.45",0,1.4142,0.15,0.85,NA,NA,NA,NA,NA,NA,NA,NA,NA,NA,NA,NA,NA,NA,NA,NA,NA,NA,NA,NA,NA,NA,NA,NA
"Set_5dose_adaptive_r_37","Set_5dose_adaptive_r_37_SC6",6,1,1,1,"CRM","crm_r_fixed",NA,NA,"crm_r_fixed",NA,0.3,0,0.0179,28,30,2,1,1,3,100,3,1,1,4,0.43,0.544,0.4885,NA,NA,NA,2.1,0.966,0.966,0.451,27.456,22.895,13.65,1255.6716,2000,2000,"0.15,0.2,0.3,0.35,0.45",0,1.4142,0.15,0.85,NA,NA,NA,NA,NA,NA,NA,NA,NA,NA,NA,NA,NA,NA,NA,NA,NA,NA,NA,NA,NA,NA,NA,NA
"Set_5dose_adaptive_r_37","Set_5dose_adaptive_r_37_SC6",6,1,1,1,"CRM","crm_r_fixed",NA,NA,"crm_r_fixed",NA,0.3,0,0.0179,28,30,2,1,1,3,100,3,1,1,5,0.52,0.649,0.577,NA,NA,NA,0.45,0.201,0.201,0.0645,27.456,22.895,13.65,1255.6716,2000,2000,"0.15,0.2,0.3,0.35,0.45",0,1.4142,0.15,0.85,NA,NA,NA,NA,NA,NA,NA,NA,NA,NA,NA,NA,NA,NA,NA,NA,NA,NA,NA,NA,NA,NA,NA,NA
"Set_5dose_adaptive_r_37","Set_5dose_adaptive_r_37_SC6",6,1,1,1,"CRM","random",NA,NA,"random",NA,0.3,0,0.0179,28,30,2,1,1,3,100,3,1,1,1,0.29,0.29,0.2734,0.0811,NA,NA,46.9,15.747,15.747,0,27.531,22.643,13.05,1241.5189,2000,2000,"0.15,0.2,0.3,0.35,0.45",0,1.4142,0.15,0.85,NA,NA,NA,NA,NA,NA,NA,NA,NA,NA,NA,NA,NA,NA,NA,NA,NA,NA,NA,NA,NA,NA,NA,NA
"Set_5dose_adaptive_r_37","Set_5dose_adaptive_r_37_SC6",6,1,1,1,"CRM","random",NA,NA,"random",NA,0.3,0,0.0179,28,30,2,1,1,3,100,3,1,1,2,0.34,0.427,0.3287,NA,NA,NA,23.3,6.5985,6.5985,3.2895,27.531,22.643,13.05,1241.5189,2000,2000,"0.15,0.2,0.3,0.35,0.45",0,1.4142,0.15,0.85,NA,NA,NA,NA,NA,NA,NA,NA,NA,NA,NA,NA,NA,NA,NA,NA,NA,NA,NA,NA,NA,NA,NA,NA
"Set_5dose_adaptive_r_37","Set_5dose_adaptive_r_37_SC6",6,1,1,1,"CRM","random",NA,NA,"random",NA,0.3,0,0.0179,28,30,2,1,1,3,100,3,1,1,3,0.38,0.482,0.4289,NA,NA,NA,12.35,3.372,3.372,0.9025,27.531,22.643,13.05,1241.5189,2000,2000,"0.15,0.2,0.3,0.35,0.45",0,1.4142,0.15,0.85,NA,NA,NA,NA,NA,NA,NA,NA,NA,NA,NA,NA,NA,NA,NA,NA,NA,NA,NA,NA,NA,NA,NA,NA
"Set_5dose_adaptive_r_37","Set_5dose_adaptive_r_37_SC6",6,1,1,1,"CRM","random",NA,NA,"random",NA,0.3,0,0.0179,28,30,2,1,1,3,100,3,1,1,4,0.43,0.544,0.4757,NA,NA,NA,3.3,1.3215,1.3215,0.543,27.531,22.643,13.05,1241.5189,2000,2000,"0.15,0.2,0.3,0.35,0.45",0,1.4142,0.15,0.85,NA,NA,NA,NA,NA,NA,NA,NA,NA,NA,NA,NA,NA,NA,NA,NA,NA,NA,NA,NA,NA,NA,NA,NA
"Set_5dose_adaptive_r_37","Set_5dose_adaptive_r_37_SC6",6,1,1,1,"CRM","random",NA,NA,"random",NA,0.3,0,0.0179,28,30,2,1,1,3,100,3,1,1,5,0.52,0.649,0.5646,NA,NA,NA,1.1,0.492,0.492,0.153,27.531,22.643,13.05,1241.5189,2000,2000,"0.15,0.2,0.3,0.35,0.45",0,1.4142,0.15,0.85,NA,NA,NA,NA,NA,NA,NA,NA,NA,NA,NA,NA,NA,NA,NA,NA,NA,NA,NA,NA,NA,NA,NA,NA
"Set_5dose_adaptive_r_37","Set_5dose_adaptive_r_37_SC6",6,1,1,1,"CRM","crm_r_fixed",NA,NA,"crm_r_fixed",NA,0.6,0,0.0179,28,30,2,1,1,3,100,3,1,1,1,0.29,0.29,0.2969,0,NA,NA,56.7,18.2475,18.2475,0,27.4815,23.0895,13.9,1267.4668,2000,2000,"0.15,0.2,0.3,0.35,0.45",0,1.4142,0.15,0.85,NA,NA,NA,NA,NA,NA,NA,NA,NA,NA,NA,NA,NA,NA,NA,NA,NA,NA,NA,NA,NA,NA,NA,NA
"Set_5dose_adaptive_r_37","Set_5dose_adaptive_r_37_SC6",6,1,1,1,"CRM","crm_r_fixed",NA,NA,"crm_r_fixed",NA,0.6,0,0.0179,28,30,2,1,1,3,100,3,1,1,2,0.34,0.514,0.3539,NA,NA,NA,21.75,6.204,6.204,3.445,27.4815,23.0895,13.9,1267.4668,2000,2000,"0.15,0.2,0.3,0.35,0.45",0,1.4142,0.15,0.85,NA,NA,NA,NA,NA,NA,NA,NA,NA,NA,NA,NA,NA,NA,NA,NA,NA,NA,NA,NA,NA,NA,NA,NA
"Set_5dose_adaptive_r_37","Set_5dose_adaptive_r_37_SC6",6,1,1,1,"CRM","crm_r_fixed",NA,NA,"crm_r_fixed",NA,0.6,0,0.0179,28,30,2,1,1,3,100,3,1,1,3,0.38,0.584,0.4554,NA,NA,NA,6.45,2.283,2.283,0.585,27.4815,23.0895,13.9,1267.4668,2000,2000,"0.15,0.2,0.3,0.35,0.45",0,1.4142,0.15,0.85,NA,NA,NA,NA,NA,NA,NA,NA,NA,NA,NA,NA,NA,NA,NA,NA,NA,NA,NA,NA,NA,NA,NA,NA
"Set_5dose_adaptive_r_37","Set_5dose_adaptive_r_37_SC6",6,1,1,1,"CRM","crm_r_fixed",NA,NA,"crm_r_fixed",NA,0.6,0,0.0179,28,30,2,1,1,3,100,3,1,1,4,0.43,0.658,0.502,NA,NA,NA,1,0.609,0.609,0.328,27.4815,23.0895,13.9,1267.4668,2000,2000,"0.15,0.2,0.3,0.35,0.45",0,1.4142,0.15,0.85,NA,NA,NA,NA,NA,NA,NA,NA,NA,NA,NA,NA,NA,NA,NA,NA,NA,NA,NA,NA,NA,NA,NA,NA
"Set_5dose_adaptive_r_37","Set_5dose_adaptive_r_37_SC6",6,1,1,1,"CRM","crm_r_fixed",NA,NA,"crm_r_fixed",NA,0.6,0,0.0179,28,30,2,1,1,3,100,3,1,1,5,0.52,0.778,0.5896,NA,NA,NA,0.2,0.138,0.138,0.034,27.4815,23.0895,13.9,1267.4668,2000,2000,"0.15,0.2,0.3,0.35,0.45",0,1.4142,0.15,0.85,NA,NA,NA,NA,NA,NA,NA,NA,NA,NA,NA,NA,NA,NA,NA,NA,NA,NA,NA,NA,NA,NA,NA,NA
"Set_5dose_adaptive_r_37","Set_5dose_adaptive_r_37_SC6",6,1,1,1,"CRM","random",NA,NA,"random",NA,0.6,0,0.0179,28,30,2,1,1,3,100,3,1,1,1,0.29,0.29,0.2842,0.1078,NA,NA,50.95,16.5195,16.5195,0,27.576,22.6925,13.1,1242.5325,2000,2000,"0.15,0.2,0.3,0.35,0.45",0,1.4142,0.15,0.85,NA,NA,NA,NA,NA,NA,NA,NA,NA,NA,NA,NA,NA,NA,NA,NA,NA,NA,NA,NA,NA,NA,NA,NA
"Set_5dose_adaptive_r_37","Set_5dose_adaptive_r_37_SC6",6,1,1,1,"CRM","random",NA,NA,"random",NA,0.6,0,0.0179,28,30,2,1,1,3,100,3,1,1,2,0.34,0.514,0.34,NA,NA,NA,23.65,6.6315,6.6315,3.4655,27.576,22.6925,13.1,1242.5325,2000,2000,"0.15,0.2,0.3,0.35,0.45",0,1.4142,0.15,0.85,NA,NA,NA,NA,NA,NA,NA,NA,NA,NA,NA,NA,NA,NA,NA,NA,NA,NA,NA,NA,NA,NA,NA,NA
"Set_5dose_adaptive_r_37","Set_5dose_adaptive_r_37_SC6",6,1,1,1,"CRM","random",NA,NA,"random",NA,0.6,0,0.0179,28,30,2,1,1,3,100,3,1,1,3,0.38,0.584,0.4405,NA,NA,NA,9.45,3.0105,3.0105,0.826,27.576,22.6925,13.1,1242.5325,2000,2000,"0.15,0.2,0.3,0.35,0.45",0,1.4142,0.15,0.85,NA,NA,NA,NA,NA,NA,NA,NA,NA,NA,NA,NA,NA,NA,NA,NA,NA,NA,NA,NA,NA,NA,NA,NA
"Set_5dose_adaptive_r_37","Set_5dose_adaptive_r_37_SC6",6,1,1,1,"CRM","random",NA,NA,"random",NA,0.6,0,0.0179,28,30,2,1,1,3,100,3,1,1,4,0.43,0.658,0.4871,NA,NA,NA,2.3,1.053,1.053,0.4815,27.576,22.6925,13.1,1242.5325,2000,2000,"0.15,0.2,0.3,0.35,0.45",0,1.4142,0.15,0.85,NA,NA,NA,NA,NA,NA,NA,NA,NA,NA,NA,NA,NA,NA,NA,NA,NA,NA,NA,NA,NA,NA,NA,NA
"Set_5dose_adaptive_r_37","Set_5dose_adaptive_r_37_SC6",6,1,1,1,"CRM","random",NA,NA,"random",NA,0.6,0,0.0179,28,30,2,1,1,3,100,3,1,1,5,0.52,0.778,0.5752,NA,NA,NA,0.55,0.3615,0.3615,0.1105,27.576,22.6925,13.1,1242.5325,2000,2000,"0.15,0.2,0.3,0.35,0.45",0,1.4142,0.15,0.85,NA,NA,NA,NA,NA,NA,NA,NA,NA,NA,NA,NA,NA,NA,NA,NA,NA,NA,NA,NA,NA,NA,NA,NA
"Set_5dose_adaptive_r_37","Set_5dose_adaptive_r_37_SC6",6,1,1,1,"CRM","crm_r_fixed",NA,NA,"crm_r_fixed",NA,0.9,0,0.0179,28,30,2,1,1,3,100,3,1,1,1,0.29,0.29,0.3096,0,NA,NA,64.25,19.788,19.788,0,27.426,23.3485,14.4,1282.5475,2000,2000,"0.15,0.2,0.3,0.35,0.45",0,1.4142,0.15,0.85,NA,NA,NA,NA,NA,NA,NA,NA,NA,NA,NA,NA,NA,NA,NA,NA,NA,NA,NA,NA,NA,NA,NA,NA
"Set_5dose_adaptive_r_37","Set_5dose_adaptive_r_37_SC6",6,1,1,1,"CRM","crm_r_fixed",NA,NA,"crm_r_fixed",NA,0.9,0,0.0179,28,30,2,1,1,3,100,3,1,1,2,0.34,0.601,0.3672,NA,NA,NA,17.25,5.64,5.64,3.408,27.426,23.3485,14.4,1282.5475,2000,2000,"0.15,0.2,0.3,0.35,0.45",0,1.4142,0.15,0.85,NA,NA,NA,NA,NA,NA,NA,NA,NA,NA,NA,NA,NA,NA,NA,NA,NA,NA,NA,NA,NA,NA,NA,NA
"Set_5dose_adaptive_r_37","Set_5dose_adaptive_r_37_SC6",6,1,1,1,"CRM","crm_r_fixed",NA,NA,"crm_r_fixed",NA,0.9,0,0.0179,28,30,2,1,1,3,100,3,1,1,3,0.38,0.686,0.4688,NA,NA,NA,3.45,1.605,1.605,0.442,27.426,23.3485,14.4,1282.5475,2000,2000,"0.15,0.2,0.3,0.35,0.45",0,1.4142,0.15,0.85,NA,NA,NA,NA,NA,NA,NA,NA,NA,NA,NA,NA,NA,NA,NA,NA,NA,NA,NA,NA,NA,NA,NA,NA
"Set_5dose_adaptive_r_37","Set_5dose_adaptive_r_37_SC6",6,1,1,1,"CRM","crm_r_fixed",NA,NA,"crm_r_fixed",NA,0.9,0,0.0179,28,30,2,1,1,3,100,3,1,1,4,0.43,0.772,0.5152,NA,NA,NA,0.6,0.354,0.354,0.2135,27.426,23.3485,14.4,1282.5475,2000,2000,"0.15,0.2,0.3,0.35,0.45",0,1.4142,0.15,0.85,NA,NA,NA,NA,NA,NA,NA,NA,NA,NA,NA,NA,NA,NA,NA,NA,NA,NA,NA,NA,NA,NA,NA,NA
"Set_5dose_adaptive_r_37","Set_5dose_adaptive_r_37_SC6",6,1,1,1,"CRM","crm_r_fixed",NA,NA,"crm_r_fixed",NA,0.9,0,0.0179,28,30,2,1,1,3,100,3,1,1,5,0.52,0.907,0.6017,NA,NA,NA,0.05,0.039,0.039,0.014,27.426,23.3485,14.4,1282.5475,2000,2000,"0.15,0.2,0.3,0.35,0.45",0,1.4142,0.15,0.85,NA,NA,NA,NA,NA,NA,NA,NA,NA,NA,NA,NA,NA,NA,NA,NA,NA,NA,NA,NA,NA,NA,NA,NA
"Set_5dose_adaptive_r_37","Set_5dose_adaptive_r_37_SC6",6,1,1,1,"CRM","random",NA,NA,"random",NA,0.9,0,0.0179,28,30,2,1,1,3,100,3,1,1,1,0.29,0.29,0.293,0.1407,NA,NA,55.85,17.5125,17.5125,0,27.5415,22.7365,13.65,1247.4292,2000,2000,"0.15,0.2,0.3,0.35,0.45",0,1.4142,0.15,0.85,NA,NA,NA,NA,NA,NA,NA,NA,NA,NA,NA,NA,NA,NA,NA,NA,NA,NA,NA,NA,NA,NA,NA,NA
"Set_5dose_adaptive_r_37","Set_5dose_adaptive_r_37_SC6",6,1,1,1,"CRM","random",NA,NA,"random",NA,0.9,0,0.0179,28,30,2,1,1,3,100,3,1,1,2,0.34,0.601,0.3492,NA,NA,NA,21.55,6.531,6.531,3.582,27.5415,22.7365,13.65,1247.4292,2000,2000,"0.15,0.2,0.3,0.35,0.45",0,1.4142,0.15,0.85,NA,NA,NA,NA,NA,NA,NA,NA,NA,NA,NA,NA,NA,NA,NA,NA,NA,NA,NA,NA,NA,NA,NA,NA
"Set_5dose_adaptive_r_37","Set_5dose_adaptive_r_37_SC6",6,1,1,1,"CRM","random",NA,NA,"random",NA,0.9,0,0.0179,28,30,2,1,1,3,100,3,1,1,3,0.38,0.686,0.4498,NA,NA,NA,6.9,2.433,2.433,0.7605,27.5415,22.7365,13.65,1247.4292,2000,2000,"0.15,0.2,0.3,0.35,0.45",0,1.4142,0.15,0.85,NA,NA,NA,NA,NA,NA,NA,NA,NA,NA,NA,NA,NA,NA,NA,NA,NA,NA,NA,NA,NA,NA,NA,NA
"Set_5dose_adaptive_r_37","Set_5dose_adaptive_r_37_SC6",6,1,1,1,"CRM","random",NA,NA,"random",NA,0.9,0,0.0179,28,30,2,1,1,3,100,3,1,1,4,0.43,0.772,0.4961,NA,NA,NA,1.7,0.804,0.804,0.3655,27.5415,22.7365,13.65,1247.4292,2000,2000,"0.15,0.2,0.3,0.35,0.45",0,1.4142,0.15,0.85,NA,NA,NA,NA,NA,NA,NA,NA,NA,NA,NA,NA,NA,NA,NA,NA,NA,NA,NA,NA,NA,NA,NA,NA
"Set_5dose_adaptive_r_37","Set_5dose_adaptive_r_37_SC6",6,1,1,1,"CRM","random",NA,NA,"random",NA,0.9,0,0.0179,28,30,2,1,1,3,100,3,1,1,5,0.52,0.907,0.5835,NA,NA,NA,0.35,0.261,0.261,0.097,27.5415,22.7365,13.65,1247.4292,2000,2000,"0.15,0.2,0.3,0.35,0.45",0,1.4142,0.15,0.85,NA,NA,NA,NA,NA,NA,NA,NA,NA,NA,NA,NA,NA,NA,NA,NA,NA,NA,NA,NA,NA,NA,NA,NA
