"Scenario_Set","Scenario_Name","Scenario","Source_Scenario","Scenario_Group","True_MTD","Scenario_Attempt","Model","Method","BOIN_Method","BOIN_r_estimator","CRM_r_model","CFO_Method","Alpha_true","r_carry","Accrual","T_assess","Nmax_eff","Cycle_Max","IPDE_Design","New_Patient_First","N_Eval_Escalate","D_Cap","Dose_Cap","Continuous_Enrollment","Restrict_To_Tried","Restrict_To_Target","Dose","True_DLT_rate","True_IPDE_DLT_rate","Estimated_pj","r_hat","r_cap","r_use","MTD_Selection_pct","Pts_Treated","Unique_Pts_by_Dose","IPDE_Doses","Total_Administrations","Total_Unique_Patients","Early_Stopping_pct","Duration","n_valid","ntrial_from_files","CRM_Skeleton","CRM_Theta_Prior_Mean","CRM_Theta_Prior_SD","CRM_r_Prior_a","CRM_r_Prior_b","CFO_Skeleton","CFO_Model_File","CFO_Sigma2_Beta","CFO_Eta","CFO_PK_Method","CFO_N_MC_W","CFO_M_Use","CFO_Use_Monotone_Pair","CFO_N_Chains","CFO_N_Adapt","CFO_N_Burnin","CFO_N_Iter","CFO_Thin","CRM_Dose_Values","CRM_Alpha_Grid_Length","CRM_Dose_Scores_Raw","CRM_Dose_Scores","CRM_Cumu_Beta0_Mean","CRM_Cumu_Beta0_Prec","CRM_Cumu_Beta0_DF","CRM_Cumu_Beta1_Shape","CRM_Cumu_Beta1_Rate","CRM_Cumu_Beta2_Rate","CRM_Cumu_Include_Current"
"Set_5dose_adaptive_r_37","Set_5dose_adaptive_r_37_SC1",1,1,"base_example",1,1,"CRM","r_fixed",NA,NA,"r_fixed",NA,0,0,0.0179,28,30,2,1,1,3,100,3,1,1,0,1,0.3,0.3,0.271,0,NA,NA,41.7,13.75,13.75,0,25.522,20.096,21.8,1095.0247,2000,2000,"0.15,0.2,0.3,0.35,0.45",0,1.4142,0.15,0.85,NA,NA,NA,NA,NA,NA,NA,NA,NA,NA,NA,NA,NA,NA,NA,NA,NA,NA,NA,NA,NA,NA,NA,NA
"Set_5dose_adaptive_r_37","Set_5dose_adaptive_r_37_SC1",1,1,"base_example",1,1,"CRM","r_fixed",NA,NA,"r_fixed",NA,0,0,0.0179,28,30,2,1,1,3,100,3,1,1,0,2,0.35,0.35,0.3264,NA,NA,NA,22.75,7.3665,7.3665,3.9805,25.522,20.096,21.8,1095.0247,2000,2000,"0.15,0.2,0.3,0.35,0.45",0,1.4142,0.15,0.85,NA,NA,NA,NA,NA,NA,NA,NA,NA,NA,NA,NA,NA,NA,NA,NA,NA,NA,NA,NA,NA,NA,NA,NA
"Set_5dose_adaptive_r_37","Set_5dose_adaptive_r_37_SC1",1,1,"base_example",1,1,"CRM","r_fixed",NA,NA,"r_fixed",NA,0,0,0.0179,28,30,2,1,1,3,100,3,1,1,0,3,0.4,0.4,0.4271,NA,NA,NA,9.6,2.847,2.847,0.8395,25.522,20.096,21.8,1095.0247,2000,2000,"0.15,0.2,0.3,0.35,0.45",0,1.4142,0.15,0.85,NA,NA,NA,NA,NA,NA,NA,NA,NA,NA,NA,NA,NA,NA,NA,NA,NA,NA,NA,NA,NA,NA,NA,NA
"Set_5dose_adaptive_r_37","Set_5dose_adaptive_r_37_SC1",1,1,"base_example",1,1,"CRM","r_fixed",NA,NA,"r_fixed",NA,0,0,0.0179,28,30,2,1,1,3,100,3,1,1,0,4,0.45,0.45,0.4741,NA,NA,NA,2.95,1.158,1.158,0.4985,25.522,20.096,21.8,1095.0247,2000,2000,"0.15,0.2,0.3,0.35,0.45",0,1.4142,0.15,0.85,NA,NA,NA,NA,NA,NA,NA,NA,NA,NA,NA,NA,NA,NA,NA,NA,NA,NA,NA,NA,NA,NA,NA,NA
"Set_5dose_adaptive_r_37","Set_5dose_adaptive_r_37_SC1",1,1,"base_example",1,1,"CRM","r_fixed",NA,NA,"r_fixed",NA,0,0,0.0179,28,30,2,1,1,3,100,3,1,1,0,5,0.5,0.5,0.5634,NA,NA,NA,1.2,0.4005,0.4005,0.1075,25.522,20.096,21.8,1095.0247,2000,2000,"0.15,0.2,0.3,0.35,0.45",0,1.4142,0.15,0.85,NA,NA,NA,NA,NA,NA,NA,NA,NA,NA,NA,NA,NA,NA,NA,NA,NA,NA,NA,NA,NA,NA,NA,NA
"Set_5dose_adaptive_r_37","Set_5dose_adaptive_r_37_SC1",1,1,"base_example",1,1,"CRM","random",NA,NA,"random",NA,0,0,0.0179,28,30,2,1,1,3,100,3,1,1,0,1,0.3,0.3,0.2625,0.0557,NA,NA,37.65,13.0435,13.0435,0,25.5475,19.919,21.05,1085.4306,2000,2000,"0.15,0.2,0.3,0.35,0.45",0,1.4142,0.15,0.85,NA,NA,NA,NA,NA,NA,NA,NA,NA,NA,NA,NA,NA,NA,NA,NA,NA,NA,NA,NA,NA,NA,NA,NA
"Set_5dose_adaptive_r_37","Set_5dose_adaptive_r_37_SC1",1,1,"base_example",1,1,"CRM","random",NA,NA,"random",NA,0,0,0.0179,28,30,2,1,1,3,100,3,1,1,0,2,0.35,0.35,0.3173,NA,NA,NA,24.4,7.188,7.188,3.962,25.5475,19.919,21.05,1085.4306,2000,2000,"0.15,0.2,0.3,0.35,0.45",0,1.4142,0.15,0.85,NA,NA,NA,NA,NA,NA,NA,NA,NA,NA,NA,NA,NA,NA,NA,NA,NA,NA,NA,NA,NA,NA,NA,NA
"Set_5dose_adaptive_r_37","Set_5dose_adaptive_r_37_SC1",1,1,"base_example",1,1,"CRM","random",NA,NA,"random",NA,0,0,0.0179,28,30,2,1,1,3,100,3,1,1,0,3,0.4,0.4,0.4174,NA,NA,NA,11.3,3.261,3.261,0.877,25.5475,19.919,21.05,1085.4306,2000,2000,"0.15,0.2,0.3,0.35,0.45",0,1.4142,0.15,0.85,NA,NA,NA,NA,NA,NA,NA,NA,NA,NA,NA,NA,NA,NA,NA,NA,NA,NA,NA,NA,NA,NA,NA,NA
"Set_5dose_adaptive_r_37","Set_5dose_adaptive_r_37_SC1",1,1,"base_example",1,1,"CRM","random",NA,NA,"random",NA,0,0,0.0179,28,30,2,1,1,3,100,3,1,1,0,4,0.45,0.45,0.4644,NA,NA,NA,4.15,1.455,1.455,0.6445,25.5475,19.919,21.05,1085.4306,2000,2000,"0.15,0.2,0.3,0.35,0.45",0,1.4142,0.15,0.85,NA,NA,NA,NA,NA,NA,NA,NA,NA,NA,NA,NA,NA,NA,NA,NA,NA,NA,NA,NA,NA,NA,NA,NA
"Set_5dose_adaptive_r_37","Set_5dose_adaptive_r_37_SC1",1,1,"base_example",1,1,"CRM","random",NA,NA,"random",NA,0,0,0.0179,28,30,2,1,1,3,100,3,1,1,0,5,0.5,0.5,0.5542,NA,NA,NA,1.45,0.6,0.6,0.145,25.5475,19.919,21.05,1085.4306,2000,2000,"0.15,0.2,0.3,0.35,0.45",0,1.4142,0.15,0.85,NA,NA,NA,NA,NA,NA,NA,NA,NA,NA,NA,NA,NA,NA,NA,NA,NA,NA,NA,NA,NA,NA,NA,NA
"Set_5dose_adaptive_r_37","Set_5dose_adaptive_r_37_SC1",1,1,"base_example",1,1,"CRM","r_fixed",NA,NA,"r_fixed",NA,0.3,0,0.0179,28,30,2,1,1,3,100,3,1,1,0,1,0.3,0.3,0.2903,0,NA,NA,49.15,14.6675,14.6675,0,25.1015,19.832,23.95,1078.123,2000,2000,"0.15,0.2,0.3,0.35,0.45",0,1.4142,0.15,0.85,NA,NA,NA,NA,NA,NA,NA,NA,NA,NA,NA,NA,NA,NA,NA,NA,NA,NA,NA,NA,NA,NA,NA,NA
"Set_5dose_adaptive_r_37","Set_5dose_adaptive_r_37_SC1",1,1,"base_example",1,1,"CRM","r_fixed",NA,NA,"r_fixed",NA,0.3,0,0.0179,28,30,2,1,1,3,100,3,1,1,0,2,0.35,0.44,0.3469,NA,NA,NA,18.25,7.2795,7.2795,4.128,25.1015,19.832,23.95,1078.123,2000,2000,"0.15,0.2,0.3,0.35,0.45",0,1.4142,0.15,0.85,NA,NA,NA,NA,NA,NA,NA,NA,NA,NA,NA,NA,NA,NA,NA,NA,NA,NA,NA,NA,NA,NA,NA,NA
"Set_5dose_adaptive_r_37","Set_5dose_adaptive_r_37_SC1",1,1,"base_example",1,1,"CRM","r_fixed",NA,NA,"r_fixed",NA,0.3,0,0.0179,28,30,2,1,1,3,100,3,1,1,0,3,0.4,0.505,0.4482,NA,NA,NA,6.85,2.2455,2.2455,0.736,25.1015,19.832,23.95,1078.123,2000,2000,"0.15,0.2,0.3,0.35,0.45",0,1.4142,0.15,0.85,NA,NA,NA,NA,NA,NA,NA,NA,NA,NA,NA,NA,NA,NA,NA,NA,NA,NA,NA,NA,NA,NA,NA,NA
"Set_5dose_adaptive_r_37","Set_5dose_adaptive_r_37_SC1",1,1,"base_example",1,1,"CRM","r_fixed",NA,NA,"r_fixed",NA,0.3,0,0.0179,28,30,2,1,1,3,100,3,1,1,0,4,0.45,0.57,0.4949,NA,NA,NA,1.45,0.7425,0.7425,0.3515,25.1015,19.832,23.95,1078.123,2000,2000,"0.15,0.2,0.3,0.35,0.45",0,1.4142,0.15,0.85,NA,NA,NA,NA,NA,NA,NA,NA,NA,NA,NA,NA,NA,NA,NA,NA,NA,NA,NA,NA,NA,NA,NA,NA
"Set_5dose_adaptive_r_37","Set_5dose_adaptive_r_37_SC1",1,1,"base_example",1,1,"CRM","r_fixed",NA,NA,"r_fixed",NA,0.3,0,0.0179,28,30,2,1,1,3,100,3,1,1,0,5,0.5,0.635,0.583,NA,NA,NA,0.35,0.1665,0.1665,0.054,25.1015,19.832,23.95,1078.123,2000,2000,"0.15,0.2,0.3,0.35,0.45",0,1.4142,0.15,0.85,NA,NA,NA,NA,NA,NA,NA,NA,NA,NA,NA,NA,NA,NA,NA,NA,NA,NA,NA,NA,NA,NA,NA,NA
"Set_5dose_adaptive_r_37","Set_5dose_adaptive_r_37_SC1",1,1,"base_example",1,1,"CRM","random",NA,NA,"random",NA,0.3,0,0.0179,28,30,2,1,1,3,100,3,1,1,0,1,0.3,0.3,0.2776,0.0765,NA,NA,44.05,13.7895,13.7895,0,25.2705,19.6995,23.05,1070.0413,2000,2000,"0.15,0.2,0.3,0.35,0.45",0,1.4142,0.15,0.85,NA,NA,NA,NA,NA,NA,NA,NA,NA,NA,NA,NA,NA,NA,NA,NA,NA,NA,NA,NA,NA,NA,NA,NA
"Set_5dose_adaptive_r_37","Set_5dose_adaptive_r_37_SC1",1,1,"base_example",1,1,"CRM","random",NA,NA,"random",NA,0.3,0,0.0179,28,30,2,1,1,3,100,3,1,1,0,2,0.35,0.44,0.3333,NA,NA,NA,20.85,7.251,7.251,4.1105,25.2705,19.6995,23.05,1070.0413,2000,2000,"0.15,0.2,0.3,0.35,0.45",0,1.4142,0.15,0.85,NA,NA,NA,NA,NA,NA,NA,NA,NA,NA,NA,NA,NA,NA,NA,NA,NA,NA,NA,NA,NA,NA,NA,NA
"Set_5dose_adaptive_r_37","Set_5dose_adaptive_r_37_SC1",1,1,"base_example",1,1,"CRM","random",NA,NA,"random",NA,0.3,0,0.0179,28,30,2,1,1,3,100,3,1,1,0,3,0.4,0.505,0.4341,NA,NA,NA,9,2.8185,2.8185,0.866,25.2705,19.6995,23.05,1070.0413,2000,2000,"0.15,0.2,0.3,0.35,0.45",0,1.4142,0.15,0.85,NA,NA,NA,NA,NA,NA,NA,NA,NA,NA,NA,NA,NA,NA,NA,NA,NA,NA,NA,NA,NA,NA,NA,NA
"Set_5dose_adaptive_r_37","Set_5dose_adaptive_r_37_SC1",1,1,"base_example",1,1,"CRM","random",NA,NA,"random",NA,0.3,0,0.0179,28,30,2,1,1,3,100,3,1,1,0,4,0.45,0.57,0.4809,NA,NA,NA,2.65,1.089,1.089,0.488,25.2705,19.6995,23.05,1070.0413,2000,2000,"0.15,0.2,0.3,0.35,0.45",0,1.4142,0.15,0.85,NA,NA,NA,NA,NA,NA,NA,NA,NA,NA,NA,NA,NA,NA,NA,NA,NA,NA,NA,NA,NA,NA,NA,NA
"Set_5dose_adaptive_r_37","Set_5dose_adaptive_r_37_SC1",1,1,"base_example",1,1,"CRM","random",NA,NA,"random",NA,0.3,0,0.0179,28,30,2,1,1,3,100,3,1,1,0,5,0.5,0.635,0.5697,NA,NA,NA,0.4,0.3225,0.3225,0.1065,25.2705,19.6995,23.05,1070.0413,2000,2000,"0.15,0.2,0.3,0.35,0.45",0,1.4142,0.15,0.85,NA,NA,NA,NA,NA,NA,NA,NA,NA,NA,NA,NA,NA,NA,NA,NA,NA,NA,NA,NA,NA,NA,NA,NA
"Set_5dose_adaptive_r_37","Set_5dose_adaptive_r_37_SC1",1,1,"base_example",1,1,"CRM","r_fixed",NA,NA,"r_fixed",NA,0.6,0,0.0179,28,30,2,1,1,3,100,3,1,1,0,1,0.3,0.3,0.3039,0,NA,NA,53.45,15.6645,15.6645,0,25.03,19.8375,25.4,1080.3809,2000,2000,"0.15,0.2,0.3,0.35,0.45",0,1.4142,0.15,0.85,NA,NA,NA,NA,NA,NA,NA,NA,NA,NA,NA,NA,NA,NA,NA,NA,NA,NA,NA,NA,NA,NA,NA,NA
"Set_5dose_adaptive_r_37","Set_5dose_adaptive_r_37_SC1",1,1,"base_example",1,1,"CRM","r_fixed",NA,NA,"r_fixed",NA,0.6,0,0.0179,28,30,2,1,1,3,100,3,1,1,0,2,0.35,0.53,0.3612,NA,NA,NA,16.6,7.1605,7.1605,4.3275,25.03,19.8375,25.4,1080.3809,2000,2000,"0.15,0.2,0.3,0.35,0.45",0,1.4142,0.15,0.85,NA,NA,NA,NA,NA,NA,NA,NA,NA,NA,NA,NA,NA,NA,NA,NA,NA,NA,NA,NA,NA,NA,NA,NA
"Set_5dose_adaptive_r_37","Set_5dose_adaptive_r_37_SC1",1,1,"base_example",1,1,"CRM","r_fixed",NA,NA,"r_fixed",NA,0.6,0,0.0179,28,30,2,1,1,3,100,3,1,1,0,3,0.4,0.61,0.4627,NA,NA,NA,4,1.6845,1.6845,0.577,25.03,19.8375,25.4,1080.3809,2000,2000,"0.15,0.2,0.3,0.35,0.45",0,1.4142,0.15,0.85,NA,NA,NA,NA,NA,NA,NA,NA,NA,NA,NA,NA,NA,NA,NA,NA,NA,NA,NA,NA,NA,NA,NA,NA
"Set_5dose_adaptive_r_37","Set_5dose_adaptive_r_37_SC1",1,1,"base_example",1,1,"CRM","r_fixed",NA,NA,"r_fixed",NA,0.6,0,0.0179,28,30,2,1,1,3,100,3,1,1,0,4,0.45,0.69,0.5092,NA,NA,NA,0.4,0.447,0.447,0.254,25.03,19.8375,25.4,1080.3809,2000,2000,"0.15,0.2,0.3,0.35,0.45",0,1.4142,0.15,0.85,NA,NA,NA,NA,NA,NA,NA,NA,NA,NA,NA,NA,NA,NA,NA,NA,NA,NA,NA,NA,NA,NA,NA,NA
"Set_5dose_adaptive_r_37","Set_5dose_adaptive_r_37_SC1",1,1,"base_example",1,1,"CRM","r_fixed",NA,NA,"r_fixed",NA,0.6,0,0.0179,28,30,2,1,1,3,100,3,1,1,0,5,0.5,0.77,0.5962,NA,NA,NA,0.15,0.0735,0.0735,0.034,25.03,19.8375,25.4,1080.3809,2000,2000,"0.15,0.2,0.3,0.35,0.45",0,1.4142,0.15,0.85,NA,NA,NA,NA,NA,NA,NA,NA,NA,NA,NA,NA,NA,NA,NA,NA,NA,NA,NA,NA,NA,NA,NA,NA
"Set_5dose_adaptive_r_37","Set_5dose_adaptive_r_37_SC1",1,1,"base_example",1,1,"CRM","random",NA,NA,"random",NA,0.6,0,0.0179,28,30,2,1,1,3,100,3,1,1,0,1,0.3,0.3,0.2893,0.1079,NA,NA,48.6,14.334,14.334,0,25.142,19.5705,24.25,1065.9208,2000,2000,"0.15,0.2,0.3,0.35,0.45",0,1.4142,0.15,0.85,NA,NA,NA,NA,NA,NA,NA,NA,NA,NA,NA,NA,NA,NA,NA,NA,NA,NA,NA,NA,NA,NA,NA,NA
"Set_5dose_adaptive_r_37","Set_5dose_adaptive_r_37_SC1",1,1,"base_example",1,1,"CRM","random",NA,NA,"random",NA,0.6,0,0.0179,28,30,2,1,1,3,100,3,1,1,0,2,0.35,0.53,0.3454,NA,NA,NA,18.65,7.418,7.418,4.2905,25.142,19.5705,24.25,1065.9208,2000,2000,"0.15,0.2,0.3,0.35,0.45",0,1.4142,0.15,0.85,NA,NA,NA,NA,NA,NA,NA,NA,NA,NA,NA,NA,NA,NA,NA,NA,NA,NA,NA,NA,NA,NA,NA,NA
"Set_5dose_adaptive_r_37","Set_5dose_adaptive_r_37_SC1",1,1,"base_example",1,1,"CRM","random",NA,NA,"random",NA,0.6,0,0.0179,28,30,2,1,1,3,100,3,1,1,0,3,0.4,0.61,0.4461,NA,NA,NA,6.7,2.418,2.418,0.8095,25.142,19.5705,24.25,1065.9208,2000,2000,"0.15,0.2,0.3,0.35,0.45",0,1.4142,0.15,0.85,NA,NA,NA,NA,NA,NA,NA,NA,NA,NA,NA,NA,NA,NA,NA,NA,NA,NA,NA,NA,NA,NA,NA,NA
"Set_5dose_adaptive_r_37","Set_5dose_adaptive_r_37_SC1",1,1,"base_example",1,1,"CRM","random",NA,NA,"random",NA,0.6,0,0.0179,28,30,2,1,1,3,100,3,1,1,0,4,0.45,0.69,0.4925,NA,NA,NA,1.45,0.7635,0.7635,0.404,25.142,19.5705,24.25,1065.9208,2000,2000,"0.15,0.2,0.3,0.35,0.45",0,1.4142,0.15,0.85,NA,NA,NA,NA,NA,NA,NA,NA,NA,NA,NA,NA,NA,NA,NA,NA,NA,NA,NA,NA,NA,NA,NA,NA
"Set_5dose_adaptive_r_37","Set_5dose_adaptive_r_37_SC1",1,1,"base_example",1,1,"CRM","random",NA,NA,"random",NA,0.6,0,0.0179,28,30,2,1,1,3,100,3,1,1,0,5,0.5,0.77,0.5803,NA,NA,NA,0.35,0.2085,0.2085,0.0675,25.142,19.5705,24.25,1065.9208,2000,2000,"0.15,0.2,0.3,0.35,0.45",0,1.4142,0.15,0.85,NA,NA,NA,NA,NA,NA,NA,NA,NA,NA,NA,NA,NA,NA,NA,NA,NA,NA,NA,NA,NA,NA,NA,NA
"Set_5dose_adaptive_r_37","Set_5dose_adaptive_r_37_SC1",1,1,"base_example",1,1,"CRM","r_fixed",NA,NA,"r_fixed",NA,0.9,0,0.0179,28,30,2,1,1,3,100,3,1,1,0,1,0.3,0.3,0.3219,0,NA,NA,59.1,16.5315,16.5315,0,24.5425,19.5235,29.2,1061.0525,2000,2000,"0.15,0.2,0.3,0.35,0.45",0,1.4142,0.15,0.85,NA,NA,NA,NA,NA,NA,NA,NA,NA,NA,NA,NA,NA,NA,NA,NA,NA,NA,NA,NA,NA,NA,NA,NA
"Set_5dose_adaptive_r_37","Set_5dose_adaptive_r_37_SC1",1,1,"base_example",1,1,"CRM","r_fixed",NA,NA,"r_fixed",NA,0.9,0,0.0179,28,30,2,1,1,3,100,3,1,1,0,2,0.35,0.62,0.3798,NA,NA,NA,9.8,6.6145,6.6145,4.3925,24.5425,19.5235,29.2,1061.0525,2000,2000,"0.15,0.2,0.3,0.35,0.45",0,1.4142,0.15,0.85,NA,NA,NA,NA,NA,NA,NA,NA,NA,NA,NA,NA,NA,NA,NA,NA,NA,NA,NA,NA,NA,NA,NA,NA
"Set_5dose_adaptive_r_37","Set_5dose_adaptive_r_37_SC1",1,1,"base_example",1,1,"CRM","r_fixed",NA,NA,"r_fixed",NA,0.9,0,0.0179,28,30,2,1,1,3,100,3,1,1,0,3,0.4,0.715,0.4812,NA,NA,NA,1.8,1.116,1.116,0.4525,24.5425,19.5235,29.2,1061.0525,2000,2000,"0.15,0.2,0.3,0.35,0.45",0,1.4142,0.15,0.85,NA,NA,NA,NA,NA,NA,NA,NA,NA,NA,NA,NA,NA,NA,NA,NA,NA,NA,NA,NA,NA,NA,NA,NA
"Set_5dose_adaptive_r_37","Set_5dose_adaptive_r_37_SC1",1,1,"base_example",1,1,"CRM","r_fixed",NA,NA,"r_fixed",NA,0.9,0,0.0179,28,30,2,1,1,3,100,3,1,1,0,4,0.45,0.81,0.5271,NA,NA,NA,0.1,0.252,0.252,0.161,24.5425,19.5235,29.2,1061.0525,2000,2000,"0.15,0.2,0.3,0.35,0.45",0,1.4142,0.15,0.85,NA,NA,NA,NA,NA,NA,NA,NA,NA,NA,NA,NA,NA,NA,NA,NA,NA,NA,NA,NA,NA,NA,NA,NA
"Set_5dose_adaptive_r_37","Set_5dose_adaptive_r_37_SC1",1,1,"base_example",1,1,"CRM","r_fixed",NA,NA,"r_fixed",NA,0.9,0,0.0179,28,30,2,1,1,3,100,3,1,1,0,5,0.5,0.905,0.6126,NA,NA,NA,0,0.0285,0.0285,0.013,24.5425,19.5235,29.2,1061.0525,2000,2000,"0.15,0.2,0.3,0.35,0.45",0,1.4142,0.15,0.85,NA,NA,NA,NA,NA,NA,NA,NA,NA,NA,NA,NA,NA,NA,NA,NA,NA,NA,NA,NA,NA,NA,NA,NA
"Set_5dose_adaptive_r_37","Set_5dose_adaptive_r_37_SC1",1,1,"base_example",1,1,"CRM","random",NA,NA,"random",NA,0.9,0,0.0179,28,30,2,1,1,3,100,3,1,1,0,1,0.3,0.3,0.3008,0.1491,NA,NA,51.95,15.1145,15.1145,0,24.917,19.4075,26.65,1056.3427,2000,2000,"0.15,0.2,0.3,0.35,0.45",0,1.4142,0.15,0.85,NA,NA,NA,NA,NA,NA,NA,NA,NA,NA,NA,NA,NA,NA,NA,NA,NA,NA,NA,NA,NA,NA,NA,NA
"Set_5dose_adaptive_r_37","Set_5dose_adaptive_r_37_SC1",1,1,"base_example",1,1,"CRM","random",NA,NA,"random",NA,0.9,0,0.0179,28,30,2,1,1,3,100,3,1,1,0,2,0.35,0.62,0.3572,NA,NA,NA,15.15,7.0725,7.0725,4.4005,24.917,19.4075,26.65,1056.3427,2000,2000,"0.15,0.2,0.3,0.35,0.45",0,1.4142,0.15,0.85,NA,NA,NA,NA,NA,NA,NA,NA,NA,NA,NA,NA,NA,NA,NA,NA,NA,NA,NA,NA,NA,NA,NA,NA
"Set_5dose_adaptive_r_37","Set_5dose_adaptive_r_37_SC1",1,1,"base_example",1,1,"CRM","random",NA,NA,"random",NA,0.9,0,0.0179,28,30,2,1,1,3,100,3,1,1,0,3,0.4,0.715,0.4575,NA,NA,NA,4.65,1.917,1.917,0.689,24.917,19.4075,26.65,1056.3427,2000,2000,"0.15,0.2,0.3,0.35,0.45",0,1.4142,0.15,0.85,NA,NA,NA,NA,NA,NA,NA,NA,NA,NA,NA,NA,NA,NA,NA,NA,NA,NA,NA,NA,NA,NA,NA,NA
"Set_5dose_adaptive_r_37","Set_5dose_adaptive_r_37_SC1",1,1,"base_example",1,1,"CRM","random",NA,NA,"random",NA,0.9,0,0.0179,28,30,2,1,1,3,100,3,1,1,0,4,0.45,0.81,0.5036,NA,NA,NA,1.15,0.6585,0.6585,0.355,24.917,19.4075,26.65,1056.3427,2000,2000,"0.15,0.2,0.3,0.35,0.45",0,1.4142,0.15,0.85,NA,NA,NA,NA,NA,NA,NA,NA,NA,NA,NA,NA,NA,NA,NA,NA,NA,NA,NA,NA,NA,NA,NA,NA
"Set_5dose_adaptive_r_37","Set_5dose_adaptive_r_37_SC1",1,1,"base_example",1,1,"CRM","random",NA,NA,"random",NA,0.9,0,0.0179,28,30,2,1,1,3,100,3,1,1,0,5,0.5,0.905,0.5902,NA,NA,NA,0.45,0.1545,0.1545,0.065,24.917,19.4075,26.65,1056.3427,2000,2000,"0.15,0.2,0.3,0.35,0.45",0,1.4142,0.15,0.85,NA,NA,NA,NA,NA,NA,NA,NA,NA,NA,NA,NA,NA,NA,NA,NA,NA,NA,NA,NA,NA,NA,NA,NA
"Set_5dose_adaptive_r_37","Set_5dose_adaptive_r_37_SC2",2,2,"base_example",3,1,"CRM","r_fixed",NA,NA,"r_fixed",NA,0,0,0.0179,28,30,2,1,1,3,100,3,1,1,0,1,0.15,0.15,0.163,0,NA,NA,4.95,6.515,6.515,0,29.4365,20.477,2.2,1118.5529,2000,2000,"0.15,0.2,0.3,0.35,0.45",0,1.4142,0.15,0.85,NA,NA,NA,NA,NA,NA,NA,NA,NA,NA,NA,NA,NA,NA,NA,NA,NA,NA,NA,NA,NA,NA,NA,NA
"Set_5dose_adaptive_r_37","Set_5dose_adaptive_r_37_SC2",2,2,"base_example",3,1,"CRM","r_fixed",NA,NA,"r_fixed",NA,0,0,0.0179,28,30,2,1,1,3,100,3,1,1,0,2,0.2,0.2,0.2103,NA,NA,NA,24.9,8.259,8.259,4.409,29.4365,20.477,2.2,1118.5529,2000,2000,"0.15,0.2,0.3,0.35,0.45",0,1.4142,0.15,0.85,NA,NA,NA,NA,NA,NA,NA,NA,NA,NA,NA,NA,NA,NA,NA,NA,NA,NA,NA,NA,NA,NA,NA,NA
"Set_5dose_adaptive_r_37","Set_5dose_adaptive_r_37_SC2",2,2,"base_example",3,1,"CRM","r_fixed",NA,NA,"r_fixed",NA,0,0,0.0179,28,30,2,1,1,3,100,3,1,1,0,3,0.3,0.3,0.3046,NA,NA,NA,34.6,7.0395,7.0395,2.0355,29.4365,20.477,2.2,1118.5529,2000,2000,"0.15,0.2,0.3,0.35,0.45",0,1.4142,0.15,0.85,NA,NA,NA,NA,NA,NA,NA,NA,NA,NA,NA,NA,NA,NA,NA,NA,NA,NA,NA,NA,NA,NA,NA,NA
"Set_5dose_adaptive_r_37","Set_5dose_adaptive_r_37_SC2",2,2,"base_example",3,1,"CRM","r_fixed",NA,NA,"r_fixed",NA,0,0,0.0179,28,30,2,1,1,3,100,3,1,1,0,4,0.35,0.35,0.3518,NA,NA,NA,23.2,4.821,4.821,1.78,29.4365,20.477,2.2,1118.5529,2000,2000,"0.15,0.2,0.3,0.35,0.45",0,1.4142,0.15,0.85,NA,NA,NA,NA,NA,NA,NA,NA,NA,NA,NA,NA,NA,NA,NA,NA,NA,NA,NA,NA,NA,NA,NA,NA
"Set_5dose_adaptive_r_37","Set_5dose_adaptive_r_37_SC2",2,2,"base_example",3,1,"CRM","r_fixed",NA,NA,"r_fixed",NA,0,0,0.0179,28,30,2,1,1,3,100,3,1,1,0,5,0.45,0.45,0.4472,NA,NA,NA,10.15,2.802,2.802,0.735,29.4365,20.477,2.2,1118.5529,2000,2000,"0.15,0.2,0.3,0.35,0.45",0,1.4142,0.15,0.85,NA,NA,NA,NA,NA,NA,NA,NA,NA,NA,NA,NA,NA,NA,NA,NA,NA,NA,NA,NA,NA,NA,NA,NA
"Set_5dose_adaptive_r_37","Set_5dose_adaptive_r_37_SC2",2,2,"base_example",3,1,"CRM","random",NA,NA,"random",NA,0,0,0.0179,28,30,2,1,1,3,100,3,1,1,0,1,0.15,0.15,0.1574,0.0383,NA,NA,4.45,6.2145,6.2145,0,29.4765,20.519,2,1122.5201,2000,2000,"0.15,0.2,0.3,0.35,0.45",0,1.4142,0.15,0.85,NA,NA,NA,NA,NA,NA,NA,NA,NA,NA,NA,NA,NA,NA,NA,NA,NA,NA,NA,NA,NA,NA,NA,NA
"Set_5dose_adaptive_r_37","Set_5dose_adaptive_r_37_SC2",2,2,"base_example",3,1,"CRM","random",NA,NA,"random",NA,0,0,0.0179,28,30,2,1,1,3,100,3,1,1,0,2,0.2,0.2,0.2038,NA,NA,NA,21,7.5765,7.5765,4.2495,29.4765,20.519,2,1122.5201,2000,2000,"0.15,0.2,0.3,0.35,0.45",0,1.4142,0.15,0.85,NA,NA,NA,NA,NA,NA,NA,NA,NA,NA,NA,NA,NA,NA,NA,NA,NA,NA,NA,NA,NA,NA,NA,NA
"Set_5dose_adaptive_r_37","Set_5dose_adaptive_r_37_SC2",2,2,"base_example",3,1,"CRM","random",NA,NA,"random",NA,0,0,0.0179,28,30,2,1,1,3,100,3,1,1,0,3,0.3,0.3,0.2969,NA,NA,NA,35.8,7.0905,7.0905,1.837,29.4765,20.519,2,1122.5201,2000,2000,"0.15,0.2,0.3,0.35,0.45",0,1.4142,0.15,0.85,NA,NA,NA,NA,NA,NA,NA,NA,NA,NA,NA,NA,NA,NA,NA,NA,NA,NA,NA,NA,NA,NA,NA,NA
"Set_5dose_adaptive_r_37","Set_5dose_adaptive_r_37_SC2",2,2,"base_example",3,1,"CRM","random",NA,NA,"random",NA,0,0,0.0179,28,30,2,1,1,3,100,3,1,1,0,4,0.35,0.35,0.3439,NA,NA,NA,25.2,5.1825,5.1825,2.0085,29.4765,20.519,2,1122.5201,2000,2000,"0.15,0.2,0.3,0.35,0.45",0,1.4142,0.15,0.85,NA,NA,NA,NA,NA,NA,NA,NA,NA,NA,NA,NA,NA,NA,NA,NA,NA,NA,NA,NA,NA,NA,NA,NA
"Set_5dose_adaptive_r_37","Set_5dose_adaptive_r_37_SC2",2,2,"base_example",3,1,"CRM","random",NA,NA,"random",NA,0,0,0.0179,28,30,2,1,1,3,100,3,1,1,0,5,0.45,0.45,0.4391,NA,NA,NA,11.55,3.4125,3.4125,0.8625,29.4765,20.519,2,1122.5201,2000,2000,"0.15,0.2,0.3,0.35,0.45",0,1.4142,0.15,0.85,NA,NA,NA,NA,NA,NA,NA,NA,NA,NA,NA,NA,NA,NA,NA,NA,NA,NA,NA,NA,NA,NA,NA,NA
"Set_5dose_adaptive_r_37","Set_5dose_adaptive_r_37_SC2",2,2,"base_example",3,1,"CRM","r_fixed",NA,NA,"r_fixed",NA,0.3,0,0.0179,28,30,2,1,1,3,100,3,1,1,0,1,0.15,0.15,0.1775,0,NA,NA,6.8,6.921,6.921,0,29.445,20.3265,2.15,1111.1712,2000,2000,"0.15,0.2,0.3,0.35,0.45",0,1.4142,0.15,0.85,NA,NA,NA,NA,NA,NA,NA,NA,NA,NA,NA,NA,NA,NA,NA,NA,NA,NA,NA,NA,NA,NA,NA,NA
"Set_5dose_adaptive_r_37","Set_5dose_adaptive_r_37_SC2",2,2,"base_example",3,1,"CRM","r_fixed",NA,NA,"r_fixed",NA,0.3,0,0.0179,28,30,2,1,1,3,100,3,1,1,0,2,0.2,0.245,0.2267,NA,NA,NA,31.15,9.1215,9.1215,4.6595,29.445,20.3265,2.15,1111.1712,2000,2000,"0.15,0.2,0.3,0.35,0.45",0,1.4142,0.15,0.85,NA,NA,NA,NA,NA,NA,NA,NA,NA,NA,NA,NA,NA,NA,NA,NA,NA,NA,NA,NA,NA,NA,NA,NA
"Set_5dose_adaptive_r_37","Set_5dose_adaptive_r_37_SC2",2,2,"base_example",3,1,"CRM","r_fixed",NA,NA,"r_fixed",NA,0.3,0,0.0179,28,30,2,1,1,3,100,3,1,1,0,3,0.3,0.36,0.3231,NA,NA,NA,34.65,7.2015,7.2015,2.1665,29.445,20.3265,2.15,1111.1712,2000,2000,"0.15,0.2,0.3,0.35,0.45",0,1.4142,0.15,0.85,NA,NA,NA,NA,NA,NA,NA,NA,NA,NA,NA,NA,NA,NA,NA,NA,NA,NA,NA,NA,NA,NA,NA,NA
"Set_5dose_adaptive_r_37","Set_5dose_adaptive_r_37_SC2",2,2,"base_example",3,1,"CRM","r_fixed",NA,NA,"r_fixed",NA,0.3,0,0.0179,28,30,2,1,1,3,100,3,1,1,0,4,0.35,0.44,0.3709,NA,NA,NA,19.3,4.344,4.344,1.726,29.445,20.3265,2.15,1111.1712,2000,2000,"0.15,0.2,0.3,0.35,0.45",0,1.4142,0.15,0.85,NA,NA,NA,NA,NA,NA,NA,NA,NA,NA,NA,NA,NA,NA,NA,NA,NA,NA,NA,NA,NA,NA,NA,NA
"Set_5dose_adaptive_r_37","Set_5dose_adaptive_r_37_SC2",2,2,"base_example",3,1,"CRM","r_fixed",NA,NA,"r_fixed",NA,0.3,0,0.0179,28,30,2,1,1,3,100,3,1,1,0,5,0.45,0.555,0.4662,NA,NA,NA,5.95,1.857,1.857,0.5665,29.445,20.3265,2.15,1111.1712,2000,2000,"0.15,0.2,0.3,0.35,0.45",0,1.4142,0.15,0.85,NA,NA,NA,NA,NA,NA,NA,NA,NA,NA,NA,NA,NA,NA,NA,NA,NA,NA,NA,NA,NA,NA,NA,NA
"Set_5dose_adaptive_r_37","Set_5dose_adaptive_r_37_SC2",2,2,"base_example",3,1,"CRM","random",NA,NA,"random",NA,0.3,0,0.0179,28,30,2,1,1,3,100,3,1,1,0,1,0.15,0.15,0.1687,0.0531,NA,NA,4.95,6.439,6.439,0,29.4295,20.3165,2.2,1110.2757,2000,2000,"0.15,0.2,0.3,0.35,0.45",0,1.4142,0.15,0.85,NA,NA,NA,NA,NA,NA,NA,NA,NA,NA,NA,NA,NA,NA,NA,NA,NA,NA,NA,NA,NA,NA,NA,NA
"Set_5dose_adaptive_r_37","Set_5dose_adaptive_r_37_SC2",2,2,"base_example",3,1,"CRM","random",NA,NA,"random",NA,0.3,0,0.0179,28,30,2,1,1,3,100,3,1,1,0,2,0.2,0.245,0.2165,NA,NA,NA,27.55,8.2425,8.2425,4.384,29.4295,20.3165,2.2,1110.2757,2000,2000,"0.15,0.2,0.3,0.35,0.45",0,1.4142,0.15,0.85,NA,NA,NA,NA,NA,NA,NA,NA,NA,NA,NA,NA,NA,NA,NA,NA,NA,NA,NA,NA,NA,NA,NA,NA
"Set_5dose_adaptive_r_37","Set_5dose_adaptive_r_37_SC2",2,2,"base_example",3,1,"CRM","random",NA,NA,"random",NA,0.3,0,0.0179,28,30,2,1,1,3,100,3,1,1,0,3,0.3,0.36,0.3111,NA,NA,NA,35.3,7.3395,7.3395,1.9925,29.4295,20.3165,2.2,1110.2757,2000,2000,"0.15,0.2,0.3,0.35,0.45",0,1.4142,0.15,0.85,NA,NA,NA,NA,NA,NA,NA,NA,NA,NA,NA,NA,NA,NA,NA,NA,NA,NA,NA,NA,NA,NA,NA,NA
"Set_5dose_adaptive_r_37","Set_5dose_adaptive_r_37_SC2",2,2,"base_example",3,1,"CRM","random",NA,NA,"random",NA,0.3,0,0.0179,28,30,2,1,1,3,100,3,1,1,0,4,0.35,0.44,0.3584,NA,NA,NA,21.5,4.8105,4.8105,2.003,29.4295,20.3165,2.2,1110.2757,2000,2000,"0.15,0.2,0.3,0.35,0.45",0,1.4142,0.15,0.85,NA,NA,NA,NA,NA,NA,NA,NA,NA,NA,NA,NA,NA,NA,NA,NA,NA,NA,NA,NA,NA,NA,NA,NA
"Set_5dose_adaptive_r_37","Set_5dose_adaptive_r_37_SC2",2,2,"base_example",3,1,"CRM","random",NA,NA,"random",NA,0.3,0,0.0179,28,30,2,1,1,3,100,3,1,1,0,5,0.45,0.555,0.4534,NA,NA,NA,8.5,2.598,2.598,0.7335,29.4295,20.3165,2.2,1110.2757,2000,2000,"0.15,0.2,0.3,0.35,0.45",0,1.4142,0.15,0.85,NA,NA,NA,NA,NA,NA,NA,NA,NA,NA,NA,NA,NA,NA,NA,NA,NA,NA,NA,NA,NA,NA,NA,NA
"Set_5dose_adaptive_r_37","Set_5dose_adaptive_r_37_SC2",2,2,"base_example",3,1,"CRM","r_fixed",NA,NA,"r_fixed",NA,0.6,0,0.0179,28,30,2,1,1,3,100,3,1,1,0,1,0.15,0.15,0.1919,0,NA,NA,10.2,7.477,7.477,0,29.4085,20.2145,2.3,1105.6949,2000,2000,"0.15,0.2,0.3,0.35,0.45",0,1.4142,0.15,0.85,NA,NA,NA,NA,NA,NA,NA,NA,NA,NA,NA,NA,NA,NA,NA,NA,NA,NA,NA,NA,NA,NA,NA,NA
"Set_5dose_adaptive_r_37","Set_5dose_adaptive_r_37_SC2",2,2,"base_example",3,1,"CRM","r_fixed",NA,NA,"r_fixed",NA,0.6,0,0.0179,28,30,2,1,1,3,100,3,1,1,0,2,0.2,0.29,0.2427,NA,NA,NA,37.15,9.849,9.849,4.9275,29.4085,20.2145,2.3,1105.6949,2000,2000,"0.15,0.2,0.3,0.35,0.45",0,1.4142,0.15,0.85,NA,NA,NA,NA,NA,NA,NA,NA,NA,NA,NA,NA,NA,NA,NA,NA,NA,NA,NA,NA,NA,NA,NA,NA
"Set_5dose_adaptive_r_37","Set_5dose_adaptive_r_37_SC2",2,2,"base_example",3,1,"CRM","r_fixed",NA,NA,"r_fixed",NA,0.6,0,0.0179,28,30,2,1,1,3,100,3,1,1,0,3,0.3,0.42,0.3408,NA,NA,NA,33.6,7.0455,7.0455,2.236,29.4085,20.2145,2.3,1105.6949,2000,2000,"0.15,0.2,0.3,0.35,0.45",0,1.4142,0.15,0.85,NA,NA,NA,NA,NA,NA,NA,NA,NA,NA,NA,NA,NA,NA,NA,NA,NA,NA,NA,NA,NA,NA,NA,NA
"Set_5dose_adaptive_r_37","Set_5dose_adaptive_r_37_SC2",2,2,"base_example",3,1,"CRM","r_fixed",NA,NA,"r_fixed",NA,0.6,0,0.0179,28,30,2,1,1,3,100,3,1,1,0,4,0.35,0.53,0.3888,NA,NA,NA,13.1,3.744,3.744,1.5765,29.4085,20.2145,2.3,1105.6949,2000,2000,"0.15,0.2,0.3,0.35,0.45",0,1.4142,0.15,0.85,NA,NA,NA,NA,NA,NA,NA,NA,NA,NA,NA,NA,NA,NA,NA,NA,NA,NA,NA,NA,NA,NA,NA,NA
"Set_5dose_adaptive_r_37","Set_5dose_adaptive_r_37_SC2",2,2,"base_example",3,1,"CRM","r_fixed",NA,NA,"r_fixed",NA,0.6,0,0.0179,28,30,2,1,1,3,100,3,1,1,0,5,0.45,0.66,0.4837,NA,NA,NA,3.65,1.293,1.293,0.454,29.4085,20.2145,2.3,1105.6949,2000,2000,"0.15,0.2,0.3,0.35,0.45",0,1.4142,0.15,0.85,NA,NA,NA,NA,NA,NA,NA,NA,NA,NA,NA,NA,NA,NA,NA,NA,NA,NA,NA,NA,NA,NA,NA,NA
"Set_5dose_adaptive_r_37","Set_5dose_adaptive_r_37_SC2",2,2,"base_example",3,1,"CRM","random",NA,NA,"random",NA,0.6,0,0.0179,28,30,2,1,1,3,100,3,1,1,0,1,0.15,0.15,0.1782,0.0685,NA,NA,7.45,6.924,6.924,0,29.4495,20.1735,2.15,1102.1879,2000,2000,"0.15,0.2,0.3,0.35,0.45",0,1.4142,0.15,0.85,NA,NA,NA,NA,NA,NA,NA,NA,NA,NA,NA,NA,NA,NA,NA,NA,NA,NA,NA,NA,NA,NA,NA,NA
"Set_5dose_adaptive_r_37","Set_5dose_adaptive_r_37_SC2",2,2,"base_example",3,1,"CRM","random",NA,NA,"random",NA,0.6,0,0.0179,28,30,2,1,1,3,100,3,1,1,0,2,0.2,0.29,0.227,NA,NA,NA,30.8,8.7105,8.7105,4.63,29.4495,20.1735,2.15,1102.1879,2000,2000,"0.15,0.2,0.3,0.35,0.45",0,1.4142,0.15,0.85,NA,NA,NA,NA,NA,NA,NA,NA,NA,NA,NA,NA,NA,NA,NA,NA,NA,NA,NA,NA,NA,NA,NA,NA
"Set_5dose_adaptive_r_37","Set_5dose_adaptive_r_37_SC2",2,2,"base_example",3,1,"CRM","random",NA,NA,"random",NA,0.6,0,0.0179,28,30,2,1,1,3,100,3,1,1,0,3,0.3,0.42,0.3225,NA,NA,NA,34.55,7.1055,7.1055,2.0345,29.4495,20.1735,2.15,1102.1879,2000,2000,"0.15,0.2,0.3,0.35,0.45",0,1.4142,0.15,0.85,NA,NA,NA,NA,NA,NA,NA,NA,NA,NA,NA,NA,NA,NA,NA,NA,NA,NA,NA,NA,NA,NA,NA,NA
"Set_5dose_adaptive_r_37","Set_5dose_adaptive_r_37_SC2",2,2,"base_example",3,1,"CRM","random",NA,NA,"random",NA,0.6,0,0.0179,28,30,2,1,1,3,100,3,1,1,0,4,0.35,0.53,0.3698,NA,NA,NA,18.85,4.5405,4.5405,1.917,29.4495,20.1735,2.15,1102.1879,2000,2000,"0.15,0.2,0.3,0.35,0.45",0,1.4142,0.15,0.85,NA,NA,NA,NA,NA,NA,NA,NA,NA,NA,NA,NA,NA,NA,NA,NA,NA,NA,NA,NA,NA,NA,NA,NA
"Set_5dose_adaptive_r_37","Set_5dose_adaptive_r_37_SC2",2,2,"base_example",3,1,"CRM","random",NA,NA,"random",NA,0.6,0,0.0179,28,30,2,1,1,3,100,3,1,1,0,5,0.45,0.66,0.4644,NA,NA,NA,6.2,2.169,2.169,0.6945,29.4495,20.1735,2.15,1102.1879,2000,2000,"0.15,0.2,0.3,0.35,0.45",0,1.4142,0.15,0.85,NA,NA,NA,NA,NA,NA,NA,NA,NA,NA,NA,NA,NA,NA,NA,NA,NA,NA,NA,NA,NA,NA,NA,NA
"Set_5dose_adaptive_r_37","Set_5dose_adaptive_r_37_SC2",2,2,"base_example",3,1,"CRM","r_fixed",NA,NA,"r_fixed",NA,0.9,0,0.0179,28,30,2,1,1,3,100,3,1,1,0,1,0.15,0.15,0.2061,0,NA,NA,14.9,8.161,8.161,0,29.426,20.1305,2.25,1101.1378,2000,2000,"0.15,0.2,0.3,0.35,0.45",0,1.4142,0.15,0.85,NA,NA,NA,NA,NA,NA,NA,NA,NA,NA,NA,NA,NA,NA,NA,NA,NA,NA,NA,NA,NA,NA,NA,NA
"Set_5dose_adaptive_r_37","Set_5dose_adaptive_r_37_SC2",2,2,"base_example",3,1,"CRM","r_fixed",NA,NA,"r_fixed",NA,0.9,0,0.0179,28,30,2,1,1,3,100,3,1,1,0,2,0.2,0.335,0.2583,NA,NA,NA,40.1,10.3975,10.3975,5.161,29.426,20.1305,2.25,1101.1378,2000,2000,"0.15,0.2,0.3,0.35,0.45",0,1.4142,0.15,0.85,NA,NA,NA,NA,NA,NA,NA,NA,NA,NA,NA,NA,NA,NA,NA,NA,NA,NA,NA,NA,NA,NA,NA,NA
"Set_5dose_adaptive_r_37","Set_5dose_adaptive_r_37_SC2",2,2,"base_example",3,1,"CRM","r_fixed",NA,NA,"r_fixed",NA,0.9,0,0.0179,28,30,2,1,1,3,100,3,1,1,0,3,0.3,0.48,0.3578,NA,NA,NA,32.6,6.9255,6.9255,2.316,29.426,20.1305,2.25,1101.1378,2000,2000,"0.15,0.2,0.3,0.35,0.45",0,1.4142,0.15,0.85,NA,NA,NA,NA,NA,NA,NA,NA,NA,NA,NA,NA,NA,NA,NA,NA,NA,NA,NA,NA,NA,NA,NA,NA
"Set_5dose_adaptive_r_37","Set_5dose_adaptive_r_37_SC2",2,2,"base_example",3,1,"CRM","r_fixed",NA,NA,"r_fixed",NA,0.9,0,0.0179,28,30,2,1,1,3,100,3,1,1,0,4,0.35,0.62,0.406,NA,NA,NA,8.65,3.135,3.135,1.489,29.426,20.1305,2.25,1101.1378,2000,2000,"0.15,0.2,0.3,0.35,0.45",0,1.4142,0.15,0.85,NA,NA,NA,NA,NA,NA,NA,NA,NA,NA,NA,NA,NA,NA,NA,NA,NA,NA,NA,NA,NA,NA,NA,NA
"Set_5dose_adaptive_r_37","Set_5dose_adaptive_r_37_SC2",2,2,"base_example",3,1,"CRM","r_fixed",NA,NA,"r_fixed",NA,0.9,0,0.0179,28,30,2,1,1,3,100,3,1,1,0,5,0.45,0.765,0.5004,NA,NA,NA,1.5,0.807,0.807,0.3295,29.426,20.1305,2.25,1101.1378,2000,2000,"0.15,0.2,0.3,0.35,0.45",0,1.4142,0.15,0.85,NA,NA,NA,NA,NA,NA,NA,NA,NA,NA,NA,NA,NA,NA,NA,NA,NA,NA,NA,NA,NA,NA,NA,NA
"Set_5dose_adaptive_r_37","Set_5dose_adaptive_r_37_SC2",2,2,"base_example",3,1,"CRM","random",NA,NA,"random",NA,0.9,0,0.0179,28,30,2,1,1,3,100,3,1,1,0,1,0.15,0.15,0.1898,0.0901,NA,NA,10.45,7.2285,7.2285,0,29.36,19.935,2.5,1091.3187,2000,2000,"0.15,0.2,0.3,0.35,0.45",0,1.4142,0.15,0.85,NA,NA,NA,NA,NA,NA,NA,NA,NA,NA,NA,NA,NA,NA,NA,NA,NA,NA,NA,NA,NA,NA,NA,NA
"Set_5dose_adaptive_r_37","Set_5dose_adaptive_r_37_SC2",2,2,"base_example",3,1,"CRM","random",NA,NA,"random",NA,0.9,0,0.0179,28,30,2,1,1,3,100,3,1,1,0,2,0.2,0.335,0.2396,NA,NA,NA,33.65,9.1565,9.1565,4.7605,29.36,19.935,2.5,1091.3187,2000,2000,"0.15,0.2,0.3,0.35,0.45",0,1.4142,0.15,0.85,NA,NA,NA,NA,NA,NA,NA,NA,NA,NA,NA,NA,NA,NA,NA,NA,NA,NA,NA,NA,NA,NA,NA,NA
"Set_5dose_adaptive_r_37","Set_5dose_adaptive_r_37_SC2",2,2,"base_example",3,1,"CRM","random",NA,NA,"random",NA,0.9,0,0.0179,28,30,2,1,1,3,100,3,1,1,0,3,0.3,0.48,0.3362,NA,NA,NA,34.05,7.1985,7.1985,2.168,29.36,19.935,2.5,1091.3187,2000,2000,"0.15,0.2,0.3,0.35,0.45",0,1.4142,0.15,0.85,NA,NA,NA,NA,NA,NA,NA,NA,NA,NA,NA,NA,NA,NA,NA,NA,NA,NA,NA,NA,NA,NA,NA,NA
"Set_5dose_adaptive_r_37","Set_5dose_adaptive_r_37_SC2",2,2,"base_example",3,1,"CRM","random",NA,NA,"random",NA,0.9,0,0.0179,28,30,2,1,1,3,100,3,1,1,0,4,0.35,0.62,0.3836,NA,NA,NA,15.15,4.143,4.143,1.914,29.36,19.935,2.5,1091.3187,2000,2000,"0.15,0.2,0.3,0.35,0.45",0,1.4142,0.15,0.85,NA,NA,NA,NA,NA,NA,NA,NA,NA,NA,NA,NA,NA,NA,NA,NA,NA,NA,NA,NA,NA,NA,NA,NA
"Set_5dose_adaptive_r_37","Set_5dose_adaptive_r_37_SC2",2,2,"base_example",3,1,"CRM","random",NA,NA,"random",NA,0.9,0,0.0179,28,30,2,1,1,3,100,3,1,1,0,5,0.45,0.765,0.4777,NA,NA,NA,4.2,1.6335,1.6335,0.5825,29.36,19.935,2.5,1091.3187,2000,2000,"0.15,0.2,0.3,0.35,0.45",0,1.4142,0.15,0.85,NA,NA,NA,NA,NA,NA,NA,NA,NA,NA,NA,NA,NA,NA,NA,NA,NA,NA,NA,NA,NA,NA,NA,NA
"Set_5dose_adaptive_r_37","Set_5dose_adaptive_r_37_SC3",3,3,"base_example",3,1,"CRM","r_fixed",NA,NA,"r_fixed",NA,0,0,0.0179,28,30,2,1,1,3,100,3,1,1,0,1,0.15,0.15,0.163,0,NA,NA,4.9,6.531,6.531,0,29.442,20.492,2.15,1119.2634,2000,2000,"0.15,0.2,0.3,0.35,0.45",0,1.4142,0.15,0.85,NA,NA,NA,NA,NA,NA,NA,NA,NA,NA,NA,NA,NA,NA,NA,NA,NA,NA,NA,NA,NA,NA,NA,NA
"Set_5dose_adaptive_r_37","Set_5dose_adaptive_r_37_SC3",3,3,"base_example",3,1,"CRM","r_fixed",NA,NA,"r_fixed",NA,0,0,0.0179,28,30,2,1,1,3,100,3,1,1,0,2,0.2,0.2,0.2104,NA,NA,NA,24.75,8.2635,8.2635,4.418,29.442,20.492,2.15,1119.2634,2000,2000,"0.15,0.2,0.3,0.35,0.45",0,1.4142,0.15,0.85,NA,NA,NA,NA,NA,NA,NA,NA,NA,NA,NA,NA,NA,NA,NA,NA,NA,NA,NA,NA,NA,NA,NA,NA
"Set_5dose_adaptive_r_37","Set_5dose_adaptive_r_37_SC3",3,3,"base_example",3,1,"CRM","r_fixed",NA,NA,"r_fixed",NA,0,0,0.0179,28,30,2,1,1,3,100,3,1,1,0,3,0.3,0.3,0.3046,NA,NA,NA,34.55,7.008,7.008,2.0165,29.442,20.492,2.15,1119.2634,2000,2000,"0.15,0.2,0.3,0.35,0.45",0,1.4142,0.15,0.85,NA,NA,NA,NA,NA,NA,NA,NA,NA,NA,NA,NA,NA,NA,NA,NA,NA,NA,NA,NA,NA,NA,NA,NA
"Set_5dose_adaptive_r_37","Set_5dose_adaptive_r_37_SC3",3,3,"base_example",3,1,"CRM","r_fixed",NA,NA,"r_fixed",NA,0,0,0.0179,28,30,2,1,1,3,100,3,1,1,0,4,0.35,0.35,0.3519,NA,NA,NA,23.3,4.8525,4.8525,1.786,29.442,20.492,2.15,1119.2634,2000,2000,"0.15,0.2,0.3,0.35,0.45",0,1.4142,0.15,0.85,NA,NA,NA,NA,NA,NA,NA,NA,NA,NA,NA,NA,NA,NA,NA,NA,NA,NA,NA,NA,NA,NA,NA,NA
"Set_5dose_adaptive_r_37","Set_5dose_adaptive_r_37_SC3",3,3,"base_example",3,1,"CRM","r_fixed",NA,NA,"r_fixed",NA,0,0,0.0179,28,30,2,1,1,3,100,3,1,1,0,5,0.45,0.45,0.4473,NA,NA,NA,10.35,2.787,2.787,0.7295,29.442,20.492,2.15,1119.2634,2000,2000,"0.15,0.2,0.3,0.35,0.45",0,1.4142,0.15,0.85,NA,NA,NA,NA,NA,NA,NA,NA,NA,NA,NA,NA,NA,NA,NA,NA,NA,NA,NA,NA,NA,NA,NA,NA
"Set_5dose_adaptive_r_37","Set_5dose_adaptive_r_37_SC3",3,3,"base_example",3,1,"CRM","random",NA,NA,"random",NA,0,0,0.0179,28,30,2,1,1,3,100,3,1,1,0,1,0.15,0.15,0.1579,0.0358,NA,NA,4.15,6.174,6.174,0,29.4375,20.479,2.15,1120.6345,2000,2000,"0.15,0.2,0.3,0.35,0.45",0,1.4142,0.15,0.85,NA,NA,NA,NA,NA,NA,NA,NA,NA,NA,NA,NA,NA,NA,NA,NA,NA,NA,NA,NA,NA,NA,NA,NA
"Set_5dose_adaptive_r_37","Set_5dose_adaptive_r_37_SC3",3,3,"base_example",3,1,"CRM","random",NA,NA,"random",NA,0,0,0.0179,28,30,2,1,1,3,100,3,1,1,0,2,0.2,0.2,0.2044,NA,NA,NA,21.85,7.617,7.617,4.2675,29.4375,20.479,2.15,1120.6345,2000,2000,"0.15,0.2,0.3,0.35,0.45",0,1.4142,0.15,0.85,NA,NA,NA,NA,NA,NA,NA,NA,NA,NA,NA,NA,NA,NA,NA,NA,NA,NA,NA,NA,NA,NA,NA,NA
"Set_5dose_adaptive_r_37","Set_5dose_adaptive_r_37_SC3",3,3,"base_example",3,1,"CRM","random",NA,NA,"random",NA,0,0,0.0179,28,30,2,1,1,3,100,3,1,1,0,3,0.3,0.3,0.2976,NA,NA,NA,34.35,7.071,7.071,1.864,29.4375,20.479,2.15,1120.6345,2000,2000,"0.15,0.2,0.3,0.35,0.45",0,1.4142,0.15,0.85,NA,NA,NA,NA,NA,NA,NA,NA,NA,NA,NA,NA,NA,NA,NA,NA,NA,NA,NA,NA,NA,NA,NA,NA
"Set_5dose_adaptive_r_37","Set_5dose_adaptive_r_37_SC3",3,3,"base_example",3,1,"CRM","random",NA,NA,"random",NA,0,0,0.0179,28,30,2,1,1,3,100,3,1,1,0,4,0.35,0.35,0.3445,NA,NA,NA,25.95,5.181,5.181,2.013,29.4375,20.479,2.15,1120.6345,2000,2000,"0.15,0.2,0.3,0.35,0.45",0,1.4142,0.15,0.85,NA,NA,NA,NA,NA,NA,NA,NA,NA,NA,NA,NA,NA,NA,NA,NA,NA,NA,NA,NA,NA,NA,NA,NA
"Set_5dose_adaptive_r_37","Set_5dose_adaptive_r_37_SC3",3,3,"base_example",3,1,"CRM","random",NA,NA,"random",NA,0,0,0.0179,28,30,2,1,1,3,100,3,1,1,0,5,0.45,0.45,0.4397,NA,NA,NA,11.55,3.3945,3.3945,0.814,29.4375,20.479,2.15,1120.6345,2000,2000,"0.15,0.2,0.3,0.35,0.45",0,1.4142,0.15,0.85,NA,NA,NA,NA,NA,NA,NA,NA,NA,NA,NA,NA,NA,NA,NA,NA,NA,NA,NA,NA,NA,NA,NA,NA
"Set_5dose_adaptive_r_37","Set_5dose_adaptive_r_37_SC3",3,3,"base_example",3,1,"CRM","r_fixed",NA,NA,"r_fixed",NA,0.3,0,0.0179,28,30,2,1,1,3,100,3,1,1,0,1,0.15,0.15,0.1775,0,NA,NA,6.75,6.9285,6.9285,0,29.466,20.3155,2.05,1110.8621,2000,2000,"0.15,0.2,0.3,0.35,0.45",0,1.4142,0.15,0.85,NA,NA,NA,NA,NA,NA,NA,NA,NA,NA,NA,NA,NA,NA,NA,NA,NA,NA,NA,NA,NA,NA,NA,NA
"Set_5dose_adaptive_r_37","Set_5dose_adaptive_r_37_SC3",3,3,"base_example",3,1,"CRM","r_fixed",NA,NA,"r_fixed",NA,0.3,0,0.0179,28,30,2,1,1,3,100,3,1,1,0,2,0.2,0.245,0.2267,NA,NA,NA,31.35,9.156,9.156,4.652,29.466,20.3155,2.05,1110.8621,2000,2000,"0.15,0.2,0.3,0.35,0.45",0,1.4142,0.15,0.85,NA,NA,NA,NA,NA,NA,NA,NA,NA,NA,NA,NA,NA,NA,NA,NA,NA,NA,NA,NA,NA,NA,NA,NA
"Set_5dose_adaptive_r_37","Set_5dose_adaptive_r_37_SC3",3,3,"base_example",3,1,"CRM","r_fixed",NA,NA,"r_fixed",NA,0.3,0,0.0179,28,30,2,1,1,3,100,3,1,1,0,3,0.3,0.36,0.3231,NA,NA,NA,34.95,7.161,7.161,2.179,29.466,20.3155,2.05,1110.8621,2000,2000,"0.15,0.2,0.3,0.35,0.45",0,1.4142,0.15,0.85,NA,NA,NA,NA,NA,NA,NA,NA,NA,NA,NA,NA,NA,NA,NA,NA,NA,NA,NA,NA,NA,NA,NA,NA
"Set_5dose_adaptive_r_37","Set_5dose_adaptive_r_37_SC3",3,3,"base_example",3,1,"CRM","r_fixed",NA,NA,"r_fixed",NA,0.3,0,0.0179,28,30,2,1,1,3,100,3,1,1,0,4,0.35,0.44,0.3709,NA,NA,NA,18.8,4.338,4.338,1.741,29.466,20.3155,2.05,1110.8621,2000,2000,"0.15,0.2,0.3,0.35,0.45",0,1.4142,0.15,0.85,NA,NA,NA,NA,NA,NA,NA,NA,NA,NA,NA,NA,NA,NA,NA,NA,NA,NA,NA,NA,NA,NA,NA,NA
"Set_5dose_adaptive_r_37","Set_5dose_adaptive_r_37_SC3",3,3,"base_example",3,1,"CRM","r_fixed",NA,NA,"r_fixed",NA,0.3,0,0.0179,28,30,2,1,1,3,100,3,1,1,0,5,0.45,0.555,0.4662,NA,NA,NA,6.1,1.8825,1.8825,0.5785,29.466,20.3155,2.05,1110.8621,2000,2000,"0.15,0.2,0.3,0.35,0.45",0,1.4142,0.15,0.85,NA,NA,NA,NA,NA,NA,NA,NA,NA,NA,NA,NA,NA,NA,NA,NA,NA,NA,NA,NA,NA,NA,NA,NA
"Set_5dose_adaptive_r_37","Set_5dose_adaptive_r_37_SC3",3,3,"base_example",3,1,"CRM","random",NA,NA,"random",NA,0.3,0,0.0179,28,30,2,1,1,3,100,3,1,1,0,1,0.15,0.15,0.1684,0.0527,NA,NA,5.05,6.463,6.463,0,29.4335,20.298,2.2,1109.3857,2000,2000,"0.15,0.2,0.3,0.35,0.45",0,1.4142,0.15,0.85,NA,NA,NA,NA,NA,NA,NA,NA,NA,NA,NA,NA,NA,NA,NA,NA,NA,NA,NA,NA,NA,NA,NA,NA
"Set_5dose_adaptive_r_37","Set_5dose_adaptive_r_37_SC3",3,3,"base_example",3,1,"CRM","random",NA,NA,"random",NA,0.3,0,0.0179,28,30,2,1,1,3,100,3,1,1,0,2,0.2,0.245,0.2162,NA,NA,NA,26.7,8.248,8.248,4.4205,29.4335,20.298,2.2,1109.3857,2000,2000,"0.15,0.2,0.3,0.35,0.45",0,1.4142,0.15,0.85,NA,NA,NA,NA,NA,NA,NA,NA,NA,NA,NA,NA,NA,NA,NA,NA,NA,NA,NA,NA,NA,NA,NA,NA
"Set_5dose_adaptive_r_37","Set_5dose_adaptive_r_37_SC3",3,3,"base_example",3,1,"CRM","random",NA,NA,"random",NA,0.3,0,0.0179,28,30,2,1,1,3,100,3,1,1,0,3,0.3,0.36,0.3108,NA,NA,NA,35.45,7.296,7.296,1.976,29.4335,20.298,2.2,1109.3857,2000,2000,"0.15,0.2,0.3,0.35,0.45",0,1.4142,0.15,0.85,NA,NA,NA,NA,NA,NA,NA,NA,NA,NA,NA,NA,NA,NA,NA,NA,NA,NA,NA,NA,NA,NA,NA,NA
"Set_5dose_adaptive_r_37","Set_5dose_adaptive_r_37_SC3",3,3,"base_example",3,1,"CRM","random",NA,NA,"random",NA,0.3,0,0.0179,28,30,2,1,1,3,100,3,1,1,0,4,0.35,0.44,0.358,NA,NA,NA,21.85,4.833,4.833,2.001,29.4335,20.298,2.2,1109.3857,2000,2000,"0.15,0.2,0.3,0.35,0.45",0,1.4142,0.15,0.85,NA,NA,NA,NA,NA,NA,NA,NA,NA,NA,NA,NA,NA,NA,NA,NA,NA,NA,NA,NA,NA,NA,NA,NA
"Set_5dose_adaptive_r_37","Set_5dose_adaptive_r_37_SC3",3,3,"base_example",3,1,"CRM","random",NA,NA,"random",NA,0.3,0,0.0179,28,30,2,1,1,3,100,3,1,1,0,5,0.45,0.555,0.453,NA,NA,NA,8.75,2.5935,2.5935,0.738,29.4335,20.298,2.2,1109.3857,2000,2000,"0.15,0.2,0.3,0.35,0.45",0,1.4142,0.15,0.85,NA,NA,NA,NA,NA,NA,NA,NA,NA,NA,NA,NA,NA,NA,NA,NA,NA,NA,NA,NA,NA,NA,NA,NA
"Set_5dose_adaptive_r_37","Set_5dose_adaptive_r_37_SC3",3,3,"base_example",3,1,"CRM","r_fixed",NA,NA,"r_fixed",NA,0.6,0,0.0179,28,30,2,1,1,3,100,3,1,1,0,1,0.15,0.15,0.1922,0,NA,NA,10.55,7.4915,7.4915,0,29.4095,20.2055,2.3,1104.7816,2000,2000,"0.15,0.2,0.3,0.35,0.45",0,1.4142,0.15,0.85,NA,NA,NA,NA,NA,NA,NA,NA,NA,NA,NA,NA,NA,NA,NA,NA,NA,NA,NA,NA,NA,NA,NA,NA
"Set_5dose_adaptive_r_37","Set_5dose_adaptive_r_37_SC3",3,3,"base_example",3,1,"CRM","r_fixed",NA,NA,"r_fixed",NA,0.6,0,0.0179,28,30,2,1,1,3,100,3,1,1,0,2,0.2,0.29,0.243,NA,NA,NA,36.3,9.8145,9.8145,4.922,29.4095,20.2055,2.3,1104.7816,2000,2000,"0.15,0.2,0.3,0.35,0.45",0,1.4142,0.15,0.85,NA,NA,NA,NA,NA,NA,NA,NA,NA,NA,NA,NA,NA,NA,NA,NA,NA,NA,NA,NA,NA,NA,NA,NA
"Set_5dose_adaptive_r_37","Set_5dose_adaptive_r_37_SC3",3,3,"base_example",3,1,"CRM","r_fixed",NA,NA,"r_fixed",NA,0.6,0,0.0179,28,30,2,1,1,3,100,3,1,1,0,3,0.3,0.42,0.341,NA,NA,NA,33.4,7.071,7.071,2.246,29.4095,20.2055,2.3,1104.7816,2000,2000,"0.15,0.2,0.3,0.35,0.45",0,1.4142,0.15,0.85,NA,NA,NA,NA,NA,NA,NA,NA,NA,NA,NA,NA,NA,NA,NA,NA,NA,NA,NA,NA,NA,NA,NA,NA
"Set_5dose_adaptive_r_37","Set_5dose_adaptive_r_37_SC3",3,3,"base_example",3,1,"CRM","r_fixed",NA,NA,"r_fixed",NA,0.6,0,0.0179,28,30,2,1,1,3,100,3,1,1,0,4,0.35,0.53,0.3891,NA,NA,NA,14,3.7545,3.7545,1.584,29.4095,20.2055,2.3,1104.7816,2000,2000,"0.15,0.2,0.3,0.35,0.45",0,1.4142,0.15,0.85,NA,NA,NA,NA,NA,NA,NA,NA,NA,NA,NA,NA,NA,NA,NA,NA,NA,NA,NA,NA,NA,NA,NA,NA
"Set_5dose_adaptive_r_37","Set_5dose_adaptive_r_37_SC3",3,3,"base_example",3,1,"CRM","r_fixed",NA,NA,"r_fixed",NA,0.6,0,0.0179,28,30,2,1,1,3,100,3,1,1,0,5,0.45,0.66,0.4839,NA,NA,NA,3.45,1.278,1.278,0.452,29.4095,20.2055,2.3,1104.7816,2000,2000,"0.15,0.2,0.3,0.35,0.45",0,1.4142,0.15,0.85,NA,NA,NA,NA,NA,NA,NA,NA,NA,NA,NA,NA,NA,NA,NA,NA,NA,NA,NA,NA,NA,NA,NA,NA
"Set_5dose_adaptive_r_37","Set_5dose_adaptive_r_37_SC3",3,3,"base_example",3,1,"CRM","random",NA,NA,"random",NA,0.6,0,0.0179,28,30,2,1,1,3,100,3,1,1,0,1,0.15,0.15,0.1786,0.0704,NA,NA,7.5,6.817,6.817,0,29.3965,20.1925,2.35,1104.8523,2000,2000,"0.15,0.2,0.3,0.35,0.45",0,1.4142,0.15,0.85,NA,NA,NA,NA,NA,NA,NA,NA,NA,NA,NA,NA,NA,NA,NA,NA,NA,NA,NA,NA,NA,NA,NA,NA
"Set_5dose_adaptive_r_37","Set_5dose_adaptive_r_37_SC3",3,3,"base_example",3,1,"CRM","random",NA,NA,"random",NA,0.6,0,0.0179,28,30,2,1,1,3,100,3,1,1,0,2,0.2,0.29,0.2275,NA,NA,NA,30.4,8.793,8.793,4.557,29.3965,20.1925,2.35,1104.8523,2000,2000,"0.15,0.2,0.3,0.35,0.45",0,1.4142,0.15,0.85,NA,NA,NA,NA,NA,NA,NA,NA,NA,NA,NA,NA,NA,NA,NA,NA,NA,NA,NA,NA,NA,NA,NA,NA
"Set_5dose_adaptive_r_37","Set_5dose_adaptive_r_37_SC3",3,3,"base_example",3,1,"CRM","random",NA,NA,"random",NA,0.6,0,0.0179,28,30,2,1,1,3,100,3,1,1,0,3,0.3,0.42,0.3231,NA,NA,NA,34.2,7.149,7.149,2.047,29.3965,20.1925,2.35,1104.8523,2000,2000,"0.15,0.2,0.3,0.35,0.45",0,1.4142,0.15,0.85,NA,NA,NA,NA,NA,NA,NA,NA,NA,NA,NA,NA,NA,NA,NA,NA,NA,NA,NA,NA,NA,NA,NA,NA
"Set_5dose_adaptive_r_37","Set_5dose_adaptive_r_37_SC3",3,3,"base_example",3,1,"CRM","random",NA,NA,"random",NA,0.6,0,0.0179,28,30,2,1,1,3,100,3,1,1,0,4,0.35,0.53,0.3705,NA,NA,NA,19.6,4.533,4.533,1.9275,29.3965,20.1925,2.35,1104.8523,2000,2000,"0.15,0.2,0.3,0.35,0.45",0,1.4142,0.15,0.85,NA,NA,NA,NA,NA,NA,NA,NA,NA,NA,NA,NA,NA,NA,NA,NA,NA,NA,NA,NA,NA,NA,NA,NA
"Set_5dose_adaptive_r_37","Set_5dose_adaptive_r_37_SC3",3,3,"base_example",3,1,"CRM","random",NA,NA,"random",NA,0.6,0,0.0179,28,30,2,1,1,3,100,3,1,1,0,5,0.45,0.66,0.4652,NA,NA,NA,5.95,2.1045,2.1045,0.6725,29.3965,20.1925,2.35,1104.8523,2000,2000,"0.15,0.2,0.3,0.35,0.45",0,1.4142,0.15,0.85,NA,NA,NA,NA,NA,NA,NA,NA,NA,NA,NA,NA,NA,NA,NA,NA,NA,NA,NA,NA,NA,NA,NA,NA
"Set_5dose_adaptive_r_37","Set_5dose_adaptive_r_37_SC3",3,3,"base_example",3,1,"CRM","r_fixed",NA,NA,"r_fixed",NA,0.9,0,0.0179,28,30,2,1,1,3,100,3,1,1,0,1,0.15,0.15,0.2063,0,NA,NA,14.6,8.135,8.135,0,29.4335,20.104,2.2,1098.9367,2000,2000,"0.15,0.2,0.3,0.35,0.45",0,1.4142,0.15,0.85,NA,NA,NA,NA,NA,NA,NA,NA,NA,NA,NA,NA,NA,NA,NA,NA,NA,NA,NA,NA,NA,NA,NA,NA
"Set_5dose_adaptive_r_37","Set_5dose_adaptive_r_37_SC3",3,3,"base_example",3,1,"CRM","r_fixed",NA,NA,"r_fixed",NA,0.9,0,0.0179,28,30,2,1,1,3,100,3,1,1,0,2,0.2,0.335,0.2585,NA,NA,NA,40.25,10.455,10.455,5.187,29.4335,20.104,2.2,1098.9367,2000,2000,"0.15,0.2,0.3,0.35,0.45",0,1.4142,0.15,0.85,NA,NA,NA,NA,NA,NA,NA,NA,NA,NA,NA,NA,NA,NA,NA,NA,NA,NA,NA,NA,NA,NA,NA,NA
"Set_5dose_adaptive_r_37","Set_5dose_adaptive_r_37_SC3",3,3,"base_example",3,1,"CRM","r_fixed",NA,NA,"r_fixed",NA,0.9,0,0.0179,28,30,2,1,1,3,100,3,1,1,0,3,0.3,0.48,0.358,NA,NA,NA,32.75,6.9285,6.9285,2.348,29.4335,20.104,2.2,1098.9367,2000,2000,"0.15,0.2,0.3,0.35,0.45",0,1.4142,0.15,0.85,NA,NA,NA,NA,NA,NA,NA,NA,NA,NA,NA,NA,NA,NA,NA,NA,NA,NA,NA,NA,NA,NA,NA,NA
"Set_5dose_adaptive_r_37","Set_5dose_adaptive_r_37_SC3",3,3,"base_example",3,1,"CRM","r_fixed",NA,NA,"r_fixed",NA,0.9,0,0.0179,28,30,2,1,1,3,100,3,1,1,0,4,0.35,0.62,0.4062,NA,NA,NA,8.7,3.108,3.108,1.465,29.4335,20.104,2.2,1098.9367,2000,2000,"0.15,0.2,0.3,0.35,0.45",0,1.4142,0.15,0.85,NA,NA,NA,NA,NA,NA,NA,NA,NA,NA,NA,NA,NA,NA,NA,NA,NA,NA,NA,NA,NA,NA,NA,NA
"Set_5dose_adaptive_r_37","Set_5dose_adaptive_r_37_SC3",3,3,"base_example",3,1,"CRM","r_fixed",NA,NA,"r_fixed",NA,0.9,0,0.0179,28,30,2,1,1,3,100,3,1,1,0,5,0.45,0.765,0.5006,NA,NA,NA,1.5,0.807,0.807,0.3295,29.4335,20.104,2.2,1098.9367,2000,2000,"0.15,0.2,0.3,0.35,0.45",0,1.4142,0.15,0.85,NA,NA,NA,NA,NA,NA,NA,NA,NA,NA,NA,NA,NA,NA,NA,NA,NA,NA,NA,NA,NA,NA,NA,NA
"Set_5dose_adaptive_r_37","Set_5dose_adaptive_r_37_SC3",3,3,"base_example",3,1,"CRM","random",NA,NA,"random",NA,0.9,0,0.0179,28,30,2,1,1,3,100,3,1,1,0,1,0.15,0.15,0.1905,0.0877,NA,NA,10.45,7.2835,7.2835,0,29.485,20.0165,2,1094.7644,2000,2000,"0.15,0.2,0.3,0.35,0.45",0,1.4142,0.15,0.85,NA,NA,NA,NA,NA,NA,NA,NA,NA,NA,NA,NA,NA,NA,NA,NA,NA,NA,NA,NA,NA,NA,NA,NA
"Set_5dose_adaptive_r_37","Set_5dose_adaptive_r_37_SC3",3,3,"base_example",3,1,"CRM","random",NA,NA,"random",NA,0.9,0,0.0179,28,30,2,1,1,3,100,3,1,1,0,2,0.2,0.335,0.2404,NA,NA,NA,35.15,9.2715,9.2715,4.794,29.485,20.0165,2,1094.7644,2000,2000,"0.15,0.2,0.3,0.35,0.45",0,1.4142,0.15,0.85,NA,NA,NA,NA,NA,NA,NA,NA,NA,NA,NA,NA,NA,NA,NA,NA,NA,NA,NA,NA,NA,NA,NA,NA
"Set_5dose_adaptive_r_37","Set_5dose_adaptive_r_37_SC3",3,3,"base_example",3,1,"CRM","random",NA,NA,"random",NA,0.9,0,0.0179,28,30,2,1,1,3,100,3,1,1,0,3,0.3,0.48,0.337,NA,NA,NA,33.5,7.257,7.257,2.238,29.485,20.0165,2,1094.7644,2000,2000,"0.15,0.2,0.3,0.35,0.45",0,1.4142,0.15,0.85,NA,NA,NA,NA,NA,NA,NA,NA,NA,NA,NA,NA,NA,NA,NA,NA,NA,NA,NA,NA,NA,NA,NA,NA
"Set_5dose_adaptive_r_37","Set_5dose_adaptive_r_37_SC3",3,3,"base_example",3,1,"CRM","random",NA,NA,"random",NA,0.9,0,0.0179,28,30,2,1,1,3,100,3,1,1,0,4,0.35,0.62,0.3844,NA,NA,NA,14.95,4.0695,4.0695,1.881,29.485,20.0165,2,1094.7644,2000,2000,"0.15,0.2,0.3,0.35,0.45",0,1.4142,0.15,0.85,NA,NA,NA,NA,NA,NA,NA,NA,NA,NA,NA,NA,NA,NA,NA,NA,NA,NA,NA,NA,NA,NA,NA,NA
"Set_5dose_adaptive_r_37","Set_5dose_adaptive_r_37_SC3",3,3,"base_example",3,1,"CRM","random",NA,NA,"random",NA,0.9,0,0.0179,28,30,2,1,1,3,100,3,1,1,0,5,0.45,0.765,0.4785,NA,NA,NA,3.95,1.6035,1.6035,0.5555,29.485,20.0165,2,1094.7644,2000,2000,"0.15,0.2,0.3,0.35,0.45",0,1.4142,0.15,0.85,NA,NA,NA,NA,NA,NA,NA,NA,NA,NA,NA,NA,NA,NA,NA,NA,NA,NA,NA,NA,NA,NA,NA,NA
"Set_5dose_adaptive_r_37","Set_5dose_adaptive_r_37_SC4",4,4,"base_example",4,1,"CRM","r_fixed",NA,NA,"r_fixed",NA,0,0,0.0179,28,30,2,1,1,3,100,3,1,1,0,1,0.05,0.05,0.1044,0,NA,NA,0,3.663,3.663,0,29.9595,21.007,0.15,1150.7003,2000,2000,"0.15,0.2,0.3,0.35,0.45",0,1.4142,0.15,0.85,NA,NA,NA,NA,NA,NA,NA,NA,NA,NA,NA,NA,NA,NA,NA,NA,NA,NA,NA,NA,NA,NA,NA,NA
"Set_5dose_adaptive_r_37","Set_5dose_adaptive_r_37_SC4",4,4,"base_example",4,1,"CRM","r_fixed",NA,NA,"r_fixed",NA,0,0,0.0179,28,30,2,1,1,3,100,3,1,1,0,2,0.1,0.1,0.1431,NA,NA,NA,1.95,4.5975,4.5975,3.096,29.9595,21.007,0.15,1150.7003,2000,2000,"0.15,0.2,0.3,0.35,0.45",0,1.4142,0.15,0.85,NA,NA,NA,NA,NA,NA,NA,NA,NA,NA,NA,NA,NA,NA,NA,NA,NA,NA,NA,NA,NA,NA,NA,NA
"Set_5dose_adaptive_r_37","Set_5dose_adaptive_r_37_SC4",4,4,"base_example",4,1,"CRM","r_fixed",NA,NA,"r_fixed",NA,0,0,0.0179,28,30,2,1,1,3,100,3,1,1,0,3,0.18,0.18,0.2267,NA,NA,NA,18.85,6.0075,6.0075,1.4455,29.9595,21.007,0.15,1150.7003,2000,2000,"0.15,0.2,0.3,0.35,0.45",0,1.4142,0.15,0.85,NA,NA,NA,NA,NA,NA,NA,NA,NA,NA,NA,NA,NA,NA,NA,NA,NA,NA,NA,NA,NA,NA,NA,NA
"Set_5dose_adaptive_r_37","Set_5dose_adaptive_r_37_SC4",4,4,"base_example",4,1,"CRM","r_fixed",NA,NA,"r_fixed",NA,0,0,0.0179,28,30,2,1,1,3,100,3,1,1,0,4,0.3,0.3,0.2712,NA,NA,NA,41.95,7.7625,7.7625,2.756,29.9595,21.007,0.15,1150.7003,2000,2000,"0.15,0.2,0.3,0.35,0.45",0,1.4142,0.15,0.85,NA,NA,NA,NA,NA,NA,NA,NA,NA,NA,NA,NA,NA,NA,NA,NA,NA,NA,NA,NA,NA,NA,NA,NA
"Set_5dose_adaptive_r_37","Set_5dose_adaptive_r_37_SC4",4,4,"base_example",4,1,"CRM","r_fixed",NA,NA,"r_fixed",NA,0,0,0.0179,28,30,2,1,1,3,100,3,1,1,0,5,0.4,0.4,0.3656,NA,NA,NA,37.1,7.929,7.929,1.655,29.9595,21.007,0.15,1150.7003,2000,2000,"0.15,0.2,0.3,0.35,0.45",0,1.4142,0.15,0.85,NA,NA,NA,NA,NA,NA,NA,NA,NA,NA,NA,NA,NA,NA,NA,NA,NA,NA,NA,NA,NA,NA,NA,NA
"Set_5dose_adaptive_r_37","Set_5dose_adaptive_r_37_SC4",4,4,"base_example",4,1,"CRM","random",NA,NA,"random",NA,0,0,0.0179,28,30,2,1,1,3,100,3,1,1,0,1,0.05,0.05,0.1011,0.032,NA,NA,0,3.5955,3.5955,0,29.9325,21.1545,0.25,1158.7729,2000,2000,"0.15,0.2,0.3,0.35,0.45",0,1.4142,0.15,0.85,NA,NA,NA,NA,NA,NA,NA,NA,NA,NA,NA,NA,NA,NA,NA,NA,NA,NA,NA,NA,NA,NA,NA,NA
"Set_5dose_adaptive_r_37","Set_5dose_adaptive_r_37_SC4",4,4,"base_example",4,1,"CRM","random",NA,NA,"random",NA,0,0,0.0179,28,30,2,1,1,3,100,3,1,1,0,2,0.1,0.1,0.1391,NA,NA,NA,1.65,4.2495,4.2495,3.0045,29.9325,21.1545,0.25,1158.7729,2000,2000,"0.15,0.2,0.3,0.35,0.45",0,1.4142,0.15,0.85,NA,NA,NA,NA,NA,NA,NA,NA,NA,NA,NA,NA,NA,NA,NA,NA,NA,NA,NA,NA,NA,NA,NA,NA
"Set_5dose_adaptive_r_37","Set_5dose_adaptive_r_37_SC4",4,4,"base_example",4,1,"CRM","random",NA,NA,"random",NA,0,0,0.0179,28,30,2,1,1,3,100,3,1,1,0,3,0.18,0.18,0.2213,NA,NA,NA,16.2,5.772,5.772,1.2605,29.9325,21.1545,0.25,1158.7729,2000,2000,"0.15,0.2,0.3,0.35,0.45",0,1.4142,0.15,0.85,NA,NA,NA,NA,NA,NA,NA,NA,NA,NA,NA,NA,NA,NA,NA,NA,NA,NA,NA,NA,NA,NA,NA,NA
"Set_5dose_adaptive_r_37","Set_5dose_adaptive_r_37_SC4",4,4,"base_example",4,1,"CRM","random",NA,NA,"random",NA,0,0,0.0179,28,30,2,1,1,3,100,3,1,1,0,4,0.3,0.3,0.2654,NA,NA,NA,40.85,7.413,7.413,2.802,29.9325,21.1545,0.25,1158.7729,2000,2000,"0.15,0.2,0.3,0.35,0.45",0,1.4142,0.15,0.85,NA,NA,NA,NA,NA,NA,NA,NA,NA,NA,NA,NA,NA,NA,NA,NA,NA,NA,NA,NA,NA,NA,NA,NA
"Set_5dose_adaptive_r_37","Set_5dose_adaptive_r_37_SC4",4,4,"base_example",4,1,"CRM","random",NA,NA,"random",NA,0,0,0.0179,28,30,2,1,1,3,100,3,1,1,0,5,0.4,0.4,0.3592,NA,NA,NA,41.05,8.9025,8.9025,1.711,29.9325,21.1545,0.25,1158.7729,2000,2000,"0.15,0.2,0.3,0.35,0.45",0,1.4142,0.15,0.85,NA,NA,NA,NA,NA,NA,NA,NA,NA,NA,NA,NA,NA,NA,NA,NA,NA,NA,NA,NA,NA,NA,NA,NA
"Set_5dose_adaptive_r_37","Set_5dose_adaptive_r_37_SC4",4,4,"base_example",4,1,"CRM","r_fixed",NA,NA,"r_fixed",NA,0.3,0,0.0179,28,30,2,1,1,3,100,3,1,1,0,1,0.05,0.05,0.1116,0,NA,NA,0,3.6695,3.6695,0,29.96,20.7625,0.15,1136.0515,2000,2000,"0.15,0.2,0.3,0.35,0.45",0,1.4142,0.15,0.85,NA,NA,NA,NA,NA,NA,NA,NA,NA,NA,NA,NA,NA,NA,NA,NA,NA,NA,NA,NA,NA,NA,NA,NA
"Set_5dose_adaptive_r_37","Set_5dose_adaptive_r_37_SC4",4,4,"base_example",4,1,"CRM","r_fixed",NA,NA,"r_fixed",NA,0.3,0,0.0179,28,30,2,1,1,3,100,3,1,1,0,2,0.1,0.115,0.1518,NA,NA,NA,2.55,4.7895,4.7895,3.112,29.96,20.7625,0.15,1136.0515,2000,2000,"0.15,0.2,0.3,0.35,0.45",0,1.4142,0.15,0.85,NA,NA,NA,NA,NA,NA,NA,NA,NA,NA,NA,NA,NA,NA,NA,NA,NA,NA,NA,NA,NA,NA,NA,NA
"Set_5dose_adaptive_r_37","Set_5dose_adaptive_r_37_SC4",4,4,"base_example",4,1,"CRM","r_fixed",NA,NA,"r_fixed",NA,0.3,0,0.0179,28,30,2,1,1,3,100,3,1,1,0,3,0.18,0.21,0.2374,NA,NA,NA,23.5,6.6135,6.6135,1.567,29.96,20.7625,0.15,1136.0515,2000,2000,"0.15,0.2,0.3,0.35,0.45",0,1.4142,0.15,0.85,NA,NA,NA,NA,NA,NA,NA,NA,NA,NA,NA,NA,NA,NA,NA,NA,NA,NA,NA,NA,NA,NA,NA,NA
"Set_5dose_adaptive_r_37","Set_5dose_adaptive_r_37_SC4",4,4,"base_example",4,1,"CRM","r_fixed",NA,NA,"r_fixed",NA,0.3,0,0.0179,28,30,2,1,1,3,100,3,1,1,0,4,0.3,0.354,0.2826,NA,NA,NA,43.65,7.971,7.971,2.901,29.96,20.7625,0.15,1136.0515,2000,2000,"0.15,0.2,0.3,0.35,0.45",0,1.4142,0.15,0.85,NA,NA,NA,NA,NA,NA,NA,NA,NA,NA,NA,NA,NA,NA,NA,NA,NA,NA,NA,NA,NA,NA,NA,NA
"Set_5dose_adaptive_r_37","Set_5dose_adaptive_r_37_SC4",4,4,"base_example",4,1,"CRM","r_fixed",NA,NA,"r_fixed",NA,0.3,0,0.0179,28,30,2,1,1,3,100,3,1,1,0,5,0.4,0.49,0.3775,NA,NA,NA,30.15,6.9165,6.9165,1.6175,29.96,20.7625,0.15,1136.0515,2000,2000,"0.15,0.2,0.3,0.35,0.45",0,1.4142,0.15,0.85,NA,NA,NA,NA,NA,NA,NA,NA,NA,NA,NA,NA,NA,NA,NA,NA,NA,NA,NA,NA,NA,NA,NA,NA
"Set_5dose_adaptive_r_37","Set_5dose_adaptive_r_37_SC4",4,4,"base_example",4,1,"CRM","random",NA,NA,"random",NA,0.3,0,0.0179,28,30,2,1,1,3,100,3,1,1,0,1,0.05,0.05,0.1074,0.0393,NA,NA,0,3.6105,3.6105,0,29.9175,20.945,0.3,1145.6152,2000,2000,"0.15,0.2,0.3,0.35,0.45",0,1.4142,0.15,0.85,NA,NA,NA,NA,NA,NA,NA,NA,NA,NA,NA,NA,NA,NA,NA,NA,NA,NA,NA,NA,NA,NA,NA,NA
"Set_5dose_adaptive_r_37","Set_5dose_adaptive_r_37_SC4",4,4,"base_example",4,1,"CRM","random",NA,NA,"random",NA,0.3,0,0.0179,28,30,2,1,1,3,100,3,1,1,0,2,0.1,0.115,0.1466,NA,NA,NA,2.25,4.3185,4.3185,3.0245,29.9175,20.945,0.3,1145.6152,2000,2000,"0.15,0.2,0.3,0.35,0.45",0,1.4142,0.15,0.85,NA,NA,NA,NA,NA,NA,NA,NA,NA,NA,NA,NA,NA,NA,NA,NA,NA,NA,NA,NA,NA,NA,NA,NA
"Set_5dose_adaptive_r_37","Set_5dose_adaptive_r_37_SC4",4,4,"base_example",4,1,"CRM","random",NA,NA,"random",NA,0.3,0,0.0179,28,30,2,1,1,3,100,3,1,1,0,3,0.18,0.21,0.2305,NA,NA,NA,19.9,6.2925,6.2925,1.3125,29.9175,20.945,0.3,1145.6152,2000,2000,"0.15,0.2,0.3,0.35,0.45",0,1.4142,0.15,0.85,NA,NA,NA,NA,NA,NA,NA,NA,NA,NA,NA,NA,NA,NA,NA,NA,NA,NA,NA,NA,NA,NA,NA,NA
"Set_5dose_adaptive_r_37","Set_5dose_adaptive_r_37_SC4",4,4,"base_example",4,1,"CRM","random",NA,NA,"random",NA,0.3,0,0.0179,28,30,2,1,1,3,100,3,1,1,0,4,0.3,0.354,0.2751,NA,NA,NA,42.85,7.6665,7.6665,2.975,29.9175,20.945,0.3,1145.6152,2000,2000,"0.15,0.2,0.3,0.35,0.45",0,1.4142,0.15,0.85,NA,NA,NA,NA,NA,NA,NA,NA,NA,NA,NA,NA,NA,NA,NA,NA,NA,NA,NA,NA,NA,NA,NA,NA
"Set_5dose_adaptive_r_37","Set_5dose_adaptive_r_37_SC4",4,4,"base_example",4,1,"CRM","random",NA,NA,"random",NA,0.3,0,0.0179,28,30,2,1,1,3,100,3,1,1,0,5,0.4,0.49,0.3693,NA,NA,NA,34.7,8.0295,8.0295,1.6605,29.9175,20.945,0.3,1145.6152,2000,2000,"0.15,0.2,0.3,0.35,0.45",0,1.4142,0.15,0.85,NA,NA,NA,NA,NA,NA,NA,NA,NA,NA,NA,NA,NA,NA,NA,NA,NA,NA,NA,NA,NA,NA,NA,NA
"Set_5dose_adaptive_r_37","Set_5dose_adaptive_r_37_SC4",4,4,"base_example",4,1,"CRM","r_fixed",NA,NA,"r_fixed",NA,0.6,0,0.0179,28,30,2,1,1,3,100,3,1,1,0,1,0.05,0.05,0.1189,0,NA,NA,0.05,3.7075,3.7075,0,29.9305,20.481,0.25,1119.9463,2000,2000,"0.15,0.2,0.3,0.35,0.45",0,1.4142,0.15,0.85,NA,NA,NA,NA,NA,NA,NA,NA,NA,NA,NA,NA,NA,NA,NA,NA,NA,NA,NA,NA,NA,NA,NA,NA
"Set_5dose_adaptive_r_37","Set_5dose_adaptive_r_37_SC4",4,4,"base_example",4,1,"CRM","r_fixed",NA,NA,"r_fixed",NA,0.6,0,0.0179,28,30,2,1,1,3,100,3,1,1,0,2,0.1,0.13,0.1604,NA,NA,NA,3.6,5.064,5.064,3.1525,29.9305,20.481,0.25,1119.9463,2000,2000,"0.15,0.2,0.3,0.35,0.45",0,1.4142,0.15,0.85,NA,NA,NA,NA,NA,NA,NA,NA,NA,NA,NA,NA,NA,NA,NA,NA,NA,NA,NA,NA,NA,NA,NA,NA
"Set_5dose_adaptive_r_37","Set_5dose_adaptive_r_37_SC4",4,4,"base_example",4,1,"CRM","r_fixed",NA,NA,"r_fixed",NA,0.6,0,0.0179,28,30,2,1,1,3,100,3,1,1,0,3,0.18,0.24,0.2479,NA,NA,NA,28.25,7.1325,7.1325,1.7275,29.9305,20.481,0.25,1119.9463,2000,2000,"0.15,0.2,0.3,0.35,0.45",0,1.4142,0.15,0.85,NA,NA,NA,NA,NA,NA,NA,NA,NA,NA,NA,NA,NA,NA,NA,NA,NA,NA,NA,NA,NA,NA,NA,NA
"Set_5dose_adaptive_r_37","Set_5dose_adaptive_r_37_SC4",4,4,"base_example",4,1,"CRM","r_fixed",NA,NA,"r_fixed",NA,0.6,0,0.0179,28,30,2,1,1,3,100,3,1,1,0,4,0.3,0.408,0.2937,NA,NA,NA,45.3,8.1045,8.1045,3.0325,29.9305,20.481,0.25,1119.9463,2000,2000,"0.15,0.2,0.3,0.35,0.45",0,1.4142,0.15,0.85,NA,NA,NA,NA,NA,NA,NA,NA,NA,NA,NA,NA,NA,NA,NA,NA,NA,NA,NA,NA,NA,NA,NA,NA
"Set_5dose_adaptive_r_37","Set_5dose_adaptive_r_37_SC4",4,4,"base_example",4,1,"CRM","r_fixed",NA,NA,"r_fixed",NA,0.6,0,0.0179,28,30,2,1,1,3,100,3,1,1,0,5,0.4,0.58,0.3892,NA,NA,NA,22.55,5.922,5.922,1.537,29.9305,20.481,0.25,1119.9463,2000,2000,"0.15,0.2,0.3,0.35,0.45",0,1.4142,0.15,0.85,NA,NA,NA,NA,NA,NA,NA,NA,NA,NA,NA,NA,NA,NA,NA,NA,NA,NA,NA,NA,NA,NA,NA,NA
"Set_5dose_adaptive_r_37","Set_5dose_adaptive_r_37_SC4",4,4,"base_example",4,1,"CRM","random",NA,NA,"random",NA,0.6,0,0.0179,28,30,2,1,1,3,100,3,1,1,0,1,0.05,0.05,0.1134,0.0517,NA,NA,0,3.642,3.642,0,29.9595,20.6815,0.15,1130.4421,2000,2000,"0.15,0.2,0.3,0.35,0.45",0,1.4142,0.15,0.85,NA,NA,NA,NA,NA,NA,NA,NA,NA,NA,NA,NA,NA,NA,NA,NA,NA,NA,NA,NA,NA,NA,NA,NA
"Set_5dose_adaptive_r_37","Set_5dose_adaptive_r_37_SC4",4,4,"base_example",4,1,"CRM","random",NA,NA,"random",NA,0.6,0,0.0179,28,30,2,1,1,3,100,3,1,1,0,2,0.1,0.13,0.1536,NA,NA,NA,2.65,4.515,4.515,3.0435,29.9595,20.6815,0.15,1130.4421,2000,2000,"0.15,0.2,0.3,0.35,0.45",0,1.4142,0.15,0.85,NA,NA,NA,NA,NA,NA,NA,NA,NA,NA,NA,NA,NA,NA,NA,NA,NA,NA,NA,NA,NA,NA,NA,NA
"Set_5dose_adaptive_r_37","Set_5dose_adaptive_r_37_SC4",4,4,"base_example",4,1,"CRM","random",NA,NA,"random",NA,0.6,0,0.0179,28,30,2,1,1,3,100,3,1,1,0,3,0.18,0.24,0.2389,NA,NA,NA,26,6.7065,6.7065,1.42,29.9595,20.6815,0.15,1130.4421,2000,2000,"0.15,0.2,0.3,0.35,0.45",0,1.4142,0.15,0.85,NA,NA,NA,NA,NA,NA,NA,NA,NA,NA,NA,NA,NA,NA,NA,NA,NA,NA,NA,NA,NA,NA,NA,NA
"Set_5dose_adaptive_r_37","Set_5dose_adaptive_r_37_SC4",4,4,"base_example",4,1,"CRM","random",NA,NA,"random",NA,0.6,0,0.0179,28,30,2,1,1,3,100,3,1,1,0,4,0.3,0.408,0.2839,NA,NA,NA,43.2,8.0025,8.0025,3.1235,29.9595,20.6815,0.15,1130.4421,2000,2000,"0.15,0.2,0.3,0.35,0.45",0,1.4142,0.15,0.85,NA,NA,NA,NA,NA,NA,NA,NA,NA,NA,NA,NA,NA,NA,NA,NA,NA,NA,NA,NA,NA,NA,NA,NA
"Set_5dose_adaptive_r_37","Set_5dose_adaptive_r_37_SC4",4,4,"base_example",4,1,"CRM","random",NA,NA,"random",NA,0.6,0,0.0179,28,30,2,1,1,3,100,3,1,1,0,5,0.4,0.58,0.3783,NA,NA,NA,28,7.0935,7.0935,1.691,29.9595,20.6815,0.15,1130.4421,2000,2000,"0.15,0.2,0.3,0.35,0.45",0,1.4142,0.15,0.85,NA,NA,NA,NA,NA,NA,NA,NA,NA,NA,NA,NA,NA,NA,NA,NA,NA,NA,NA,NA,NA,NA,NA,NA
"Set_5dose_adaptive_r_37","Set_5dose_adaptive_r_37_SC4",4,4,"base_example",4,1,"CRM","r_fixed",NA,NA,"r_fixed",NA,0.9,0,0.0179,28,30,2,1,1,3,100,3,1,1,0,1,0.05,0.05,0.1264,0,NA,NA,0.05,3.7695,3.7695,0,29.946,20.314,0.2,1109.7661,2000,2000,"0.15,0.2,0.3,0.35,0.45",0,1.4142,0.15,0.85,NA,NA,NA,NA,NA,NA,NA,NA,NA,NA,NA,NA,NA,NA,NA,NA,NA,NA,NA,NA,NA,NA,NA,NA
"Set_5dose_adaptive_r_37","Set_5dose_adaptive_r_37_SC4",4,4,"base_example",4,1,"CRM","r_fixed",NA,NA,"r_fixed",NA,0.9,0,0.0179,28,30,2,1,1,3,100,3,1,1,0,2,0.1,0.145,0.1693,NA,NA,NA,4.5,5.2995,5.2995,3.2155,29.946,20.314,0.2,1109.7661,2000,2000,"0.15,0.2,0.3,0.35,0.45",0,1.4142,0.15,0.85,NA,NA,NA,NA,NA,NA,NA,NA,NA,NA,NA,NA,NA,NA,NA,NA,NA,NA,NA,NA,NA,NA,NA,NA
"Set_5dose_adaptive_r_37","Set_5dose_adaptive_r_37_SC4",4,4,"base_example",4,1,"CRM","r_fixed",NA,NA,"r_fixed",NA,0.9,0,0.0179,28,30,2,1,1,3,100,3,1,1,0,3,0.18,0.27,0.2586,NA,NA,NA,35.9,7.7385,7.7385,1.8295,29.946,20.314,0.2,1109.7661,2000,2000,"0.15,0.2,0.3,0.35,0.45",0,1.4142,0.15,0.85,NA,NA,NA,NA,NA,NA,NA,NA,NA,NA,NA,NA,NA,NA,NA,NA,NA,NA,NA,NA,NA,NA,NA,NA
"Set_5dose_adaptive_r_37","Set_5dose_adaptive_r_37_SC4",4,4,"base_example",4,1,"CRM","r_fixed",NA,NA,"r_fixed",NA,0.9,0,0.0179,28,30,2,1,1,3,100,3,1,1,0,4,0.3,0.462,0.3049,NA,NA,NA,42.15,8.1375,8.1375,3.147,29.946,20.314,0.2,1109.7661,2000,2000,"0.15,0.2,0.3,0.35,0.45",0,1.4142,0.15,0.85,NA,NA,NA,NA,NA,NA,NA,NA,NA,NA,NA,NA,NA,NA,NA,NA,NA,NA,NA,NA,NA,NA,NA,NA
"Set_5dose_adaptive_r_37","Set_5dose_adaptive_r_37_SC4",4,4,"base_example",4,1,"CRM","r_fixed",NA,NA,"r_fixed",NA,0.9,0,0.0179,28,30,2,1,1,3,100,3,1,1,0,5,0.4,0.67,0.4009,NA,NA,NA,17.2,5.001,5.001,1.44,29.946,20.314,0.2,1109.7661,2000,2000,"0.15,0.2,0.3,0.35,0.45",0,1.4142,0.15,0.85,NA,NA,NA,NA,NA,NA,NA,NA,NA,NA,NA,NA,NA,NA,NA,NA,NA,NA,NA,NA,NA,NA,NA,NA
"Set_5dose_adaptive_r_37","Set_5dose_adaptive_r_37_SC4",4,4,"base_example",4,1,"CRM","random",NA,NA,"random",NA,0.9,0,0.0179,28,30,2,1,1,3,100,3,1,1,0,1,0.05,0.05,0.119,0.0592,NA,NA,0.1,3.6705,3.6705,0,29.946,20.547,0.2,1122.4771,2000,2000,"0.15,0.2,0.3,0.35,0.45",0,1.4142,0.15,0.85,NA,NA,NA,NA,NA,NA,NA,NA,NA,NA,NA,NA,NA,NA,NA,NA,NA,NA,NA,NA,NA,NA,NA,NA
"Set_5dose_adaptive_r_37","Set_5dose_adaptive_r_37_SC4",4,4,"base_example",4,1,"CRM","random",NA,NA,"random",NA,0.9,0,0.0179,28,30,2,1,1,3,100,3,1,1,0,2,0.1,0.145,0.1601,NA,NA,NA,3.1,4.659,4.659,3.0775,29.946,20.547,0.2,1122.4771,2000,2000,"0.15,0.2,0.3,0.35,0.45",0,1.4142,0.15,0.85,NA,NA,NA,NA,NA,NA,NA,NA,NA,NA,NA,NA,NA,NA,NA,NA,NA,NA,NA,NA,NA,NA,NA,NA
"Set_5dose_adaptive_r_37","Set_5dose_adaptive_r_37_SC4",4,4,"base_example",4,1,"CRM","random",NA,NA,"random",NA,0.9,0,0.0179,28,30,2,1,1,3,100,3,1,1,0,3,0.18,0.27,0.2467,NA,NA,NA,29.45,7.0485,7.0485,1.472,29.946,20.547,0.2,1122.4771,2000,2000,"0.15,0.2,0.3,0.35,0.45",0,1.4142,0.15,0.85,NA,NA,NA,NA,NA,NA,NA,NA,NA,NA,NA,NA,NA,NA,NA,NA,NA,NA,NA,NA,NA,NA,NA,NA
"Set_5dose_adaptive_r_37","Set_5dose_adaptive_r_37_SC4",4,4,"base_example",4,1,"CRM","random",NA,NA,"random",NA,0.9,0,0.0179,28,30,2,1,1,3,100,3,1,1,0,4,0.3,0.462,0.2921,NA,NA,NA,43.75,8.193,8.193,3.231,29.946,20.547,0.2,1122.4771,2000,2000,"0.15,0.2,0.3,0.35,0.45",0,1.4142,0.15,0.85,NA,NA,NA,NA,NA,NA,NA,NA,NA,NA,NA,NA,NA,NA,NA,NA,NA,NA,NA,NA,NA,NA,NA,NA
"Set_5dose_adaptive_r_37","Set_5dose_adaptive_r_37_SC4",4,4,"base_example",4,1,"CRM","random",NA,NA,"random",NA,0.9,0,0.0179,28,30,2,1,1,3,100,3,1,1,0,5,0.4,0.67,0.3868,NA,NA,NA,23.4,6.375,6.375,1.6185,29.946,20.547,0.2,1122.4771,2000,2000,"0.15,0.2,0.3,0.35,0.45",0,1.4142,0.15,0.85,NA,NA,NA,NA,NA,NA,NA,NA,NA,NA,NA,NA,NA,NA,NA,NA,NA,NA,NA,NA,NA,NA,NA,NA
"Set_5dose_adaptive_r_37","Set_5dose_adaptive_r_37_SC5",5,5,"base_example",5,1,"CRM","r_fixed",NA,NA,"r_fixed",NA,0,0,0.0179,28,30,2,1,1,3,100,3,1,1,0,1,0.07,0.07,0.0822,0,NA,NA,0.15,3.9695,3.9695,0,29.8925,21.0485,0.4,1155.3295,2000,2000,"0.15,0.2,0.3,0.35,0.45",0,1.4142,0.15,0.85,NA,NA,NA,NA,NA,NA,NA,NA,NA,NA,NA,NA,NA,NA,NA,NA,NA,NA,NA,NA,NA,NA,NA,NA
"Set_5dose_adaptive_r_37","Set_5dose_adaptive_r_37_SC5",5,5,"base_example",5,1,"CRM","r_fixed",NA,NA,"r_fixed",NA,0,0,0.0179,28,30,2,1,1,3,100,3,1,1,0,2,0.12,0.12,0.1154,NA,NA,NA,2.4,4.896,4.896,3.323,29.8925,21.0485,0.4,1155.3295,2000,2000,"0.15,0.2,0.3,0.35,0.45",0,1.4142,0.15,0.85,NA,NA,NA,NA,NA,NA,NA,NA,NA,NA,NA,NA,NA,NA,NA,NA,NA,NA,NA,NA,NA,NA,NA,NA
"Set_5dose_adaptive_r_37","Set_5dose_adaptive_r_37_SC5",5,5,"base_example",5,1,"CRM","r_fixed",NA,NA,"r_fixed",NA,0,0,0.0179,28,30,2,1,1,3,100,3,1,1,0,3,0.17,0.17,0.1901,NA,NA,NA,10.4,5.094,5.094,1.4555,29.8925,21.0485,0.4,1155.3295,2000,2000,"0.15,0.2,0.3,0.35,0.45",0,1.4142,0.15,0.85,NA,NA,NA,NA,NA,NA,NA,NA,NA,NA,NA,NA,NA,NA,NA,NA,NA,NA,NA,NA,NA,NA,NA,NA
"Set_5dose_adaptive_r_37","Set_5dose_adaptive_r_37_SC5",5,5,"base_example",5,1,"CRM","r_fixed",NA,NA,"r_fixed",NA,0,0,0.0179,28,30,2,1,1,3,100,3,1,1,0,4,0.22,0.22,0.2314,NA,NA,NA,27.05,6.12,6.12,2.414,29.8925,21.0485,0.4,1155.3295,2000,2000,"0.15,0.2,0.3,0.35,0.45",0,1.4142,0.15,0.85,NA,NA,NA,NA,NA,NA,NA,NA,NA,NA,NA,NA,NA,NA,NA,NA,NA,NA,NA,NA,NA,NA,NA,NA
"Set_5dose_adaptive_r_37","Set_5dose_adaptive_r_37_SC5",5,5,"base_example",5,1,"CRM","r_fixed",NA,NA,"r_fixed",NA,0,0,0.0179,28,30,2,1,1,3,100,3,1,1,0,5,0.3,0.3,0.3216,NA,NA,NA,59.6,9.813,9.813,1.6515,29.8925,21.0485,0.4,1155.3295,2000,2000,"0.15,0.2,0.3,0.35,0.45",0,1.4142,0.15,0.85,NA,NA,NA,NA,NA,NA,NA,NA,NA,NA,NA,NA,NA,NA,NA,NA,NA,NA,NA,NA,NA,NA,NA,NA
"Set_5dose_adaptive_r_37","Set_5dose_adaptive_r_37_SC5",5,5,"base_example",5,1,"CRM","random",NA,NA,"random",NA,0,0,0.0179,28,30,2,1,1,3,100,3,1,1,0,1,0.07,0.07,0.0783,0.0315,NA,NA,0.05,3.906,3.906,0,29.892,21.3365,0.4,1171.2062,2000,2000,"0.15,0.2,0.3,0.35,0.45",0,1.4142,0.15,0.85,NA,NA,NA,NA,NA,NA,NA,NA,NA,NA,NA,NA,NA,NA,NA,NA,NA,NA,NA,NA,NA,NA,NA,NA
"Set_5dose_adaptive_r_37","Set_5dose_adaptive_r_37_SC5",5,5,"base_example",5,1,"CRM","random",NA,NA,"random",NA,0,0,0.0179,28,30,2,1,1,3,100,3,1,1,0,2,0.12,0.12,0.1105,NA,NA,NA,2,4.5075,4.5075,3.24,29.892,21.3365,0.4,1171.2062,2000,2000,"0.15,0.2,0.3,0.35,0.45",0,1.4142,0.15,0.85,NA,NA,NA,NA,NA,NA,NA,NA,NA,NA,NA,NA,NA,NA,NA,NA,NA,NA,NA,NA,NA,NA,NA,NA
"Set_5dose_adaptive_r_37","Set_5dose_adaptive_r_37_SC5",5,5,"base_example",5,1,"CRM","random",NA,NA,"random",NA,0,0,0.0179,28,30,2,1,1,3,100,3,1,1,0,3,0.17,0.17,0.1833,NA,NA,NA,8.65,4.857,4.857,1.234,29.892,21.3365,0.4,1171.2062,2000,2000,"0.15,0.2,0.3,0.35,0.45",0,1.4142,0.15,0.85,NA,NA,NA,NA,NA,NA,NA,NA,NA,NA,NA,NA,NA,NA,NA,NA,NA,NA,NA,NA,NA,NA,NA,NA
"Set_5dose_adaptive_r_37","Set_5dose_adaptive_r_37_SC5",5,5,"base_example",5,1,"CRM","random",NA,NA,"random",NA,0,0,0.0179,28,30,2,1,1,3,100,3,1,1,0,4,0.22,0.22,0.2239,NA,NA,NA,25.95,5.8935,5.8935,2.426,29.892,21.3365,0.4,1171.2062,2000,2000,"0.15,0.2,0.3,0.35,0.45",0,1.4142,0.15,0.85,NA,NA,NA,NA,NA,NA,NA,NA,NA,NA,NA,NA,NA,NA,NA,NA,NA,NA,NA,NA,NA,NA,NA,NA
"Set_5dose_adaptive_r_37","Set_5dose_adaptive_r_37_SC5",5,5,"base_example",5,1,"CRM","random",NA,NA,"random",NA,0,0,0.0179,28,30,2,1,1,3,100,3,1,1,0,5,0.3,0.3,0.313,NA,NA,NA,62.95,10.728,10.728,1.6555,29.892,21.3365,0.4,1171.2062,2000,2000,"0.15,0.2,0.3,0.35,0.45",0,1.4142,0.15,0.85,NA,NA,NA,NA,NA,NA,NA,NA,NA,NA,NA,NA,NA,NA,NA,NA,NA,NA,NA,NA,NA,NA,NA,NA
"Set_5dose_adaptive_r_37","Set_5dose_adaptive_r_37_SC5",5,5,"base_example",5,1,"CRM","r_fixed",NA,NA,"r_fixed",NA,0.3,0,0.0179,28,30,2,1,1,3,100,3,1,1,0,1,0.07,0.07,0.0904,0,NA,NA,0.05,4.074,4.074,0,29.9175,20.7225,0.3,1135.5015,2000,2000,"0.15,0.2,0.3,0.35,0.45",0,1.4142,0.15,0.85,NA,NA,NA,NA,NA,NA,NA,NA,NA,NA,NA,NA,NA,NA,NA,NA,NA,NA,NA,NA,NA,NA,NA,NA
"Set_5dose_adaptive_r_37","Set_5dose_adaptive_r_37_SC5",5,5,"base_example",5,1,"CRM","r_fixed",NA,NA,"r_fixed",NA,0.3,0,0.0179,28,30,2,1,1,3,100,3,1,1,0,2,0.12,0.141,0.1254,NA,NA,NA,3.65,5.205,5.205,3.418,29.9175,20.7225,0.3,1135.5015,2000,2000,"0.15,0.2,0.3,0.35,0.45",0,1.4142,0.15,0.85,NA,NA,NA,NA,NA,NA,NA,NA,NA,NA,NA,NA,NA,NA,NA,NA,NA,NA,NA,NA,NA,NA,NA,NA
"Set_5dose_adaptive_r_37","Set_5dose_adaptive_r_37_SC5",5,5,"base_example",5,1,"CRM","r_fixed",NA,NA,"r_fixed",NA,0.3,0,0.0179,28,30,2,1,1,3,100,3,1,1,0,3,0.17,0.206,0.2028,NA,NA,NA,13.75,5.4915,5.4915,1.5755,29.9175,20.7225,0.3,1135.5015,2000,2000,"0.15,0.2,0.3,0.35,0.45",0,1.4142,0.15,0.85,NA,NA,NA,NA,NA,NA,NA,NA,NA,NA,NA,NA,NA,NA,NA,NA,NA,NA,NA,NA,NA,NA,NA,NA
"Set_5dose_adaptive_r_37","Set_5dose_adaptive_r_37_SC5",5,5,"base_example",5,1,"CRM","r_fixed",NA,NA,"r_fixed",NA,0.3,0,0.0179,28,30,2,1,1,3,100,3,1,1,0,4,0.22,0.271,0.245,NA,NA,NA,30.7,6.4305,6.4305,2.5175,29.9175,20.7225,0.3,1135.5015,2000,2000,"0.15,0.2,0.3,0.35,0.45",0,1.4142,0.15,0.85,NA,NA,NA,NA,NA,NA,NA,NA,NA,NA,NA,NA,NA,NA,NA,NA,NA,NA,NA,NA,NA,NA,NA,NA
"Set_5dose_adaptive_r_37","Set_5dose_adaptive_r_37_SC5",5,5,"base_example",5,1,"CRM","r_fixed",NA,NA,"r_fixed",NA,0.3,0,0.0179,28,30,2,1,1,3,100,3,1,1,0,5,0.3,0.366,0.3363,NA,NA,NA,51.55,8.7165,8.7165,1.684,29.9175,20.7225,0.3,1135.5015,2000,2000,"0.15,0.2,0.3,0.35,0.45",0,1.4142,0.15,0.85,NA,NA,NA,NA,NA,NA,NA,NA,NA,NA,NA,NA,NA,NA,NA,NA,NA,NA,NA,NA,NA,NA,NA,NA
"Set_5dose_adaptive_r_37","Set_5dose_adaptive_r_37_SC5",5,5,"base_example",5,1,"CRM","random",NA,NA,"random",NA,0.3,0,0.0179,28,30,2,1,1,3,100,3,1,1,0,1,0.07,0.07,0.0853,0.0376,NA,NA,0.05,4.0015,4.0015,0,29.9185,21.0215,0.3,1153.0162,2000,2000,"0.15,0.2,0.3,0.35,0.45",0,1.4142,0.15,0.85,NA,NA,NA,NA,NA,NA,NA,NA,NA,NA,NA,NA,NA,NA,NA,NA,NA,NA,NA,NA,NA,NA,NA,NA
"Set_5dose_adaptive_r_37","Set_5dose_adaptive_r_37_SC5",5,5,"base_example",5,1,"CRM","random",NA,NA,"random",NA,0.3,0,0.0179,28,30,2,1,1,3,100,3,1,1,0,2,0.12,0.141,0.119,NA,NA,NA,2.65,4.677,4.677,3.309,29.9185,21.0215,0.3,1153.0162,2000,2000,"0.15,0.2,0.3,0.35,0.45",0,1.4142,0.15,0.85,NA,NA,NA,NA,NA,NA,NA,NA,NA,NA,NA,NA,NA,NA,NA,NA,NA,NA,NA,NA,NA,NA,NA,NA
"Set_5dose_adaptive_r_37","Set_5dose_adaptive_r_37_SC5",5,5,"base_example",5,1,"CRM","random",NA,NA,"random",NA,0.3,0,0.0179,28,30,2,1,1,3,100,3,1,1,0,3,0.17,0.206,0.1942,NA,NA,NA,11.4,5.1915,5.1915,1.3065,29.9185,21.0215,0.3,1153.0162,2000,2000,"0.15,0.2,0.3,0.35,0.45",0,1.4142,0.15,0.85,NA,NA,NA,NA,NA,NA,NA,NA,NA,NA,NA,NA,NA,NA,NA,NA,NA,NA,NA,NA,NA,NA,NA,NA
"Set_5dose_adaptive_r_37","Set_5dose_adaptive_r_37_SC5",5,5,"base_example",5,1,"CRM","random",NA,NA,"random",NA,0.3,0,0.0179,28,30,2,1,1,3,100,3,1,1,0,4,0.22,0.271,0.2355,NA,NA,NA,28.95,6.129,6.129,2.5745,29.9185,21.0215,0.3,1153.0162,2000,2000,"0.15,0.2,0.3,0.35,0.45",0,1.4142,0.15,0.85,NA,NA,NA,NA,NA,NA,NA,NA,NA,NA,NA,NA,NA,NA,NA,NA,NA,NA,NA,NA,NA,NA,NA,NA
"Set_5dose_adaptive_r_37","Set_5dose_adaptive_r_37_SC5",5,5,"base_example",5,1,"CRM","random",NA,NA,"random",NA,0.3,0,0.0179,28,30,2,1,1,3,100,3,1,1,0,5,0.3,0.366,0.3255,NA,NA,NA,56.65,9.9195,9.9195,1.707,29.9185,21.0215,0.3,1153.0162,2000,2000,"0.15,0.2,0.3,0.35,0.45",0,1.4142,0.15,0.85,NA,NA,NA,NA,NA,NA,NA,NA,NA,NA,NA,NA,NA,NA,NA,NA,NA,NA,NA,NA,NA,NA,NA,NA
"Set_5dose_adaptive_r_37","Set_5dose_adaptive_r_37_SC5",5,5,"base_example",5,1,"CRM","r_fixed",NA,NA,"r_fixed",NA,0.6,0,0.0179,28,30,2,1,1,3,100,3,1,1,0,1,0.07,0.07,0.0982,0,NA,NA,0.15,4.173,4.173,0,29.919,20.588,0.3,1127.9298,2000,2000,"0.15,0.2,0.3,0.35,0.45",0,1.4142,0.15,0.85,NA,NA,NA,NA,NA,NA,NA,NA,NA,NA,NA,NA,NA,NA,NA,NA,NA,NA,NA,NA,NA,NA,NA,NA
"Set_5dose_adaptive_r_37","Set_5dose_adaptive_r_37_SC5",5,5,"base_example",5,1,"CRM","r_fixed",NA,NA,"r_fixed",NA,0.6,0,0.0179,28,30,2,1,1,3,100,3,1,1,0,2,0.12,0.162,0.1349,NA,NA,NA,4.5,5.4735,5.4735,3.5045,29.919,20.588,0.3,1127.9298,2000,2000,"0.15,0.2,0.3,0.35,0.45",0,1.4142,0.15,0.85,NA,NA,NA,NA,NA,NA,NA,NA,NA,NA,NA,NA,NA,NA,NA,NA,NA,NA,NA,NA,NA,NA,NA,NA
"Set_5dose_adaptive_r_37","Set_5dose_adaptive_r_37_SC5",5,5,"base_example",5,1,"CRM","r_fixed",NA,NA,"r_fixed",NA,0.6,0,0.0179,28,30,2,1,1,3,100,3,1,1,0,3,0.17,0.242,0.2148,NA,NA,NA,17.9,5.883,5.883,1.659,29.919,20.588,0.3,1127.9298,2000,2000,"0.15,0.2,0.3,0.35,0.45",0,1.4142,0.15,0.85,NA,NA,NA,NA,NA,NA,NA,NA,NA,NA,NA,NA,NA,NA,NA,NA,NA,NA,NA,NA,NA,NA,NA,NA
"Set_5dose_adaptive_r_37","Set_5dose_adaptive_r_37_SC5",5,5,"base_example",5,1,"CRM","r_fixed",NA,NA,"r_fixed",NA,0.6,0,0.0179,28,30,2,1,1,3,100,3,1,1,0,4,0.22,0.322,0.2579,NA,NA,NA,32.2,6.666,6.666,2.5945,29.919,20.588,0.3,1127.9298,2000,2000,"0.15,0.2,0.3,0.35,0.45",0,1.4142,0.15,0.85,NA,NA,NA,NA,NA,NA,NA,NA,NA,NA,NA,NA,NA,NA,NA,NA,NA,NA,NA,NA,NA,NA,NA,NA
"Set_5dose_adaptive_r_37","Set_5dose_adaptive_r_37_SC5",5,5,"base_example",5,1,"CRM","r_fixed",NA,NA,"r_fixed",NA,0.6,0,0.0179,28,30,2,1,1,3,100,3,1,1,0,5,0.3,0.432,0.3501,NA,NA,NA,44.95,7.7235,7.7235,1.573,29.919,20.588,0.3,1127.9298,2000,2000,"0.15,0.2,0.3,0.35,0.45",0,1.4142,0.15,0.85,NA,NA,NA,NA,NA,NA,NA,NA,NA,NA,NA,NA,NA,NA,NA,NA,NA,NA,NA,NA,NA,NA,NA,NA
"Set_5dose_adaptive_r_37","Set_5dose_adaptive_r_37_SC5",5,5,"base_example",5,1,"CRM","random",NA,NA,"random",NA,0.6,0,0.0179,28,30,2,1,1,3,100,3,1,1,0,1,0.07,0.07,0.0901,0.0484,NA,NA,0.15,4.001,4.001,0,29.8505,20.7895,0.55,1139.6584,2000,2000,"0.15,0.2,0.3,0.35,0.45",0,1.4142,0.15,0.85,NA,NA,NA,NA,NA,NA,NA,NA,NA,NA,NA,NA,NA,NA,NA,NA,NA,NA,NA,NA,NA,NA,NA,NA
"Set_5dose_adaptive_r_37","Set_5dose_adaptive_r_37_SC5",5,5,"base_example",5,1,"CRM","random",NA,NA,"random",NA,0.6,0,0.0179,28,30,2,1,1,3,100,3,1,1,0,2,0.12,0.162,0.1248,NA,NA,NA,2.9,4.8105,4.8105,3.3235,29.8505,20.7895,0.55,1139.6584,2000,2000,"0.15,0.2,0.3,0.35,0.45",0,1.4142,0.15,0.85,NA,NA,NA,NA,NA,NA,NA,NA,NA,NA,NA,NA,NA,NA,NA,NA,NA,NA,NA,NA,NA,NA,NA,NA
"Set_5dose_adaptive_r_37","Set_5dose_adaptive_r_37_SC5",5,5,"base_example",5,1,"CRM","random",NA,NA,"random",NA,0.6,0,0.0179,28,30,2,1,1,3,100,3,1,1,0,3,0.17,0.242,0.2015,NA,NA,NA,13.55,5.454,5.454,1.3585,29.8505,20.7895,0.55,1139.6584,2000,2000,"0.15,0.2,0.3,0.35,0.45",0,1.4142,0.15,0.85,NA,NA,NA,NA,NA,NA,NA,NA,NA,NA,NA,NA,NA,NA,NA,NA,NA,NA,NA,NA,NA,NA,NA,NA
"Set_5dose_adaptive_r_37","Set_5dose_adaptive_r_37_SC5",5,5,"base_example",5,1,"CRM","random",NA,NA,"random",NA,0.6,0,0.0179,28,30,2,1,1,3,100,3,1,1,0,4,0.22,0.322,0.2434,NA,NA,NA,30.85,6.456,6.456,2.703,29.8505,20.7895,0.55,1139.6584,2000,2000,"0.15,0.2,0.3,0.35,0.45",0,1.4142,0.15,0.85,NA,NA,NA,NA,NA,NA,NA,NA,NA,NA,NA,NA,NA,NA,NA,NA,NA,NA,NA,NA,NA,NA,NA,NA
"Set_5dose_adaptive_r_37","Set_5dose_adaptive_r_37_SC5",5,5,"base_example",5,1,"CRM","random",NA,NA,"random",NA,0.6,0,0.0179,28,30,2,1,1,3,100,3,1,1,0,5,0.3,0.432,0.334,NA,NA,NA,52,9.129,9.129,1.676,29.8505,20.7895,0.55,1139.6584,2000,2000,"0.15,0.2,0.3,0.35,0.45",0,1.4142,0.15,0.85,NA,NA,NA,NA,NA,NA,NA,NA,NA,NA,NA,NA,NA,NA,NA,NA,NA,NA,NA,NA,NA,NA,NA,NA
"Set_5dose_adaptive_r_37","Set_5dose_adaptive_r_37_SC5",5,5,"base_example",5,1,"CRM","r_fixed",NA,NA,"r_fixed",NA,0.9,0,0.0179,28,30,2,1,1,3,100,3,1,1,0,1,0.07,0.07,0.1068,0,NA,NA,0.2,4.237,4.237,0,29.89,20.3305,0.4,1112.5036,2000,2000,"0.15,0.2,0.3,0.35,0.45",0,1.4142,0.15,0.85,NA,NA,NA,NA,NA,NA,NA,NA,NA,NA,NA,NA,NA,NA,NA,NA,NA,NA,NA,NA,NA,NA,NA,NA
"Set_5dose_adaptive_r_37","Set_5dose_adaptive_r_37_SC5",5,5,"base_example",5,1,"CRM","r_fixed",NA,NA,"r_fixed",NA,0.9,0,0.0179,28,30,2,1,1,3,100,3,1,1,0,2,0.12,0.183,0.1453,NA,NA,NA,5.85,5.8035,5.8035,3.5735,29.89,20.3305,0.4,1112.5036,2000,2000,"0.15,0.2,0.3,0.35,0.45",0,1.4142,0.15,0.85,NA,NA,NA,NA,NA,NA,NA,NA,NA,NA,NA,NA,NA,NA,NA,NA,NA,NA,NA,NA,NA,NA,NA,NA
"Set_5dose_adaptive_r_37","Set_5dose_adaptive_r_37_SC5",5,5,"base_example",5,1,"CRM","r_fixed",NA,NA,"r_fixed",NA,0.9,0,0.0179,28,30,2,1,1,3,100,3,1,1,0,3,0.17,0.278,0.2277,NA,NA,NA,21.65,6.3795,6.3795,1.806,29.89,20.3305,0.4,1112.5036,2000,2000,"0.15,0.2,0.3,0.35,0.45",0,1.4142,0.15,0.85,NA,NA,NA,NA,NA,NA,NA,NA,NA,NA,NA,NA,NA,NA,NA,NA,NA,NA,NA,NA,NA,NA,NA,NA
"Set_5dose_adaptive_r_37","Set_5dose_adaptive_r_37_SC5",5,5,"base_example",5,1,"CRM","r_fixed",NA,NA,"r_fixed",NA,0.9,0,0.0179,28,30,2,1,1,3,100,3,1,1,0,4,0.22,0.373,0.2716,NA,NA,NA,35.3,6.7815,6.7815,2.683,29.89,20.3305,0.4,1112.5036,2000,2000,"0.15,0.2,0.3,0.35,0.45",0,1.4142,0.15,0.85,NA,NA,NA,NA,NA,NA,NA,NA,NA,NA,NA,NA,NA,NA,NA,NA,NA,NA,NA,NA,NA,NA,NA,NA
"Set_5dose_adaptive_r_37","Set_5dose_adaptive_r_37_SC5",5,5,"base_example",5,1,"CRM","r_fixed",NA,NA,"r_fixed",NA,0.9,0,0.0179,28,30,2,1,1,3,100,3,1,1,0,5,0.3,0.498,0.3646,NA,NA,NA,36.6,6.6885,6.6885,1.497,29.89,20.3305,0.4,1112.5036,2000,2000,"0.15,0.2,0.3,0.35,0.45",0,1.4142,0.15,0.85,NA,NA,NA,NA,NA,NA,NA,NA,NA,NA,NA,NA,NA,NA,NA,NA,NA,NA,NA,NA,NA,NA,NA,NA
"Set_5dose_adaptive_r_37","Set_5dose_adaptive_r_37_SC5",5,5,"base_example",5,1,"CRM","random",NA,NA,"random",NA,0.9,0,0.0179,28,30,2,1,1,3,100,3,1,1,0,1,0.07,0.07,0.0967,0.0573,NA,NA,0.1,4.069,4.069,0,29.8765,20.618,0.45,1128.874,2000,2000,"0.15,0.2,0.3,0.35,0.45",0,1.4142,0.15,0.85,NA,NA,NA,NA,NA,NA,NA,NA,NA,NA,NA,NA,NA,NA,NA,NA,NA,NA,NA,NA,NA,NA,NA,NA
"Set_5dose_adaptive_r_37","Set_5dose_adaptive_r_37_SC5",5,5,"base_example",5,1,"CRM","random",NA,NA,"random",NA,0.9,0,0.0179,28,30,2,1,1,3,100,3,1,1,0,2,0.12,0.183,0.1326,NA,NA,NA,4.2,5.0145,5.0145,3.365,29.8765,20.618,0.45,1128.874,2000,2000,"0.15,0.2,0.3,0.35,0.45",0,1.4142,0.15,0.85,NA,NA,NA,NA,NA,NA,NA,NA,NA,NA,NA,NA,NA,NA,NA,NA,NA,NA,NA,NA,NA,NA,NA,NA
"Set_5dose_adaptive_r_37","Set_5dose_adaptive_r_37_SC5",5,5,"base_example",5,1,"CRM","random",NA,NA,"random",NA,0.9,0,0.0179,28,30,2,1,1,3,100,3,1,1,0,3,0.17,0.278,0.2111,NA,NA,NA,16.2,5.751,5.751,1.4595,29.8765,20.618,0.45,1128.874,2000,2000,"0.15,0.2,0.3,0.35,0.45",0,1.4142,0.15,0.85,NA,NA,NA,NA,NA,NA,NA,NA,NA,NA,NA,NA,NA,NA,NA,NA,NA,NA,NA,NA,NA,NA,NA,NA
"Set_5dose_adaptive_r_37","Set_5dose_adaptive_r_37_SC5",5,5,"base_example",5,1,"CRM","random",NA,NA,"random",NA,0.9,0,0.0179,28,30,2,1,1,3,100,3,1,1,0,4,0.22,0.373,0.2535,NA,NA,NA,33.45,6.5985,6.5985,2.735,29.8765,20.618,0.45,1128.874,2000,2000,"0.15,0.2,0.3,0.35,0.45",0,1.4142,0.15,0.85,NA,NA,NA,NA,NA,NA,NA,NA,NA,NA,NA,NA,NA,NA,NA,NA,NA,NA,NA,NA,NA,NA,NA,NA
"Set_5dose_adaptive_r_37","Set_5dose_adaptive_r_37_SC5",5,5,"base_example",5,1,"CRM","random",NA,NA,"random",NA,0.9,0,0.0179,28,30,2,1,1,3,100,3,1,1,0,5,0.3,0.498,0.3446,NA,NA,NA,45.6,8.4435,8.4435,1.699,29.8765,20.618,0.45,1128.874,2000,2000,"0.15,0.2,0.3,0.35,0.45",0,1.4142,0.15,0.85,NA,NA,NA,NA,NA,NA,NA,NA,NA,NA,NA,NA,NA,NA,NA,NA,NA,NA,NA,NA,NA,NA,NA,NA
"Set_5dose_adaptive_r_37","Set_5dose_adaptive_r_37_SC6",6,1,"five_scenarios_txt",1,1,"CRM","r_fixed",NA,NA,"r_fixed",NA,0,0,0.0179,28,30,2,1,1,3,100,3,1,1,0,1,0.29,0.29,0.2623,0,NA,NA,38.85,13.2635,13.2635,0,25.898,20.1805,19.55,1098.6832,2000,2000,"0.15,0.2,0.3,0.35,0.45",0,1.4142,0.15,0.85,NA,NA,NA,NA,NA,NA,NA,NA,NA,NA,NA,NA,NA,NA,NA,NA,NA,NA,NA,NA,NA,NA,NA,NA
"Set_5dose_adaptive_r_37","Set_5dose_adaptive_r_37_SC6",6,1,"five_scenarios_txt",1,1,"CRM","r_fixed",NA,NA,"r_fixed",NA,0,0,0.0179,28,30,2,1,1,3,100,3,1,1,0,2,0.34,0.34,0.3173,NA,NA,NA,24.2,7.5465,7.5465,4.076,25.898,20.1805,19.55,1098.6832,2000,2000,"0.15,0.2,0.3,0.35,0.45",0,1.4142,0.15,0.85,NA,NA,NA,NA,NA,NA,NA,NA,NA,NA,NA,NA,NA,NA,NA,NA,NA,NA,NA,NA,NA,NA,NA,NA
"Set_5dose_adaptive_r_37","Set_5dose_adaptive_r_37_SC6",6,1,"five_scenarios_txt",1,1,"CRM","r_fixed",NA,NA,"r_fixed",NA,0,0,0.0179,28,30,2,1,1,3,100,3,1,1,0,3,0.38,0.38,0.4178,NA,NA,NA,12.3,3.135,3.135,0.8945,25.898,20.1805,19.55,1098.6832,2000,2000,"0.15,0.2,0.3,0.35,0.45",0,1.4142,0.15,0.85,NA,NA,NA,NA,NA,NA,NA,NA,NA,NA,NA,NA,NA,NA,NA,NA,NA,NA,NA,NA,NA,NA,NA,NA
"Set_5dose_adaptive_r_37","Set_5dose_adaptive_r_37_SC6",6,1,"five_scenarios_txt",1,1,"CRM","r_fixed",NA,NA,"r_fixed",NA,0,0,0.0179,28,30,2,1,1,3,100,3,1,1,0,4,0.43,0.43,0.465,NA,NA,NA,4.3,1.494,1.494,0.609,25.898,20.1805,19.55,1098.6832,2000,2000,"0.15,0.2,0.3,0.35,0.45",0,1.4142,0.15,0.85,NA,NA,NA,NA,NA,NA,NA,NA,NA,NA,NA,NA,NA,NA,NA,NA,NA,NA,NA,NA,NA,NA,NA,NA
"Set_5dose_adaptive_r_37","Set_5dose_adaptive_r_37_SC6",6,1,"five_scenarios_txt",1,1,"CRM","r_fixed",NA,NA,"r_fixed",NA,0,0,0.0179,28,30,2,1,1,3,100,3,1,1,0,5,0.52,0.52,0.555,NA,NA,NA,0.8,0.459,0.459,0.138,25.898,20.1805,19.55,1098.6832,2000,2000,"0.15,0.2,0.3,0.35,0.45",0,1.4142,0.15,0.85,NA,NA,NA,NA,NA,NA,NA,NA,NA,NA,NA,NA,NA,NA,NA,NA,NA,NA,NA,NA,NA,NA,NA,NA
"Set_5dose_adaptive_r_37","Set_5dose_adaptive_r_37_SC6",6,1,"five_scenarios_txt",1,1,"CRM","random",NA,NA,"random",NA,0,0,0.0179,28,30,2,1,1,3,100,3,1,1,0,1,0.29,0.29,0.2532,0.0573,NA,NA,34.6,12.6335,12.6335,0,25.835,19.9085,19.6,1083.6703,2000,2000,"0.15,0.2,0.3,0.35,0.45",0,1.4142,0.15,0.85,NA,NA,NA,NA,NA,NA,NA,NA,NA,NA,NA,NA,NA,NA,NA,NA,NA,NA,NA,NA,NA,NA,NA,NA
"Set_5dose_adaptive_r_37","Set_5dose_adaptive_r_37_SC6",6,1,"five_scenarios_txt",1,1,"CRM","random",NA,NA,"random",NA,0,0,0.0179,28,30,2,1,1,3,100,3,1,1,0,2,0.34,0.34,0.3074,NA,NA,NA,25.05,7.2255,7.2255,4.006,25.835,19.9085,19.6,1083.6703,2000,2000,"0.15,0.2,0.3,0.35,0.45",0,1.4142,0.15,0.85,NA,NA,NA,NA,NA,NA,NA,NA,NA,NA,NA,NA,NA,NA,NA,NA,NA,NA,NA,NA,NA,NA,NA,NA
"Set_5dose_adaptive_r_37","Set_5dose_adaptive_r_37_SC6",6,1,"five_scenarios_txt",1,1,"CRM","random",NA,NA,"random",NA,0,0,0.0179,28,30,2,1,1,3,100,3,1,1,0,3,0.38,0.38,0.4072,NA,NA,NA,13.8,3.501,3.501,0.9505,25.835,19.9085,19.6,1083.6703,2000,2000,"0.15,0.2,0.3,0.35,0.45",0,1.4142,0.15,0.85,NA,NA,NA,NA,NA,NA,NA,NA,NA,NA,NA,NA,NA,NA,NA,NA,NA,NA,NA,NA,NA,NA,NA,NA
"Set_5dose_adaptive_r_37","Set_5dose_adaptive_r_37_SC6",6,1,"five_scenarios_txt",1,1,"CRM","random",NA,NA,"random",NA,0,0,0.0179,28,30,2,1,1,3,100,3,1,1,0,4,0.43,0.43,0.4543,NA,NA,NA,5.5,1.794,1.794,0.773,25.835,19.9085,19.6,1083.6703,2000,2000,"0.15,0.2,0.3,0.35,0.45",0,1.4142,0.15,0.85,NA,NA,NA,NA,NA,NA,NA,NA,NA,NA,NA,NA,NA,NA,NA,NA,NA,NA,NA,NA,NA,NA,NA,NA
"Set_5dose_adaptive_r_37","Set_5dose_adaptive_r_37_SC6",6,1,"five_scenarios_txt",1,1,"CRM","random",NA,NA,"random",NA,0,0,0.0179,28,30,2,1,1,3,100,3,1,1,0,5,0.52,0.52,0.5447,NA,NA,NA,1.45,0.681,0.681,0.197,25.835,19.9085,19.6,1083.6703,2000,2000,"0.15,0.2,0.3,0.35,0.45",0,1.4142,0.15,0.85,NA,NA,NA,NA,NA,NA,NA,NA,NA,NA,NA,NA,NA,NA,NA,NA,NA,NA,NA,NA,NA,NA,NA,NA
"Set_5dose_adaptive_r_37","Set_5dose_adaptive_r_37_SC6",6,1,"five_scenarios_txt",1,1,"CRM","r_fixed",NA,NA,"r_fixed",NA,0.3,0,0.0179,28,30,2,1,1,3,100,3,1,1,0,1,0.29,0.29,0.2816,0,NA,NA,47.45,14.4075,14.4075,0,25.7275,20.159,20.65,1097.1725,2000,2000,"0.15,0.2,0.3,0.35,0.45",0,1.4142,0.15,0.85,NA,NA,NA,NA,NA,NA,NA,NA,NA,NA,NA,NA,NA,NA,NA,NA,NA,NA,NA,NA,NA,NA,NA,NA
"Set_5dose_adaptive_r_37","Set_5dose_adaptive_r_37_SC6",6,1,"five_scenarios_txt",1,1,"CRM","r_fixed",NA,NA,"r_fixed",NA,0.3,0,0.0179,28,30,2,1,1,3,100,3,1,1,0,2,0.34,0.427,0.3379,NA,NA,NA,21.05,7.612,7.612,4.202,25.7275,20.159,20.65,1097.1725,2000,2000,"0.15,0.2,0.3,0.35,0.45",0,1.4142,0.15,0.85,NA,NA,NA,NA,NA,NA,NA,NA,NA,NA,NA,NA,NA,NA,NA,NA,NA,NA,NA,NA,NA,NA,NA,NA
"Set_5dose_adaptive_r_37","Set_5dose_adaptive_r_37_SC6",6,1,"five_scenarios_txt",1,1,"CRM","r_fixed",NA,NA,"r_fixed",NA,0.3,0,0.0179,28,30,2,1,1,3,100,3,1,1,0,3,0.38,0.482,0.4391,NA,NA,NA,8.2,2.5095,2.5095,0.8305,25.7275,20.159,20.65,1097.1725,2000,2000,"0.15,0.2,0.3,0.35,0.45",0,1.4142,0.15,0.85,NA,NA,NA,NA,NA,NA,NA,NA,NA,NA,NA,NA,NA,NA,NA,NA,NA,NA,NA,NA,NA,NA,NA,NA
"Set_5dose_adaptive_r_37","Set_5dose_adaptive_r_37_SC6",6,1,"five_scenarios_txt",1,1,"CRM","r_fixed",NA,NA,"r_fixed",NA,0.3,0,0.0179,28,30,2,1,1,3,100,3,1,1,0,4,0.43,0.544,0.486,NA,NA,NA,2.45,1.0095,1.0095,0.463,25.7275,20.159,20.65,1097.1725,2000,2000,"0.15,0.2,0.3,0.35,0.45",0,1.4142,0.15,0.85,NA,NA,NA,NA,NA,NA,NA,NA,NA,NA,NA,NA,NA,NA,NA,NA,NA,NA,NA,NA,NA,NA,NA,NA
"Set_5dose_adaptive_r_37","Set_5dose_adaptive_r_37_SC6",6,1,"five_scenarios_txt",1,1,"CRM","r_fixed",NA,NA,"r_fixed",NA,0.3,0,0.0179,28,30,2,1,1,3,100,3,1,1,0,5,0.52,0.649,0.5748,NA,NA,NA,0.2,0.189,0.189,0.073,25.7275,20.159,20.65,1097.1725,2000,2000,"0.15,0.2,0.3,0.35,0.45",0,1.4142,0.15,0.85,NA,NA,NA,NA,NA,NA,NA,NA,NA,NA,NA,NA,NA,NA,NA,NA,NA,NA,NA,NA,NA,NA,NA,NA
"Set_5dose_adaptive_r_37","Set_5dose_adaptive_r_37_SC6",6,1,"five_scenarios_txt",1,1,"CRM","random",NA,NA,"random",NA,0.3,0,0.0179,28,30,2,1,1,3,100,3,1,1,0,1,0.29,0.29,0.2704,0.0763,NA,NA,42.9,13.551,13.551,0,25.89,20.0265,19.8,1089.9896,2000,2000,"0.15,0.2,0.3,0.35,0.45",0,1.4142,0.15,0.85,NA,NA,NA,NA,NA,NA,NA,NA,NA,NA,NA,NA,NA,NA,NA,NA,NA,NA,NA,NA,NA,NA,NA,NA
"Set_5dose_adaptive_r_37","Set_5dose_adaptive_r_37_SC6",6,1,"five_scenarios_txt",1,1,"CRM","random",NA,NA,"random",NA,0.3,0,0.0179,28,30,2,1,1,3,100,3,1,1,0,2,0.34,0.427,0.3258,NA,NA,NA,22.8,7.482,7.482,4.196,25.89,20.0265,19.8,1089.9896,2000,2000,"0.15,0.2,0.3,0.35,0.45",0,1.4142,0.15,0.85,NA,NA,NA,NA,NA,NA,NA,NA,NA,NA,NA,NA,NA,NA,NA,NA,NA,NA,NA,NA,NA,NA,NA,NA
"Set_5dose_adaptive_r_37","Set_5dose_adaptive_r_37_SC6",6,1,"five_scenarios_txt",1,1,"CRM","random",NA,NA,"random",NA,0.3,0,0.0179,28,30,2,1,1,3,100,3,1,1,0,3,0.38,0.482,0.4262,NA,NA,NA,10.45,3.0765,3.0765,0.9075,25.89,20.0265,19.8,1089.9896,2000,2000,"0.15,0.2,0.3,0.35,0.45",0,1.4142,0.15,0.85,NA,NA,NA,NA,NA,NA,NA,NA,NA,NA,NA,NA,NA,NA,NA,NA,NA,NA,NA,NA,NA,NA,NA,NA
"Set_5dose_adaptive_r_37","Set_5dose_adaptive_r_37_SC6",6,1,"five_scenarios_txt",1,1,"CRM","random",NA,NA,"random",NA,0.3,0,0.0179,28,30,2,1,1,3,100,3,1,1,0,4,0.43,0.544,0.4731,NA,NA,NA,3.45,1.362,1.362,0.627,25.89,20.0265,19.8,1089.9896,2000,2000,"0.15,0.2,0.3,0.35,0.45",0,1.4142,0.15,0.85,NA,NA,NA,NA,NA,NA,NA,NA,NA,NA,NA,NA,NA,NA,NA,NA,NA,NA,NA,NA,NA,NA,NA,NA
"Set_5dose_adaptive_r_37","Set_5dose_adaptive_r_37_SC6",6,1,"five_scenarios_txt",1,1,"CRM","random",NA,NA,"random",NA,0.3,0,0.0179,28,30,2,1,1,3,100,3,1,1,0,5,0.52,0.649,0.5624,NA,NA,NA,0.6,0.4185,0.4185,0.133,25.89,20.0265,19.8,1089.9896,2000,2000,"0.15,0.2,0.3,0.35,0.45",0,1.4142,0.15,0.85,NA,NA,NA,NA,NA,NA,NA,NA,NA,NA,NA,NA,NA,NA,NA,NA,NA,NA,NA,NA,NA,NA,NA,NA
"Set_5dose_adaptive_r_37","Set_5dose_adaptive_r_37_SC6",6,1,"five_scenarios_txt",1,1,"CRM","r_fixed",NA,NA,"r_fixed",NA,0.6,0,0.0179,28,30,2,1,1,3,100,3,1,1,0,1,0.29,0.29,0.298,0,NA,NA,53.55,15.4875,15.4875,0,25.4785,20.128,22.85,1096.5493,2000,2000,"0.15,0.2,0.3,0.35,0.45",0,1.4142,0.15,0.85,NA,NA,NA,NA,NA,NA,NA,NA,NA,NA,NA,NA,NA,NA,NA,NA,NA,NA,NA,NA,NA,NA,NA,NA
"Set_5dose_adaptive_r_37","Set_5dose_adaptive_r_37_SC6",6,1,"five_scenarios_txt",1,1,"CRM","r_fixed",NA,NA,"r_fixed",NA,0.6,0,0.0179,28,30,2,1,1,3,100,3,1,1,0,2,0.34,0.514,0.355,NA,NA,NA,17.6,7.432,7.432,4.366,25.4785,20.128,22.85,1096.5493,2000,2000,"0.15,0.2,0.3,0.35,0.45",0,1.4142,0.15,0.85,NA,NA,NA,NA,NA,NA,NA,NA,NA,NA,NA,NA,NA,NA,NA,NA,NA,NA,NA,NA,NA,NA,NA,NA
"Set_5dose_adaptive_r_37","Set_5dose_adaptive_r_37_SC6",6,1,"five_scenarios_txt",1,1,"CRM","r_fixed",NA,NA,"r_fixed",NA,0.6,0,0.0179,28,30,2,1,1,3,100,3,1,1,0,3,0.38,0.584,0.4565,NA,NA,NA,4.9,1.86,1.86,0.6615,25.4785,20.128,22.85,1096.5493,2000,2000,"0.15,0.2,0.3,0.35,0.45",0,1.4142,0.15,0.85,NA,NA,NA,NA,NA,NA,NA,NA,NA,NA,NA,NA,NA,NA,NA,NA,NA,NA,NA,NA,NA,NA,NA,NA
"Set_5dose_adaptive_r_37","Set_5dose_adaptive_r_37_SC6",6,1,"five_scenarios_txt",1,1,"CRM","r_fixed",NA,NA,"r_fixed",NA,0.6,0,0.0179,28,30,2,1,1,3,100,3,1,1,0,4,0.43,0.658,0.503,NA,NA,NA,0.95,0.5625,0.5625,0.2785,25.4785,20.128,22.85,1096.5493,2000,2000,"0.15,0.2,0.3,0.35,0.45",0,1.4142,0.15,0.85,NA,NA,NA,NA,NA,NA,NA,NA,NA,NA,NA,NA,NA,NA,NA,NA,NA,NA,NA,NA,NA,NA,NA,NA
"Set_5dose_adaptive_r_37","Set_5dose_adaptive_r_37_SC6",6,1,"five_scenarios_txt",1,1,"CRM","r_fixed",NA,NA,"r_fixed",NA,0.6,0,0.0179,28,30,2,1,1,3,100,3,1,1,0,5,0.52,0.778,0.5905,NA,NA,NA,0.15,0.1365,0.1365,0.0445,25.4785,20.128,22.85,1096.5493,2000,2000,"0.15,0.2,0.3,0.35,0.45",0,1.4142,0.15,0.85,NA,NA,NA,NA,NA,NA,NA,NA,NA,NA,NA,NA,NA,NA,NA,NA,NA,NA,NA,NA,NA,NA,NA,NA
"Set_5dose_adaptive_r_37","Set_5dose_adaptive_r_37_SC6",6,1,"five_scenarios_txt",1,1,"CRM","random",NA,NA,"random",NA,0.6,0,0.0179,28,30,2,1,1,3,100,3,1,1,0,1,0.29,0.29,0.2821,0.1018,NA,NA,47,14.203,14.203,0,25.6865,19.824,21.65,1078.7386,2000,2000,"0.15,0.2,0.3,0.35,0.45",0,1.4142,0.15,0.85,NA,NA,NA,NA,NA,NA,NA,NA,NA,NA,NA,NA,NA,NA,NA,NA,NA,NA,NA,NA,NA,NA,NA,NA
"Set_5dose_adaptive_r_37","Set_5dose_adaptive_r_37_SC6",6,1,"five_scenarios_txt",1,1,"CRM","random",NA,NA,"random",NA,0.6,0,0.0179,28,30,2,1,1,3,100,3,1,1,0,2,0.34,0.514,0.3379,NA,NA,NA,20.2,7.603,7.603,4.4095,25.6865,19.824,21.65,1078.7386,2000,2000,"0.15,0.2,0.3,0.35,0.45",0,1.4142,0.15,0.85,NA,NA,NA,NA,NA,NA,NA,NA,NA,NA,NA,NA,NA,NA,NA,NA,NA,NA,NA,NA,NA,NA,NA,NA
"Set_5dose_adaptive_r_37","Set_5dose_adaptive_r_37_SC6",6,1,"five_scenarios_txt",1,1,"CRM","random",NA,NA,"random",NA,0.6,0,0.0179,28,30,2,1,1,3,100,3,1,1,0,3,0.38,0.584,0.4384,NA,NA,NA,8.55,2.6085,2.6085,0.875,25.6865,19.824,21.65,1078.7386,2000,2000,"0.15,0.2,0.3,0.35,0.45",0,1.4142,0.15,0.85,NA,NA,NA,NA,NA,NA,NA,NA,NA,NA,NA,NA,NA,NA,NA,NA,NA,NA,NA,NA,NA,NA,NA,NA
"Set_5dose_adaptive_r_37","Set_5dose_adaptive_r_37_SC6",6,1,"five_scenarios_txt",1,1,"CRM","random",NA,NA,"random",NA,0.6,0,0.0179,28,30,2,1,1,3,100,3,1,1,0,4,0.43,0.658,0.485,NA,NA,NA,2.05,0.9465,0.9465,0.475,25.6865,19.824,21.65,1078.7386,2000,2000,"0.15,0.2,0.3,0.35,0.45",0,1.4142,0.15,0.85,NA,NA,NA,NA,NA,NA,NA,NA,NA,NA,NA,NA,NA,NA,NA,NA,NA,NA,NA,NA,NA,NA,NA,NA
"Set_5dose_adaptive_r_37","Set_5dose_adaptive_r_37_SC6",6,1,"five_scenarios_txt",1,1,"CRM","random",NA,NA,"random",NA,0.6,0,0.0179,28,30,2,1,1,3,100,3,1,1,0,5,0.52,0.778,0.5733,NA,NA,NA,0.55,0.3255,0.3255,0.103,25.6865,19.824,21.65,1078.7386,2000,2000,"0.15,0.2,0.3,0.35,0.45",0,1.4142,0.15,0.85,NA,NA,NA,NA,NA,NA,NA,NA,NA,NA,NA,NA,NA,NA,NA,NA,NA,NA,NA,NA,NA,NA,NA,NA
"Set_5dose_adaptive_r_37","Set_5dose_adaptive_r_37_SC6",6,1,"five_scenarios_txt",1,1,"CRM","r_fixed",NA,NA,"r_fixed",NA,0.9,0,0.0179,28,30,2,1,1,3,100,3,1,1,0,1,0.29,0.29,0.3147,0,NA,NA,59.15,16.311,16.311,0,24.9985,19.781,26.3,1073.4919,2000,2000,"0.15,0.2,0.3,0.35,0.45",0,1.4142,0.15,0.85,NA,NA,NA,NA,NA,NA,NA,NA,NA,NA,NA,NA,NA,NA,NA,NA,NA,NA,NA,NA,NA,NA,NA,NA
"Set_5dose_adaptive_r_37","Set_5dose_adaptive_r_37_SC6",6,1,"five_scenarios_txt",1,1,"CRM","r_fixed",NA,NA,"r_fixed",NA,0.9,0,0.0179,28,30,2,1,1,3,100,3,1,1,0,2,0.34,0.601,0.3723,NA,NA,NA,11.55,7.006,7.006,4.4945,24.9985,19.781,26.3,1073.4919,2000,2000,"0.15,0.2,0.3,0.35,0.45",0,1.4142,0.15,0.85,NA,NA,NA,NA,NA,NA,NA,NA,NA,NA,NA,NA,NA,NA,NA,NA,NA,NA,NA,NA,NA,NA,NA,NA
"Set_5dose_adaptive_r_37","Set_5dose_adaptive_r_37_SC6",6,1,"five_scenarios_txt",1,1,"CRM","r_fixed",NA,NA,"r_fixed",NA,0.9,0,0.0179,28,30,2,1,1,3,100,3,1,1,0,3,0.38,0.686,0.4738,NA,NA,NA,2.7,1.3215,1.3215,0.5215,24.9985,19.781,26.3,1073.4919,2000,2000,"0.15,0.2,0.3,0.35,0.45",0,1.4142,0.15,0.85,NA,NA,NA,NA,NA,NA,NA,NA,NA,NA,NA,NA,NA,NA,NA,NA,NA,NA,NA,NA,NA,NA,NA,NA
"Set_5dose_adaptive_r_37","Set_5dose_adaptive_r_37_SC6",6,1,"five_scenarios_txt",1,1,"CRM","r_fixed",NA,NA,"r_fixed",NA,0.9,0,0.0179,28,30,2,1,1,3,100,3,1,1,0,4,0.43,0.772,0.5199,NA,NA,NA,0.2,0.3195,0.3195,0.188,24.9985,19.781,26.3,1073.4919,2000,2000,"0.15,0.2,0.3,0.35,0.45",0,1.4142,0.15,0.85,NA,NA,NA,NA,NA,NA,NA,NA,NA,NA,NA,NA,NA,NA,NA,NA,NA,NA,NA,NA,NA,NA,NA,NA
"Set_5dose_adaptive_r_37","Set_5dose_adaptive_r_37_SC6",6,1,"five_scenarios_txt",1,1,"CRM","r_fixed",NA,NA,"r_fixed",NA,0.9,0,0.0179,28,30,2,1,1,3,100,3,1,1,0,5,0.52,0.907,0.606,NA,NA,NA,0.1,0.0405,0.0405,0.0135,24.9985,19.781,26.3,1073.4919,2000,2000,"0.15,0.2,0.3,0.35,0.45",0,1.4142,0.15,0.85,NA,NA,NA,NA,NA,NA,NA,NA,NA,NA,NA,NA,NA,NA,NA,NA,NA,NA,NA,NA,NA,NA,NA,NA
"Set_5dose_adaptive_r_37","Set_5dose_adaptive_r_37_SC6",6,1,"five_scenarios_txt",1,1,"CRM","random",NA,NA,"random",NA,0.9,0,0.0179,28,30,2,1,1,3,100,3,1,1,0,1,0.29,0.29,0.292,0.151,NA,NA,51.15,14.799,14.799,0,25.404,19.6015,23.95,1066.3484,2000,2000,"0.15,0.2,0.3,0.35,0.45",0,1.4142,0.15,0.85,NA,NA,NA,NA,NA,NA,NA,NA,NA,NA,NA,NA,NA,NA,NA,NA,NA,NA,NA,NA,NA,NA,NA,NA
"Set_5dose_adaptive_r_37","Set_5dose_adaptive_r_37_SC6",6,1,"five_scenarios_txt",1,1,"CRM","random",NA,NA,"random",NA,0.9,0,0.0179,28,30,2,1,1,3,100,3,1,1,0,2,0.34,0.601,0.3479,NA,NA,NA,17.3,7.3755,7.3755,4.4985,25.404,19.6015,23.95,1066.3484,2000,2000,"0.15,0.2,0.3,0.35,0.45",0,1.4142,0.15,0.85,NA,NA,NA,NA,NA,NA,NA,NA,NA,NA,NA,NA,NA,NA,NA,NA,NA,NA,NA,NA,NA,NA,NA,NA
"Set_5dose_adaptive_r_37","Set_5dose_adaptive_r_37_SC6",6,1,"five_scenarios_txt",1,1,"CRM","random",NA,NA,"random",NA,0.9,0,0.0179,28,30,2,1,1,3,100,3,1,1,0,3,0.38,0.686,0.448,NA,NA,NA,5.25,2.289,2.289,0.8285,25.404,19.6015,23.95,1066.3484,2000,2000,"0.15,0.2,0.3,0.35,0.45",0,1.4142,0.15,0.85,NA,NA,NA,NA,NA,NA,NA,NA,NA,NA,NA,NA,NA,NA,NA,NA,NA,NA,NA,NA,NA,NA,NA,NA
"Set_5dose_adaptive_r_37","Set_5dose_adaptive_r_37_SC6",6,1,"five_scenarios_txt",1,1,"CRM","random",NA,NA,"random",NA,0.9,0,0.0179,28,30,2,1,1,3,100,3,1,1,0,4,0.43,0.772,0.4942,NA,NA,NA,1.9,0.7395,0.7395,0.3975,25.404,19.6015,23.95,1066.3484,2000,2000,"0.15,0.2,0.3,0.35,0.45",0,1.4142,0.15,0.85,NA,NA,NA,NA,NA,NA,NA,NA,NA,NA,NA,NA,NA,NA,NA,NA,NA,NA,NA,NA,NA,NA,NA,NA
"Set_5dose_adaptive_r_37","Set_5dose_adaptive_r_37_SC6",6,1,"five_scenarios_txt",1,1,"CRM","random",NA,NA,"random",NA,0.9,0,0.0179,28,30,2,1,1,3,100,3,1,1,0,5,0.52,0.907,0.5815,NA,NA,NA,0.45,0.201,0.201,0.078,25.404,19.6015,23.95,1066.3484,2000,2000,"0.15,0.2,0.3,0.35,0.45",0,1.4142,0.15,0.85,NA,NA,NA,NA,NA,NA,NA,NA,NA,NA,NA,NA,NA,NA,NA,NA,NA,NA,NA,NA,NA,NA,NA,NA
