"Scenario_Set","Model","Method","BOIN_Method","BOIN_r_estimator","CRM_r_model","CFO_Method","Alpha_true","r_carry","Accrual","T_assess","Nmax_eff","Dose_Cap","Cycle_Max","IPDE_Design","Continuous_Enrollment","New_Pat_First","N_Eval_Escalate","Restrict_To_Tried","Restrict_To_Target","Metric","D1","D2","D3","D4","D5","Total","Duration","n_scenarios_expected","n_scenarios_found","n_scenarios_missing","n_files_found","ntrial_total_from_files","Oracle_Reference","n_scenarios_paired_with_oracle"
"random_scenarios_ndose5_nscenario10000_target0p3_tdiffbelow0p05_tdiffabove0p05","BOIN","boin-r_fixed","boin","r_fixed",NA,NA,0,0,0.0179,28,30,3,2,1,1,1,3,1,0,"Average dose selection %",22.6602,22.4323,19.9041,15.2947,13.1551,NA,NA,10000,10000,0,10000,1e+06,"CRM r_fixed (alpha_true = 0, r_carry = 0)",10000
"random_scenarios_ndose5_nscenario10000_target0p3_tdiffbelow0p05_tdiffabove0p05","BOIN","boin-r_fixed","boin","r_fixed",NA,NA,0,0,0.0179,28,30,3,2,1,1,1,3,1,0,"Average dose allocation",10.7567,7.785,5.2504,2.9991,1.8823,NA,NA,10000,10000,0,10000,1e+06,"CRM r_fixed (alpha_true = 0, r_carry = 0)",10000
"random_scenarios_ndose5_nscenario10000_target0p3_tdiffbelow0p05_tdiffabove0p05","BOIN","boin-r_fixed","boin","r_fixed",NA,NA,0,0,0.0179,28,30,3,2,1,1,1,3,1,0,"Average total unique patients",NA,NA,NA,NA,NA,21.5578,NA,10000,10000,0,10000,1e+06,"CRM r_fixed (alpha_true = 0, r_carry = 0)",10000
"random_scenarios_ndose5_nscenario10000_target0p3_tdiffbelow0p05_tdiffabove0p05","BOIN","boin-r_fixed","boin","r_fixed",NA,NA,0,0,0.0179,28,30,3,2,1,1,1,3,1,0,"Average trial duration",NA,NA,NA,NA,NA,NA,1181.4227,10000,10000,0,10000,1e+06,"CRM r_fixed (alpha_true = 0, r_carry = 0)",10000
"random_scenarios_ndose5_nscenario10000_target0p3_tdiffbelow0p05_tdiffabove0p05","BOIN","boin-r_fixed","boin","r_fixed",NA,NA,0,0,0.0179,28,30,3,2,1,1,1,3,1,0,"Average MTD selection %",NA,NA,NA,NA,NA,32.242,NA,10000,10000,0,10000,1e+06,"CRM r_fixed (alpha_true = 0, r_carry = 0)",10000
"random_scenarios_ndose5_nscenario10000_target0p3_tdiffbelow0p05_tdiffabove0p05","BOIN","boin-r_fixed","boin","r_fixed",NA,NA,0,0,0.0179,28,30,3,2,1,1,1,3,1,0,"MCSE of MTD selection %",NA,NA,NA,NA,NA,0.0456,NA,10000,10000,0,10000,1e+06,"CRM r_fixed (alpha_true = 0, r_carry = 0)",10000
"random_scenarios_ndose5_nscenario10000_target0p3_tdiffbelow0p05_tdiffabove0p05","BOIN","boin-r_fixed","boin","r_fixed",NA,NA,0,0,0.0179,28,30,3,2,1,1,1,3,1,0,"Average MTD allocation",NA,NA,NA,NA,NA,7.9557,NA,10000,10000,0,10000,1e+06,"CRM r_fixed (alpha_true = 0, r_carry = 0)",10000
"random_scenarios_ndose5_nscenario10000_target0p3_tdiffbelow0p05_tdiffabove0p05","BOIN","boin-r_fixed","boin","r_fixed",NA,NA,0,0,0.0179,28,30,3,2,1,1,1,3,1,0,"Average overdose selection %",NA,NA,NA,NA,NA,21.4766,NA,10000,10000,0,10000,1e+06,"CRM r_fixed (alpha_true = 0, r_carry = 0)",10000
"random_scenarios_ndose5_nscenario10000_target0p3_tdiffbelow0p05_tdiffabove0p05","BOIN","boin-r_fixed","boin","r_fixed",NA,NA,0,0,0.0179,28,30,3,2,1,1,1,3,1,0,"Average overdose allocation",NA,NA,NA,NA,NA,4.8353,NA,10000,10000,0,10000,1e+06,"CRM r_fixed (alpha_true = 0, r_carry = 0)",10000
"random_scenarios_ndose5_nscenario10000_target0p3_tdiffbelow0p05_tdiffabove0p05","BOIN","boin-r_fixed","boin","r_fixed",NA,NA,0,0,0.0179,28,30,3,2,1,1,1,3,1,0,"Average underdose allocation",NA,NA,NA,NA,NA,15.8825,NA,10000,10000,0,10000,1e+06,"CRM r_fixed (alpha_true = 0, r_carry = 0)",10000
"random_scenarios_ndose5_nscenario10000_target0p3_tdiffbelow0p05_tdiffabove0p05","BOIN","boin-r_fixed","boin","r_fixed",NA,NA,0,0,0.0179,28,30,3,2,1,1,1,3,1,0,"Mean paired MTD selection difference vs oracle %",NA,NA,NA,NA,NA,-2.2771,NA,10000,10000,0,10000,1e+06,"CRM r_fixed (alpha_true = 0, r_carry = 0)",10000
"random_scenarios_ndose5_nscenario10000_target0p3_tdiffbelow0p05_tdiffabove0p05","BOIN","boin-r_fixed","boin","r_fixed",NA,NA,0,0,0.0179,28,30,3,2,1,1,1,3,1,0,"SD paired MTD selection difference vs oracle %",NA,NA,NA,NA,NA,5.7859,NA,10000,10000,0,10000,1e+06,"CRM r_fixed (alpha_true = 0, r_carry = 0)",10000
"random_scenarios_ndose5_nscenario10000_target0p3_tdiffbelow0p05_tdiffabove0p05","BOIN","boin-r_fixed","boin","r_fixed",NA,NA,0.3,0,0.0179,28,30,3,2,1,1,1,3,1,0,"Average dose selection %",28.5211,24.4051,18.8545,12.8499,8.7255,NA,NA,10000,10000,0,10000,1e+06,"CRM r_fixed (alpha_true = 0, r_carry = 0)",10000
"random_scenarios_ndose5_nscenario10000_target0p3_tdiffbelow0p05_tdiffabove0p05","BOIN","boin-r_fixed","boin","r_fixed",NA,NA,0.3,0,0.0179,28,30,3,2,1,1,1,3,1,0,"Average dose allocation",11.792,8.2304,4.8283,2.5054,1.3106,NA,NA,10000,10000,0,10000,1e+06,"CRM r_fixed (alpha_true = 0, r_carry = 0)",10000
"random_scenarios_ndose5_nscenario10000_target0p3_tdiffbelow0p05_tdiffabove0p05","BOIN","boin-r_fixed","boin","r_fixed",NA,NA,0.3,0,0.0179,28,30,3,2,1,1,1,3,1,0,"Average total unique patients",NA,NA,NA,NA,NA,21.7453,NA,10000,10000,0,10000,1e+06,"CRM r_fixed (alpha_true = 0, r_carry = 0)",10000
"random_scenarios_ndose5_nscenario10000_target0p3_tdiffbelow0p05_tdiffabove0p05","BOIN","boin-r_fixed","boin","r_fixed",NA,NA,0.3,0,0.0179,28,30,3,2,1,1,1,3,1,0,"Average trial duration",NA,NA,NA,NA,NA,NA,1192.0139,10000,10000,0,10000,1e+06,"CRM r_fixed (alpha_true = 0, r_carry = 0)",10000
"random_scenarios_ndose5_nscenario10000_target0p3_tdiffbelow0p05_tdiffabove0p05","BOIN","boin-r_fixed","boin","r_fixed",NA,NA,0.3,0,0.0179,28,30,3,2,1,1,1,3,1,0,"Average MTD selection %",NA,NA,NA,NA,NA,31.2221,NA,10000,10000,0,10000,1e+06,"CRM r_fixed (alpha_true = 0, r_carry = 0)",10000
"random_scenarios_ndose5_nscenario10000_target0p3_tdiffbelow0p05_tdiffabove0p05","BOIN","boin-r_fixed","boin","r_fixed",NA,NA,0.3,0,0.0179,28,30,3,2,1,1,1,3,1,0,"MCSE of MTD selection %",NA,NA,NA,NA,NA,0.0442,NA,10000,10000,0,10000,1e+06,"CRM r_fixed (alpha_true = 0, r_carry = 0)",10000
"random_scenarios_ndose5_nscenario10000_target0p3_tdiffbelow0p05_tdiffabove0p05","BOIN","boin-r_fixed","boin","r_fixed",NA,NA,0.3,0,0.0179,28,30,3,2,1,1,1,3,1,0,"Average MTD allocation",NA,NA,NA,NA,NA,7.8641,NA,10000,10000,0,10000,1e+06,"CRM r_fixed (alpha_true = 0, r_carry = 0)",10000
"random_scenarios_ndose5_nscenario10000_target0p3_tdiffbelow0p05_tdiffabove0p05","BOIN","boin-r_fixed","boin","r_fixed",NA,NA,0.3,0,0.0179,28,30,3,2,1,1,1,3,1,0,"Average overdose selection %",NA,NA,NA,NA,NA,14.8316,NA,10000,10000,0,10000,1e+06,"CRM r_fixed (alpha_true = 0, r_carry = 0)",10000
"random_scenarios_ndose5_nscenario10000_target0p3_tdiffbelow0p05_tdiffabove0p05","BOIN","boin-r_fixed","boin","r_fixed",NA,NA,0.3,0,0.0179,28,30,3,2,1,1,1,3,1,0,"Average overdose allocation",NA,NA,NA,NA,NA,3.7909,NA,10000,10000,0,10000,1e+06,"CRM r_fixed (alpha_true = 0, r_carry = 0)",10000
"random_scenarios_ndose5_nscenario10000_target0p3_tdiffbelow0p05_tdiffabove0p05","BOIN","boin-r_fixed","boin","r_fixed",NA,NA,0.3,0,0.0179,28,30,3,2,1,1,1,3,1,0,"Average underdose allocation",NA,NA,NA,NA,NA,17.0117,NA,10000,10000,0,10000,1e+06,"CRM r_fixed (alpha_true = 0, r_carry = 0)",10000
"random_scenarios_ndose5_nscenario10000_target0p3_tdiffbelow0p05_tdiffabove0p05","BOIN","boin-r_fixed","boin","r_fixed",NA,NA,0.3,0,0.0179,28,30,3,2,1,1,1,3,1,0,"Mean paired MTD selection difference vs oracle %",NA,NA,NA,NA,NA,-3.297,NA,10000,10000,0,10000,1e+06,"CRM r_fixed (alpha_true = 0, r_carry = 0)",10000
"random_scenarios_ndose5_nscenario10000_target0p3_tdiffbelow0p05_tdiffabove0p05","BOIN","boin-r_fixed","boin","r_fixed",NA,NA,0.3,0,0.0179,28,30,3,2,1,1,1,3,1,0,"SD paired MTD selection difference vs oracle %",NA,NA,NA,NA,NA,10.2871,NA,10000,10000,0,10000,1e+06,"CRM r_fixed (alpha_true = 0, r_carry = 0)",10000
"random_scenarios_ndose5_nscenario10000_target0p3_tdiffbelow0p05_tdiffabove0p05","BOIN","boin-r_fixed","boin","r_fixed",NA,NA,0.6,0,0.0179,28,30,3,2,1,1,1,3,1,0,"Average dose selection %",34.9657,25.2656,17.1801,10.3863,5.4811,NA,NA,10000,10000,0,10000,1e+06,"CRM r_fixed (alpha_true = 0, r_carry = 0)",10000
"random_scenarios_ndose5_nscenario10000_target0p3_tdiffbelow0p05_tdiffabove0p05","BOIN","boin-r_fixed","boin","r_fixed",NA,NA,0.6,0,0.0179,28,30,3,2,1,1,1,3,1,0,"Average dose allocation",12.9233,8.4681,4.35,2.0348,0.8844,NA,NA,10000,10000,0,10000,1e+06,"CRM r_fixed (alpha_true = 0, r_carry = 0)",10000
"random_scenarios_ndose5_nscenario10000_target0p3_tdiffbelow0p05_tdiffabove0p05","BOIN","boin-r_fixed","boin","r_fixed",NA,NA,0.6,0,0.0179,28,30,3,2,1,1,1,3,1,0,"Average total unique patients",NA,NA,NA,NA,NA,21.9976,NA,10000,10000,0,10000,1e+06,"CRM r_fixed (alpha_true = 0, r_carry = 0)",10000
"random_scenarios_ndose5_nscenario10000_target0p3_tdiffbelow0p05_tdiffabove0p05","BOIN","boin-r_fixed","boin","r_fixed",NA,NA,0.6,0,0.0179,28,30,3,2,1,1,1,3,1,0,"Average trial duration",NA,NA,NA,NA,NA,NA,1206.2833,10000,10000,0,10000,1e+06,"CRM r_fixed (alpha_true = 0, r_carry = 0)",10000
"random_scenarios_ndose5_nscenario10000_target0p3_tdiffbelow0p05_tdiffabove0p05","BOIN","boin-r_fixed","boin","r_fixed",NA,NA,0.6,0,0.0179,28,30,3,2,1,1,1,3,1,0,"Average MTD selection %",NA,NA,NA,NA,NA,29.3829,NA,10000,10000,0,10000,1e+06,"CRM r_fixed (alpha_true = 0, r_carry = 0)",10000
"random_scenarios_ndose5_nscenario10000_target0p3_tdiffbelow0p05_tdiffabove0p05","BOIN","boin-r_fixed","boin","r_fixed",NA,NA,0.6,0,0.0179,28,30,3,2,1,1,1,3,1,0,"MCSE of MTD selection %",NA,NA,NA,NA,NA,0.0417,NA,10000,10000,0,10000,1e+06,"CRM r_fixed (alpha_true = 0, r_carry = 0)",10000
"random_scenarios_ndose5_nscenario10000_target0p3_tdiffbelow0p05_tdiffabove0p05","BOIN","boin-r_fixed","boin","r_fixed",NA,NA,0.6,0,0.0179,28,30,3,2,1,1,1,3,1,0,"Average MTD allocation",NA,NA,NA,NA,NA,7.6868,NA,10000,10000,0,10000,1e+06,"CRM r_fixed (alpha_true = 0, r_carry = 0)",10000
"random_scenarios_ndose5_nscenario10000_target0p3_tdiffbelow0p05_tdiffabove0p05","BOIN","boin-r_fixed","boin","r_fixed",NA,NA,0.6,0,0.0179,28,30,3,2,1,1,1,3,1,0,"Average overdose selection %",NA,NA,NA,NA,NA,9.403,NA,10000,10000,0,10000,1e+06,"CRM r_fixed (alpha_true = 0, r_carry = 0)",10000
"random_scenarios_ndose5_nscenario10000_target0p3_tdiffbelow0p05_tdiffabove0p05","BOIN","boin-r_fixed","boin","r_fixed",NA,NA,0.6,0,0.0179,28,30,3,2,1,1,1,3,1,0,"Average overdose allocation",NA,NA,NA,NA,NA,2.8809,NA,10000,10000,0,10000,1e+06,"CRM r_fixed (alpha_true = 0, r_carry = 0)",10000
"random_scenarios_ndose5_nscenario10000_target0p3_tdiffbelow0p05_tdiffabove0p05","BOIN","boin-r_fixed","boin","r_fixed",NA,NA,0.6,0,0.0179,28,30,3,2,1,1,1,3,1,0,"Average underdose allocation",NA,NA,NA,NA,NA,18.0928,NA,10000,10000,0,10000,1e+06,"CRM r_fixed (alpha_true = 0, r_carry = 0)",10000
"random_scenarios_ndose5_nscenario10000_target0p3_tdiffbelow0p05_tdiffabove0p05","BOIN","boin-r_fixed","boin","r_fixed",NA,NA,0.6,0,0.0179,28,30,3,2,1,1,1,3,1,0,"Mean paired MTD selection difference vs oracle %",NA,NA,NA,NA,NA,-5.1362,NA,10000,10000,0,10000,1e+06,"CRM r_fixed (alpha_true = 0, r_carry = 0)",10000
"random_scenarios_ndose5_nscenario10000_target0p3_tdiffbelow0p05_tdiffabove0p05","BOIN","boin-r_fixed","boin","r_fixed",NA,NA,0.6,0,0.0179,28,30,3,2,1,1,1,3,1,0,"SD paired MTD selection difference vs oracle %",NA,NA,NA,NA,NA,15.1787,NA,10000,10000,0,10000,1e+06,"CRM r_fixed (alpha_true = 0, r_carry = 0)",10000
"random_scenarios_ndose5_nscenario10000_target0p3_tdiffbelow0p05_tdiffabove0p05","BOIN","boin-r_fixed","boin","r_fixed",NA,NA,0.9,0,0.0179,28,30,3,2,1,1,1,3,1,0,"Average dose selection %",41.7202,24.9352,15.2056,7.9829,3.3553,NA,NA,10000,10000,0,10000,1e+06,"CRM r_fixed (alpha_true = 0, r_carry = 0)",10000
"random_scenarios_ndose5_nscenario10000_target0p3_tdiffbelow0p05_tdiffabove0p05","BOIN","boin-r_fixed","boin","r_fixed",NA,NA,0.9,0,0.0179,28,30,3,2,1,1,1,3,1,0,"Average dose allocation",14.1392,8.4907,3.8296,1.6143,0.5812,NA,NA,10000,10000,0,10000,1e+06,"CRM r_fixed (alpha_true = 0, r_carry = 0)",10000
"random_scenarios_ndose5_nscenario10000_target0p3_tdiffbelow0p05_tdiffabove0p05","BOIN","boin-r_fixed","boin","r_fixed",NA,NA,0.9,0,0.0179,28,30,3,2,1,1,1,3,1,0,"Average total unique patients",NA,NA,NA,NA,NA,22.3092,NA,10000,10000,0,10000,1e+06,"CRM r_fixed (alpha_true = 0, r_carry = 0)",10000
"random_scenarios_ndose5_nscenario10000_target0p3_tdiffbelow0p05_tdiffabove0p05","BOIN","boin-r_fixed","boin","r_fixed",NA,NA,0.9,0,0.0179,28,30,3,2,1,1,1,3,1,0,"Average trial duration",NA,NA,NA,NA,NA,NA,1223.8573,10000,10000,0,10000,1e+06,"CRM r_fixed (alpha_true = 0, r_carry = 0)",10000
"random_scenarios_ndose5_nscenario10000_target0p3_tdiffbelow0p05_tdiffabove0p05","BOIN","boin-r_fixed","boin","r_fixed",NA,NA,0.9,0,0.0179,28,30,3,2,1,1,1,3,1,0,"Average MTD selection %",NA,NA,NA,NA,NA,27.0051,NA,10000,10000,0,10000,1e+06,"CRM r_fixed (alpha_true = 0, r_carry = 0)",10000
"random_scenarios_ndose5_nscenario10000_target0p3_tdiffbelow0p05_tdiffabove0p05","BOIN","boin-r_fixed","boin","r_fixed",NA,NA,0.9,0,0.0179,28,30,3,2,1,1,1,3,1,0,"MCSE of MTD selection %",NA,NA,NA,NA,NA,0.0382,NA,10000,10000,0,10000,1e+06,"CRM r_fixed (alpha_true = 0, r_carry = 0)",10000
"random_scenarios_ndose5_nscenario10000_target0p3_tdiffbelow0p05_tdiffabove0p05","BOIN","boin-r_fixed","boin","r_fixed",NA,NA,0.9,0,0.0179,28,30,3,2,1,1,1,3,1,0,"Average MTD allocation",NA,NA,NA,NA,NA,7.4383,NA,10000,10000,0,10000,1e+06,"CRM r_fixed (alpha_true = 0, r_carry = 0)",10000
"random_scenarios_ndose5_nscenario10000_target0p3_tdiffbelow0p05_tdiffabove0p05","BOIN","boin-r_fixed","boin","r_fixed",NA,NA,0.9,0,0.0179,28,30,3,2,1,1,1,3,1,0,"Average overdose selection %",NA,NA,NA,NA,NA,5.4547,NA,10000,10000,0,10000,1e+06,"CRM r_fixed (alpha_true = 0, r_carry = 0)",10000
"random_scenarios_ndose5_nscenario10000_target0p3_tdiffbelow0p05_tdiffabove0p05","BOIN","boin-r_fixed","boin","r_fixed",NA,NA,0.9,0,0.0179,28,30,3,2,1,1,1,3,1,0,"Average overdose allocation",NA,NA,NA,NA,NA,2.1304,NA,10000,10000,0,10000,1e+06,"CRM r_fixed (alpha_true = 0, r_carry = 0)",10000
"random_scenarios_ndose5_nscenario10000_target0p3_tdiffbelow0p05_tdiffabove0p05","BOIN","boin-r_fixed","boin","r_fixed",NA,NA,0.9,0,0.0179,28,30,3,2,1,1,1,3,1,0,"Average underdose allocation",NA,NA,NA,NA,NA,19.0865,NA,10000,10000,0,10000,1e+06,"CRM r_fixed (alpha_true = 0, r_carry = 0)",10000
"random_scenarios_ndose5_nscenario10000_target0p3_tdiffbelow0p05_tdiffabove0p05","BOIN","boin-r_fixed","boin","r_fixed",NA,NA,0.9,0,0.0179,28,30,3,2,1,1,1,3,1,0,"Mean paired MTD selection difference vs oracle %",NA,NA,NA,NA,NA,-7.514,NA,10000,10000,0,10000,1e+06,"CRM r_fixed (alpha_true = 0, r_carry = 0)",10000
"random_scenarios_ndose5_nscenario10000_target0p3_tdiffbelow0p05_tdiffabove0p05","BOIN","boin-r_fixed","boin","r_fixed",NA,NA,0.9,0,0.0179,28,30,3,2,1,1,1,3,1,0,"SD paired MTD selection difference vs oracle %",NA,NA,NA,NA,NA,19.2523,NA,10000,10000,0,10000,1e+06,"CRM r_fixed (alpha_true = 0, r_carry = 0)",10000
"random_scenarios_ndose5_nscenario10000_target0p3_tdiffbelow0p05_tdiffabove0p05","CRM","r_fixed",NA,NA,"r_fixed",NA,0,0,0.0179,28,30,3,2,1,1,1,3,1,0,"Average dose selection %",19.4672,21.3397,20.5516,16.2825,16.7919,NA,NA,10000,10000,0,10000,1e+06,"CRM r_fixed (alpha_true = 0, r_carry = 0)",10000
"random_scenarios_ndose5_nscenario10000_target0p3_tdiffbelow0p05_tdiffabove0p05","CRM","r_fixed",NA,NA,"r_fixed",NA,0,0,0.0179,28,30,3,2,1,1,1,3,1,0,"Average dose allocation",10.2906,6.4688,5.452,3.5915,3.0945,NA,NA,10000,10000,0,10000,1e+06,"CRM r_fixed (alpha_true = 0, r_carry = 0)",10000
"random_scenarios_ndose5_nscenario10000_target0p3_tdiffbelow0p05_tdiffabove0p05","CRM","r_fixed",NA,NA,"r_fixed",NA,0,0,0.0179,28,30,3,2,1,1,1,3,1,0,"Average total unique patients",NA,NA,NA,NA,NA,21.9033,NA,10000,10000,0,10000,1e+06,"CRM r_fixed (alpha_true = 0, r_carry = 0)",10000
"random_scenarios_ndose5_nscenario10000_target0p3_tdiffbelow0p05_tdiffabove0p05","CRM","r_fixed",NA,NA,"r_fixed",NA,0,0,0.0179,28,30,3,2,1,1,1,3,1,0,"Average trial duration",NA,NA,NA,NA,NA,NA,1201.1582,10000,10000,0,10000,1e+06,"CRM r_fixed (alpha_true = 0, r_carry = 0)",10000
"random_scenarios_ndose5_nscenario10000_target0p3_tdiffbelow0p05_tdiffabove0p05","CRM","r_fixed",NA,NA,"r_fixed",NA,0,0,0.0179,28,30,3,2,1,1,1,3,1,0,"Average MTD selection %",NA,NA,NA,NA,NA,34.5191,NA,10000,10000,0,10000,1e+06,"CRM r_fixed (alpha_true = 0, r_carry = 0)",10000
"random_scenarios_ndose5_nscenario10000_target0p3_tdiffbelow0p05_tdiffabove0p05","CRM","r_fixed",NA,NA,"r_fixed",NA,0,0,0.0179,28,30,3,2,1,1,1,3,1,0,"MCSE of MTD selection %",NA,NA,NA,NA,NA,0.0463,NA,10000,10000,0,10000,1e+06,"CRM r_fixed (alpha_true = 0, r_carry = 0)",10000
"random_scenarios_ndose5_nscenario10000_target0p3_tdiffbelow0p05_tdiffabove0p05","CRM","r_fixed",NA,NA,"r_fixed",NA,0,0,0.0179,28,30,3,2,1,1,1,3,1,0,"Average MTD allocation",NA,NA,NA,NA,NA,8.4198,NA,10000,10000,0,10000,1e+06,"CRM r_fixed (alpha_true = 0, r_carry = 0)",10000
"random_scenarios_ndose5_nscenario10000_target0p3_tdiffbelow0p05_tdiffabove0p05","CRM","r_fixed",NA,NA,"r_fixed",NA,0,0,0.0179,28,30,3,2,1,1,1,3,1,0,"Average overdose selection %",NA,NA,NA,NA,NA,25.2668,NA,10000,10000,0,10000,1e+06,"CRM r_fixed (alpha_true = 0, r_carry = 0)",10000
"random_scenarios_ndose5_nscenario10000_target0p3_tdiffbelow0p05_tdiffabove0p05","CRM","r_fixed",NA,NA,"r_fixed",NA,0,0,0.0179,28,30,3,2,1,1,1,3,1,0,"Average overdose allocation",NA,NA,NA,NA,NA,6.0891,NA,10000,10000,0,10000,1e+06,"CRM r_fixed (alpha_true = 0, r_carry = 0)",10000
"random_scenarios_ndose5_nscenario10000_target0p3_tdiffbelow0p05_tdiffabove0p05","CRM","r_fixed",NA,NA,"r_fixed",NA,0,0,0.0179,28,30,3,2,1,1,1,3,1,0,"Average underdose allocation",NA,NA,NA,NA,NA,14.3886,NA,10000,10000,0,10000,1e+06,"CRM r_fixed (alpha_true = 0, r_carry = 0)",10000
"random_scenarios_ndose5_nscenario10000_target0p3_tdiffbelow0p05_tdiffabove0p05","CRM","r_fixed",NA,NA,"r_fixed",NA,0,0,0.0179,28,30,3,2,1,1,1,3,1,0,"Mean paired MTD selection difference vs oracle %",NA,NA,NA,NA,NA,0,NA,10000,10000,0,10000,1e+06,"CRM r_fixed (alpha_true = 0, r_carry = 0)",10000
"random_scenarios_ndose5_nscenario10000_target0p3_tdiffbelow0p05_tdiffabove0p05","CRM","r_fixed",NA,NA,"r_fixed",NA,0,0,0.0179,28,30,3,2,1,1,1,3,1,0,"SD paired MTD selection difference vs oracle %",NA,NA,NA,NA,NA,0,NA,10000,10000,0,10000,1e+06,"CRM r_fixed (alpha_true = 0, r_carry = 0)",10000
"random_scenarios_ndose5_nscenario10000_target0p3_tdiffbelow0p05_tdiffabove0p05","CRM","random",NA,NA,"random",NA,0,0,0.0179,28,30,3,2,1,1,1,3,1,0,"Average dose selection %",17.7725,20.5775,20.4328,16.8269,18.9358,NA,NA,10000,10000,0,10000,1e+06,"CRM r_fixed (alpha_true = 0, r_carry = 0)",10000
"random_scenarios_ndose5_nscenario10000_target0p3_tdiffbelow0p05_tdiffabove0p05","CRM","random",NA,NA,"random",NA,0,0,0.0179,28,30,3,2,1,1,1,3,1,0,"Average dose allocation",9.7472,6.3537,5.4402,3.7304,3.641,NA,NA,10000,10000,0,10000,1e+06,"CRM r_fixed (alpha_true = 0, r_carry = 0)",10000
"random_scenarios_ndose5_nscenario10000_target0p3_tdiffbelow0p05_tdiffabove0p05","CRM","random",NA,NA,"random",NA,0,0,0.0179,28,30,3,2,1,1,1,3,1,0,"Average total unique patients",NA,NA,NA,NA,NA,21.8355,NA,10000,10000,0,10000,1e+06,"CRM r_fixed (alpha_true = 0, r_carry = 0)",10000
"random_scenarios_ndose5_nscenario10000_target0p3_tdiffbelow0p05_tdiffabove0p05","CRM","random",NA,NA,"random",NA,0,0,0.0179,28,30,3,2,1,1,1,3,1,0,"Average trial duration",NA,NA,NA,NA,NA,NA,1197.4476,10000,10000,0,10000,1e+06,"CRM r_fixed (alpha_true = 0, r_carry = 0)",10000
"random_scenarios_ndose5_nscenario10000_target0p3_tdiffbelow0p05_tdiffabove0p05","CRM","random",NA,NA,"random",NA,0,0,0.0179,28,30,3,2,1,1,1,3,1,0,"Average MTD selection %",NA,NA,NA,NA,NA,34.695,NA,10000,10000,0,10000,1e+06,"CRM r_fixed (alpha_true = 0, r_carry = 0)",10000
"random_scenarios_ndose5_nscenario10000_target0p3_tdiffbelow0p05_tdiffabove0p05","CRM","random",NA,NA,"random",NA,0,0,0.0179,28,30,3,2,1,1,1,3,1,0,"MCSE of MTD selection %",NA,NA,NA,NA,NA,0.0463,NA,10000,10000,0,10000,1e+06,"CRM r_fixed (alpha_true = 0, r_carry = 0)",10000
"random_scenarios_ndose5_nscenario10000_target0p3_tdiffbelow0p05_tdiffabove0p05","CRM","random",NA,NA,"random",NA,0,0,0.0179,28,30,3,2,1,1,1,3,1,0,"Average MTD allocation",NA,NA,NA,NA,NA,8.4128,NA,10000,10000,0,10000,1e+06,"CRM r_fixed (alpha_true = 0, r_carry = 0)",10000
"random_scenarios_ndose5_nscenario10000_target0p3_tdiffbelow0p05_tdiffabove0p05","CRM","random",NA,NA,"random",NA,0,0,0.0179,28,30,3,2,1,1,1,3,1,0,"Average overdose selection %",NA,NA,NA,NA,NA,27.9067,NA,10000,10000,0,10000,1e+06,"CRM r_fixed (alpha_true = 0, r_carry = 0)",10000
"random_scenarios_ndose5_nscenario10000_target0p3_tdiffbelow0p05_tdiffabove0p05","CRM","random",NA,NA,"random",NA,0,0,0.0179,28,30,3,2,1,1,1,3,1,0,"Average overdose allocation",NA,NA,NA,NA,NA,6.7416,NA,10000,10000,0,10000,1e+06,"CRM r_fixed (alpha_true = 0, r_carry = 0)",10000
"random_scenarios_ndose5_nscenario10000_target0p3_tdiffbelow0p05_tdiffabove0p05","CRM","random",NA,NA,"random",NA,0,0,0.0179,28,30,3,2,1,1,1,3,1,0,"Average underdose allocation",NA,NA,NA,NA,NA,13.7579,NA,10000,10000,0,10000,1e+06,"CRM r_fixed (alpha_true = 0, r_carry = 0)",10000
"random_scenarios_ndose5_nscenario10000_target0p3_tdiffbelow0p05_tdiffabove0p05","CRM","random",NA,NA,"random",NA,0,0,0.0179,28,30,3,2,1,1,1,3,1,0,"Mean paired MTD selection difference vs oracle %",NA,NA,NA,NA,NA,0.1759,NA,10000,10000,0,10000,1e+06,"CRM r_fixed (alpha_true = 0, r_carry = 0)",10000
"random_scenarios_ndose5_nscenario10000_target0p3_tdiffbelow0p05_tdiffabove0p05","CRM","random",NA,NA,"random",NA,0,0,0.0179,28,30,3,2,1,1,1,3,1,0,"SD paired MTD selection difference vs oracle %",NA,NA,NA,NA,NA,3.4942,NA,10000,10000,0,10000,1e+06,"CRM r_fixed (alpha_true = 0, r_carry = 0)",10000
"random_scenarios_ndose5_nscenario10000_target0p3_tdiffbelow0p05_tdiffabove0p05","CRM","alpha_crm",NA,NA,"alpha_crm",NA,0,0,0.0179,28,30,3,2,1,1,1,3,1,0,"Average dose selection %",16.5877,19.3902,19.2672,16.7771,21.5618,NA,NA,10000,10000,0,10000,1e+06,"CRM r_fixed (alpha_true = 0, r_carry = 0)",10000
"random_scenarios_ndose5_nscenario10000_target0p3_tdiffbelow0p05_tdiffabove0p05","CRM","alpha_crm",NA,NA,"alpha_crm",NA,0,0,0.0179,28,30,3,2,1,1,1,3,1,0,"Average dose allocation",9.7277,6.2194,5.1111,3.6788,4.1085,NA,NA,10000,10000,0,10000,1e+06,"CRM r_fixed (alpha_true = 0, r_carry = 0)",10000
"random_scenarios_ndose5_nscenario10000_target0p3_tdiffbelow0p05_tdiffabove0p05","CRM","alpha_crm",NA,NA,"alpha_crm",NA,0,0,0.0179,28,30,3,2,1,1,1,3,1,0,"Average total unique patients",NA,NA,NA,NA,NA,21.9157,NA,10000,10000,0,10000,1e+06,"CRM r_fixed (alpha_true = 0, r_carry = 0)",10000
"random_scenarios_ndose5_nscenario10000_target0p3_tdiffbelow0p05_tdiffabove0p05","CRM","alpha_crm",NA,NA,"alpha_crm",NA,0,0,0.0179,28,30,3,2,1,1,1,3,1,0,"Average trial duration",NA,NA,NA,NA,NA,NA,1201.9336,10000,10000,0,10000,1e+06,"CRM r_fixed (alpha_true = 0, r_carry = 0)",10000
"random_scenarios_ndose5_nscenario10000_target0p3_tdiffbelow0p05_tdiffabove0p05","CRM","alpha_crm",NA,NA,"alpha_crm",NA,0,0,0.0179,28,30,3,2,1,1,1,3,1,0,"Average MTD selection %",NA,NA,NA,NA,NA,34.2254,NA,10000,10000,0,10000,1e+06,"CRM r_fixed (alpha_true = 0, r_carry = 0)",10000
"random_scenarios_ndose5_nscenario10000_target0p3_tdiffbelow0p05_tdiffabove0p05","CRM","alpha_crm",NA,NA,"alpha_crm",NA,0,0,0.0179,28,30,3,2,1,1,1,3,1,0,"MCSE of MTD selection %",NA,NA,NA,NA,NA,0.0458,NA,10000,10000,0,10000,1e+06,"CRM r_fixed (alpha_true = 0, r_carry = 0)",10000
"random_scenarios_ndose5_nscenario10000_target0p3_tdiffbelow0p05_tdiffabove0p05","CRM","alpha_crm",NA,NA,"alpha_crm",NA,0,0,0.0179,28,30,3,2,1,1,1,3,1,0,"Average MTD allocation",NA,NA,NA,NA,NA,8.4273,NA,10000,10000,0,10000,1e+06,"CRM r_fixed (alpha_true = 0, r_carry = 0)",10000
"random_scenarios_ndose5_nscenario10000_target0p3_tdiffbelow0p05_tdiffabove0p05","CRM","alpha_crm",NA,NA,"alpha_crm",NA,0,0,0.0179,28,30,3,2,1,1,1,3,1,0,"Average overdose selection %",NA,NA,NA,NA,NA,29.9013,NA,10000,10000,0,10000,1e+06,"CRM r_fixed (alpha_true = 0, r_carry = 0)",10000
"random_scenarios_ndose5_nscenario10000_target0p3_tdiffbelow0p05_tdiffabove0p05","CRM","alpha_crm",NA,NA,"alpha_crm",NA,0,0,0.0179,28,30,3,2,1,1,1,3,1,0,"Average overdose allocation",NA,NA,NA,NA,NA,6.9782,NA,10000,10000,0,10000,1e+06,"CRM r_fixed (alpha_true = 0, r_carry = 0)",10000
"random_scenarios_ndose5_nscenario10000_target0p3_tdiffbelow0p05_tdiffabove0p05","CRM","alpha_crm",NA,NA,"alpha_crm",NA,0,0,0.0179,28,30,3,2,1,1,1,3,1,0,"Average underdose allocation",NA,NA,NA,NA,NA,13.44,NA,10000,10000,0,10000,1e+06,"CRM r_fixed (alpha_true = 0, r_carry = 0)",10000
"random_scenarios_ndose5_nscenario10000_target0p3_tdiffbelow0p05_tdiffabove0p05","CRM","alpha_crm",NA,NA,"alpha_crm",NA,0,0,0.0179,28,30,3,2,1,1,1,3,1,0,"Mean paired MTD selection difference vs oracle %",NA,NA,NA,NA,NA,-0.2937,NA,10000,10000,0,10000,1e+06,"CRM r_fixed (alpha_true = 0, r_carry = 0)",10000
"random_scenarios_ndose5_nscenario10000_target0p3_tdiffbelow0p05_tdiffabove0p05","CRM","alpha_crm",NA,NA,"alpha_crm",NA,0,0,0.0179,28,30,3,2,1,1,1,3,1,0,"SD paired MTD selection difference vs oracle %",NA,NA,NA,NA,NA,5.9534,NA,10000,10000,0,10000,1e+06,"CRM r_fixed (alpha_true = 0, r_carry = 0)",10000
"random_scenarios_ndose5_nscenario10000_target0p3_tdiffbelow0p05_tdiffabove0p05","CRM","cumu_crm",NA,NA,"cumu_crm",NA,0,0,0.0179,28,30,3,2,1,1,1,3,1,0,"Average dose selection %",11.6369,20.0478,18.148,19.6651,28.2063,NA,NA,10000,10000,0,10000,1e+06,"CRM r_fixed (alpha_true = 0, r_carry = 0)",10000
"random_scenarios_ndose5_nscenario10000_target0p3_tdiffbelow0p05_tdiffabove0p05","CRM","cumu_crm",NA,NA,"cumu_crm",NA,0,0,0.0179,28,30,3,2,1,1,1,3,1,0,"Average dose allocation",6.475,7.6195,5.6047,4.4558,5.3664,NA,NA,10000,10000,0,10000,1e+06,"CRM r_fixed (alpha_true = 0, r_carry = 0)",10000
"random_scenarios_ndose5_nscenario10000_target0p3_tdiffbelow0p05_tdiffabove0p05","CRM","cumu_crm",NA,NA,"cumu_crm",NA,0,0,0.0179,28,30,3,2,1,1,1,3,1,0,"Average total unique patients",NA,NA,NA,NA,NA,22.5664,NA,10000,10000,0,10000,1e+06,"CRM r_fixed (alpha_true = 0, r_carry = 0)",10000
"random_scenarios_ndose5_nscenario10000_target0p3_tdiffbelow0p05_tdiffabove0p05","CRM","cumu_crm",NA,NA,"cumu_crm",NA,0,0,0.0179,28,30,3,2,1,1,1,3,1,0,"Average trial duration",NA,NA,NA,NA,NA,NA,1238.2509,10000,10000,0,10000,1e+06,"CRM r_fixed (alpha_true = 0, r_carry = 0)",10000
"random_scenarios_ndose5_nscenario10000_target0p3_tdiffbelow0p05_tdiffabove0p05","CRM","cumu_crm",NA,NA,"cumu_crm",NA,0,0,0.0179,28,30,3,2,1,1,1,3,1,0,"Average MTD selection %",NA,NA,NA,NA,NA,35.6222,NA,10000,10000,0,10000,1e+06,"CRM r_fixed (alpha_true = 0, r_carry = 0)",10000
"random_scenarios_ndose5_nscenario10000_target0p3_tdiffbelow0p05_tdiffabove0p05","CRM","cumu_crm",NA,NA,"cumu_crm",NA,0,0,0.0179,28,30,3,2,1,1,1,3,1,0,"MCSE of MTD selection %",NA,NA,NA,NA,NA,0.0452,NA,10000,10000,0,10000,1e+06,"CRM r_fixed (alpha_true = 0, r_carry = 0)",10000
"random_scenarios_ndose5_nscenario10000_target0p3_tdiffbelow0p05_tdiffabove0p05","CRM","cumu_crm",NA,NA,"cumu_crm",NA,0,0,0.0179,28,30,3,2,1,1,1,3,1,0,"Average MTD allocation",NA,NA,NA,NA,NA,8.6528,NA,10000,10000,0,10000,1e+06,"CRM r_fixed (alpha_true = 0, r_carry = 0)",10000
"random_scenarios_ndose5_nscenario10000_target0p3_tdiffbelow0p05_tdiffabove0p05","CRM","cumu_crm",NA,NA,"cumu_crm",NA,0,0,0.0179,28,30,3,2,1,1,1,3,1,0,"Average overdose selection %",NA,NA,NA,NA,NA,40.3064,NA,10000,10000,0,10000,1e+06,"CRM r_fixed (alpha_true = 0, r_carry = 0)",10000
"random_scenarios_ndose5_nscenario10000_target0p3_tdiffbelow0p05_tdiffabove0p05","CRM","cumu_crm",NA,NA,"cumu_crm",NA,0,0,0.0179,28,30,3,2,1,1,1,3,1,0,"Average overdose allocation",NA,NA,NA,NA,NA,9.5564,NA,10000,10000,0,10000,1e+06,"CRM r_fixed (alpha_true = 0, r_carry = 0)",10000
"random_scenarios_ndose5_nscenario10000_target0p3_tdiffbelow0p05_tdiffabove0p05","CRM","cumu_crm",NA,NA,"cumu_crm",NA,0,0,0.0179,28,30,3,2,1,1,1,3,1,0,"Average underdose allocation",NA,NA,NA,NA,NA,11.3122,NA,10000,10000,0,10000,1e+06,"CRM r_fixed (alpha_true = 0, r_carry = 0)",10000
"random_scenarios_ndose5_nscenario10000_target0p3_tdiffbelow0p05_tdiffabove0p05","CRM","cumu_crm",NA,NA,"cumu_crm",NA,0,0,0.0179,28,30,3,2,1,1,1,3,1,0,"Mean paired MTD selection difference vs oracle %",NA,NA,NA,NA,NA,1.1031,NA,10000,10000,0,10000,1e+06,"CRM r_fixed (alpha_true = 0, r_carry = 0)",10000
"random_scenarios_ndose5_nscenario10000_target0p3_tdiffbelow0p05_tdiffabove0p05","CRM","cumu_crm",NA,NA,"cumu_crm",NA,0,0,0.0179,28,30,3,2,1,1,1,3,1,0,"SD paired MTD selection difference vs oracle %",NA,NA,NA,NA,NA,12.0244,NA,10000,10000,0,10000,1e+06,"CRM r_fixed (alpha_true = 0, r_carry = 0)",10000
"random_scenarios_ndose5_nscenario10000_target0p3_tdiffbelow0p05_tdiffabove0p05","CRM","r_fixed",NA,NA,"r_fixed",NA,0.3,0,0.0179,28,30,3,2,1,1,1,3,1,0,"Average dose selection %",23.7528,23.558,20.0913,14.3993,12.4086,NA,NA,10000,10000,0,10000,1e+06,"CRM r_fixed (alpha_true = 0, r_carry = 0)",10000
"random_scenarios_ndose5_nscenario10000_target0p3_tdiffbelow0p05_tdiffabove0p05","CRM","r_fixed",NA,NA,"r_fixed",NA,0.3,0,0.0179,28,30,3,2,1,1,1,3,1,0,"Average dose allocation",11.1871,6.9045,5.2377,3.2073,2.3368,NA,NA,10000,10000,0,10000,1e+06,"CRM r_fixed (alpha_true = 0, r_carry = 0)",10000
"random_scenarios_ndose5_nscenario10000_target0p3_tdiffbelow0p05_tdiffabove0p05","CRM","r_fixed",NA,NA,"r_fixed",NA,0.3,0,0.0179,28,30,3,2,1,1,1,3,1,0,"Average total unique patients",NA,NA,NA,NA,NA,21.9502,NA,10000,10000,0,10000,1e+06,"CRM r_fixed (alpha_true = 0, r_carry = 0)",10000
"random_scenarios_ndose5_nscenario10000_target0p3_tdiffbelow0p05_tdiffabove0p05","CRM","r_fixed",NA,NA,"r_fixed",NA,0.3,0,0.0179,28,30,3,2,1,1,1,3,1,0,"Average trial duration",NA,NA,NA,NA,NA,NA,1203.7616,10000,10000,0,10000,1e+06,"CRM r_fixed (alpha_true = 0, r_carry = 0)",10000
"random_scenarios_ndose5_nscenario10000_target0p3_tdiffbelow0p05_tdiffabove0p05","CRM","r_fixed",NA,NA,"r_fixed",NA,0.3,0,0.0179,28,30,3,2,1,1,1,3,1,0,"Average MTD selection %",NA,NA,NA,NA,NA,34.1348,NA,10000,10000,0,10000,1e+06,"CRM r_fixed (alpha_true = 0, r_carry = 0)",10000
"random_scenarios_ndose5_nscenario10000_target0p3_tdiffbelow0p05_tdiffabove0p05","CRM","r_fixed",NA,NA,"r_fixed",NA,0.3,0,0.0179,28,30,3,2,1,1,1,3,1,0,"MCSE of MTD selection %",NA,NA,NA,NA,NA,0.0458,NA,10000,10000,0,10000,1e+06,"CRM r_fixed (alpha_true = 0, r_carry = 0)",10000
"random_scenarios_ndose5_nscenario10000_target0p3_tdiffbelow0p05_tdiffabove0p05","CRM","r_fixed",NA,NA,"r_fixed",NA,0.3,0,0.0179,28,30,3,2,1,1,1,3,1,0,"Average MTD allocation",NA,NA,NA,NA,NA,8.4208,NA,10000,10000,0,10000,1e+06,"CRM r_fixed (alpha_true = 0, r_carry = 0)",10000
"random_scenarios_ndose5_nscenario10000_target0p3_tdiffbelow0p05_tdiffabove0p05","CRM","r_fixed",NA,NA,"r_fixed",NA,0.3,0,0.0179,28,30,3,2,1,1,1,3,1,0,"Average overdose selection %",NA,NA,NA,NA,NA,18.9063,NA,10000,10000,0,10000,1e+06,"CRM r_fixed (alpha_true = 0, r_carry = 0)",10000
"random_scenarios_ndose5_nscenario10000_target0p3_tdiffbelow0p05_tdiffabove0p05","CRM","r_fixed",NA,NA,"r_fixed",NA,0.3,0,0.0179,28,30,3,2,1,1,1,3,1,0,"Average overdose allocation",NA,NA,NA,NA,NA,4.9643,NA,10000,10000,0,10000,1e+06,"CRM r_fixed (alpha_true = 0, r_carry = 0)",10000
"random_scenarios_ndose5_nscenario10000_target0p3_tdiffbelow0p05_tdiffabove0p05","CRM","r_fixed",NA,NA,"r_fixed",NA,0.3,0,0.0179,28,30,3,2,1,1,1,3,1,0,"Average underdose allocation",NA,NA,NA,NA,NA,15.4883,NA,10000,10000,0,10000,1e+06,"CRM r_fixed (alpha_true = 0, r_carry = 0)",10000
"random_scenarios_ndose5_nscenario10000_target0p3_tdiffbelow0p05_tdiffabove0p05","CRM","r_fixed",NA,NA,"r_fixed",NA,0.3,0,0.0179,28,30,3,2,1,1,1,3,1,0,"Mean paired MTD selection difference vs oracle %",NA,NA,NA,NA,NA,-0.3843,NA,10000,10000,0,10000,1e+06,"CRM r_fixed (alpha_true = 0, r_carry = 0)",10000
"random_scenarios_ndose5_nscenario10000_target0p3_tdiffbelow0p05_tdiffabove0p05","CRM","r_fixed",NA,NA,"r_fixed",NA,0.3,0,0.0179,28,30,3,2,1,1,1,3,1,0,"SD paired MTD selection difference vs oracle %",NA,NA,NA,NA,NA,6.3443,NA,10000,10000,0,10000,1e+06,"CRM r_fixed (alpha_true = 0, r_carry = 0)",10000
"random_scenarios_ndose5_nscenario10000_target0p3_tdiffbelow0p05_tdiffabove0p05","CRM","random",NA,NA,"random",NA,0.3,0,0.0179,28,30,3,2,1,1,1,3,1,0,"Average dose selection %",20.9949,22.6556,20.1474,15.4556,15.1436,NA,NA,10000,10000,0,10000,1e+06,"CRM r_fixed (alpha_true = 0, r_carry = 0)",10000
"random_scenarios_ndose5_nscenario10000_target0p3_tdiffbelow0p05_tdiffabove0p05","CRM","random",NA,NA,"random",NA,0.3,0,0.0179,28,30,3,2,1,1,1,3,1,0,"Average dose allocation",10.3421,6.7904,5.3209,3.455,2.9899,NA,NA,10000,10000,0,10000,1e+06,"CRM r_fixed (alpha_true = 0, r_carry = 0)",10000
"random_scenarios_ndose5_nscenario10000_target0p3_tdiffbelow0p05_tdiffabove0p05","CRM","random",NA,NA,"random",NA,0.3,0,0.0179,28,30,3,2,1,1,1,3,1,0,"Average total unique patients",NA,NA,NA,NA,NA,21.81,NA,10000,10000,0,10000,1e+06,"CRM r_fixed (alpha_true = 0, r_carry = 0)",10000
"random_scenarios_ndose5_nscenario10000_target0p3_tdiffbelow0p05_tdiffabove0p05","CRM","random",NA,NA,"random",NA,0.3,0,0.0179,28,30,3,2,1,1,1,3,1,0,"Average trial duration",NA,NA,NA,NA,NA,NA,1195.9278,10000,10000,0,10000,1e+06,"CRM r_fixed (alpha_true = 0, r_carry = 0)",10000
"random_scenarios_ndose5_nscenario10000_target0p3_tdiffbelow0p05_tdiffabove0p05","CRM","random",NA,NA,"random",NA,0.3,0,0.0179,28,30,3,2,1,1,1,3,1,0,"Average MTD selection %",NA,NA,NA,NA,NA,34.5974,NA,10000,10000,0,10000,1e+06,"CRM r_fixed (alpha_true = 0, r_carry = 0)",10000
"random_scenarios_ndose5_nscenario10000_target0p3_tdiffbelow0p05_tdiffabove0p05","CRM","random",NA,NA,"random",NA,0.3,0,0.0179,28,30,3,2,1,1,1,3,1,0,"MCSE of MTD selection %",NA,NA,NA,NA,NA,0.0462,NA,10000,10000,0,10000,1e+06,"CRM r_fixed (alpha_true = 0, r_carry = 0)",10000
"random_scenarios_ndose5_nscenario10000_target0p3_tdiffbelow0p05_tdiffabove0p05","CRM","random",NA,NA,"random",NA,0.3,0,0.0179,28,30,3,2,1,1,1,3,1,0,"Average MTD allocation",NA,NA,NA,NA,NA,8.4485,NA,10000,10000,0,10000,1e+06,"CRM r_fixed (alpha_true = 0, r_carry = 0)",10000
"random_scenarios_ndose5_nscenario10000_target0p3_tdiffbelow0p05_tdiffabove0p05","CRM","random",NA,NA,"random",NA,0.3,0,0.0179,28,30,3,2,1,1,1,3,1,0,"Average overdose selection %",NA,NA,NA,NA,NA,22.6563,NA,10000,10000,0,10000,1e+06,"CRM r_fixed (alpha_true = 0, r_carry = 0)",10000
"random_scenarios_ndose5_nscenario10000_target0p3_tdiffbelow0p05_tdiffabove0p05","CRM","random",NA,NA,"random",NA,0.3,0,0.0179,28,30,3,2,1,1,1,3,1,0,"Average overdose allocation",NA,NA,NA,NA,NA,5.858,NA,10000,10000,0,10000,1e+06,"CRM r_fixed (alpha_true = 0, r_carry = 0)",10000
"random_scenarios_ndose5_nscenario10000_target0p3_tdiffbelow0p05_tdiffabove0p05","CRM","random",NA,NA,"random",NA,0.3,0,0.0179,28,30,3,2,1,1,1,3,1,0,"Average underdose allocation",NA,NA,NA,NA,NA,14.5918,NA,10000,10000,0,10000,1e+06,"CRM r_fixed (alpha_true = 0, r_carry = 0)",10000
"random_scenarios_ndose5_nscenario10000_target0p3_tdiffbelow0p05_tdiffabove0p05","CRM","random",NA,NA,"random",NA,0.3,0,0.0179,28,30,3,2,1,1,1,3,1,0,"Mean paired MTD selection difference vs oracle %",NA,NA,NA,NA,NA,0.0783,NA,10000,10000,0,10000,1e+06,"CRM r_fixed (alpha_true = 0, r_carry = 0)",10000
"random_scenarios_ndose5_nscenario10000_target0p3_tdiffbelow0p05_tdiffabove0p05","CRM","random",NA,NA,"random",NA,0.3,0,0.0179,28,30,3,2,1,1,1,3,1,0,"SD paired MTD selection difference vs oracle %",NA,NA,NA,NA,NA,4.3987,NA,10000,10000,0,10000,1e+06,"CRM r_fixed (alpha_true = 0, r_carry = 0)",10000
"random_scenarios_ndose5_nscenario10000_target0p3_tdiffbelow0p05_tdiffabove0p05","CRM","alpha_crm",NA,NA,"alpha_crm",NA,0.3,0,0.0179,28,30,3,2,1,1,1,3,1,0,"Average dose selection %",20.2492,21.475,18.9046,15.34,17.416,NA,NA,10000,10000,0,10000,1e+06,"CRM r_fixed (alpha_true = 0, r_carry = 0)",10000
"random_scenarios_ndose5_nscenario10000_target0p3_tdiffbelow0p05_tdiffabove0p05","CRM","alpha_crm",NA,NA,"alpha_crm",NA,0.3,0,0.0179,28,30,3,2,1,1,1,3,1,0,"Average dose allocation",10.4308,6.699,4.9845,3.3818,3.3308,NA,NA,10000,10000,0,10000,1e+06,"CRM r_fixed (alpha_true = 0, r_carry = 0)",10000
"random_scenarios_ndose5_nscenario10000_target0p3_tdiffbelow0p05_tdiffabove0p05","CRM","alpha_crm",NA,NA,"alpha_crm",NA,0.3,0,0.0179,28,30,3,2,1,1,1,3,1,0,"Average total unique patients",NA,NA,NA,NA,NA,21.9144,NA,10000,10000,0,10000,1e+06,"CRM r_fixed (alpha_true = 0, r_carry = 0)",10000
"random_scenarios_ndose5_nscenario10000_target0p3_tdiffbelow0p05_tdiffabove0p05","CRM","alpha_crm",NA,NA,"alpha_crm",NA,0.3,0,0.0179,28,30,3,2,1,1,1,3,1,0,"Average trial duration",NA,NA,NA,NA,NA,NA,1201.8987,10000,10000,0,10000,1e+06,"CRM r_fixed (alpha_true = 0, r_carry = 0)",10000
"random_scenarios_ndose5_nscenario10000_target0p3_tdiffbelow0p05_tdiffabove0p05","CRM","alpha_crm",NA,NA,"alpha_crm",NA,0.3,0,0.0179,28,30,3,2,1,1,1,3,1,0,"Average MTD selection %",NA,NA,NA,NA,NA,34.5358,NA,10000,10000,0,10000,1e+06,"CRM r_fixed (alpha_true = 0, r_carry = 0)",10000
"random_scenarios_ndose5_nscenario10000_target0p3_tdiffbelow0p05_tdiffabove0p05","CRM","alpha_crm",NA,NA,"alpha_crm",NA,0.3,0,0.0179,28,30,3,2,1,1,1,3,1,0,"MCSE of MTD selection %",NA,NA,NA,NA,NA,0.0461,NA,10000,10000,0,10000,1e+06,"CRM r_fixed (alpha_true = 0, r_carry = 0)",10000
"random_scenarios_ndose5_nscenario10000_target0p3_tdiffbelow0p05_tdiffabove0p05","CRM","alpha_crm",NA,NA,"alpha_crm",NA,0.3,0,0.0179,28,30,3,2,1,1,1,3,1,0,"Average MTD allocation",NA,NA,NA,NA,NA,8.5111,NA,10000,10000,0,10000,1e+06,"CRM r_fixed (alpha_true = 0, r_carry = 0)",10000
"random_scenarios_ndose5_nscenario10000_target0p3_tdiffbelow0p05_tdiffabove0p05","CRM","alpha_crm",NA,NA,"alpha_crm",NA,0.3,0,0.0179,28,30,3,2,1,1,1,3,1,0,"Average overdose selection %",NA,NA,NA,NA,NA,23.9912,NA,10000,10000,0,10000,1e+06,"CRM r_fixed (alpha_true = 0, r_carry = 0)",10000
"random_scenarios_ndose5_nscenario10000_target0p3_tdiffbelow0p05_tdiffabove0p05","CRM","alpha_crm",NA,NA,"alpha_crm",NA,0.3,0,0.0179,28,30,3,2,1,1,1,3,1,0,"Average overdose allocation",NA,NA,NA,NA,NA,5.9403,NA,10000,10000,0,10000,1e+06,"CRM r_fixed (alpha_true = 0, r_carry = 0)",10000
"random_scenarios_ndose5_nscenario10000_target0p3_tdiffbelow0p05_tdiffabove0p05","CRM","alpha_crm",NA,NA,"alpha_crm",NA,0.3,0,0.0179,28,30,3,2,1,1,1,3,1,0,"Average underdose allocation",NA,NA,NA,NA,NA,14.3754,NA,10000,10000,0,10000,1e+06,"CRM r_fixed (alpha_true = 0, r_carry = 0)",10000
"random_scenarios_ndose5_nscenario10000_target0p3_tdiffbelow0p05_tdiffabove0p05","CRM","alpha_crm",NA,NA,"alpha_crm",NA,0.3,0,0.0179,28,30,3,2,1,1,1,3,1,0,"Mean paired MTD selection difference vs oracle %",NA,NA,NA,NA,NA,0.0167,NA,10000,10000,0,10000,1e+06,"CRM r_fixed (alpha_true = 0, r_carry = 0)",10000
"random_scenarios_ndose5_nscenario10000_target0p3_tdiffbelow0p05_tdiffabove0p05","CRM","alpha_crm",NA,NA,"alpha_crm",NA,0.3,0,0.0179,28,30,3,2,1,1,1,3,1,0,"SD paired MTD selection difference vs oracle %",NA,NA,NA,NA,NA,4.2558,NA,10000,10000,0,10000,1e+06,"CRM r_fixed (alpha_true = 0, r_carry = 0)",10000
"random_scenarios_ndose5_nscenario10000_target0p3_tdiffbelow0p05_tdiffabove0p05","CRM","cumu_crm",NA,NA,"cumu_crm",NA,0.3,0,0.0179,28,30,3,2,1,1,1,3,1,0,"Average dose selection %",13.8484,22.5154,18.6692,18.7225,23.836,NA,NA,10000,10000,0,10000,1e+06,"CRM r_fixed (alpha_true = 0, r_carry = 0)",10000
"random_scenarios_ndose5_nscenario10000_target0p3_tdiffbelow0p05_tdiffabove0p05","CRM","cumu_crm",NA,NA,"cumu_crm",NA,0.3,0,0.0179,28,30,3,2,1,1,1,3,1,0,"Average dose allocation",7.0147,8.1897,5.5833,4.2154,4.507,NA,NA,10000,10000,0,10000,1e+06,"CRM r_fixed (alpha_true = 0, r_carry = 0)",10000
"random_scenarios_ndose5_nscenario10000_target0p3_tdiffbelow0p05_tdiffabove0p05","CRM","cumu_crm",NA,NA,"cumu_crm",NA,0.3,0,0.0179,28,30,3,2,1,1,1,3,1,0,"Average total unique patients",NA,NA,NA,NA,NA,22.4949,NA,10000,10000,0,10000,1e+06,"CRM r_fixed (alpha_true = 0, r_carry = 0)",10000
"random_scenarios_ndose5_nscenario10000_target0p3_tdiffbelow0p05_tdiffabove0p05","CRM","cumu_crm",NA,NA,"cumu_crm",NA,0.3,0,0.0179,28,30,3,2,1,1,1,3,1,0,"Average trial duration",NA,NA,NA,NA,NA,NA,1234.3167,10000,10000,0,10000,1e+06,"CRM r_fixed (alpha_true = 0, r_carry = 0)",10000
"random_scenarios_ndose5_nscenario10000_target0p3_tdiffbelow0p05_tdiffabove0p05","CRM","cumu_crm",NA,NA,"cumu_crm",NA,0.3,0,0.0179,28,30,3,2,1,1,1,3,1,0,"Average MTD selection %",NA,NA,NA,NA,NA,36.83,NA,10000,10000,0,10000,1e+06,"CRM r_fixed (alpha_true = 0, r_carry = 0)",10000
"random_scenarios_ndose5_nscenario10000_target0p3_tdiffbelow0p05_tdiffabove0p05","CRM","cumu_crm",NA,NA,"cumu_crm",NA,0.3,0,0.0179,28,30,3,2,1,1,1,3,1,0,"MCSE of MTD selection %",NA,NA,NA,NA,NA,0.0463,NA,10000,10000,0,10000,1e+06,"CRM r_fixed (alpha_true = 0, r_carry = 0)",10000
"random_scenarios_ndose5_nscenario10000_target0p3_tdiffbelow0p05_tdiffabove0p05","CRM","cumu_crm",NA,NA,"cumu_crm",NA,0.3,0,0.0179,28,30,3,2,1,1,1,3,1,0,"Average MTD allocation",NA,NA,NA,NA,NA,8.8524,NA,10000,10000,0,10000,1e+06,"CRM r_fixed (alpha_true = 0, r_carry = 0)",10000
"random_scenarios_ndose5_nscenario10000_target0p3_tdiffbelow0p05_tdiffabove0p05","CRM","cumu_crm",NA,NA,"cumu_crm",NA,0.3,0,0.0179,28,30,3,2,1,1,1,3,1,0,"Average overdose selection %",NA,NA,NA,NA,NA,34.947,NA,10000,10000,0,10000,1e+06,"CRM r_fixed (alpha_true = 0, r_carry = 0)",10000
"random_scenarios_ndose5_nscenario10000_target0p3_tdiffbelow0p05_tdiffabove0p05","CRM","cumu_crm",NA,NA,"cumu_crm",NA,0.3,0,0.0179,28,30,3,2,1,1,1,3,1,0,"Average overdose allocation",NA,NA,NA,NA,NA,8.5261,NA,10000,10000,0,10000,1e+06,"CRM r_fixed (alpha_true = 0, r_carry = 0)",10000
"random_scenarios_ndose5_nscenario10000_target0p3_tdiffbelow0p05_tdiffabove0p05","CRM","cumu_crm",NA,NA,"cumu_crm",NA,0.3,0,0.0179,28,30,3,2,1,1,1,3,1,0,"Average underdose allocation",NA,NA,NA,NA,NA,12.1317,NA,10000,10000,0,10000,1e+06,"CRM r_fixed (alpha_true = 0, r_carry = 0)",10000
"random_scenarios_ndose5_nscenario10000_target0p3_tdiffbelow0p05_tdiffabove0p05","CRM","cumu_crm",NA,NA,"cumu_crm",NA,0.3,0,0.0179,28,30,3,2,1,1,1,3,1,0,"Mean paired MTD selection difference vs oracle %",NA,NA,NA,NA,NA,2.3109,NA,10000,10000,0,10000,1e+06,"CRM r_fixed (alpha_true = 0, r_carry = 0)",10000
"random_scenarios_ndose5_nscenario10000_target0p3_tdiffbelow0p05_tdiffabove0p05","CRM","cumu_crm",NA,NA,"cumu_crm",NA,0.3,0,0.0179,28,30,3,2,1,1,1,3,1,0,"SD paired MTD selection difference vs oracle %",NA,NA,NA,NA,NA,8.851,NA,10000,10000,0,10000,1e+06,"CRM r_fixed (alpha_true = 0, r_carry = 0)",10000
"random_scenarios_ndose5_nscenario10000_target0p3_tdiffbelow0p05_tdiffabove0p05","CRM","r_fixed",NA,NA,"r_fixed",NA,0.6,0,0.0179,28,30,3,2,1,1,1,3,1,0,"Average dose selection %",28.4355,25.1206,19.137,12.3438,8.9333,NA,NA,10000,10000,0,10000,1e+06,"CRM r_fixed (alpha_true = 0, r_carry = 0)",10000
"random_scenarios_ndose5_nscenario10000_target0p3_tdiffbelow0p05_tdiffabove0p05","CRM","r_fixed",NA,NA,"r_fixed",NA,0.6,0,0.0179,28,30,3,2,1,1,1,3,1,0,"Average dose allocation",12.1675,7.2095,4.9466,2.8007,1.7229,NA,NA,10000,10000,0,10000,1e+06,"CRM r_fixed (alpha_true = 0, r_carry = 0)",10000
"random_scenarios_ndose5_nscenario10000_target0p3_tdiffbelow0p05_tdiffabove0p05","CRM","r_fixed",NA,NA,"r_fixed",NA,0.6,0,0.0179,28,30,3,2,1,1,1,3,1,0,"Average total unique patients",NA,NA,NA,NA,NA,22.0398,NA,10000,10000,0,10000,1e+06,"CRM r_fixed (alpha_true = 0, r_carry = 0)",10000
"random_scenarios_ndose5_nscenario10000_target0p3_tdiffbelow0p05_tdiffabove0p05","CRM","r_fixed",NA,NA,"r_fixed",NA,0.6,0,0.0179,28,30,3,2,1,1,1,3,1,0,"Average trial duration",NA,NA,NA,NA,NA,NA,1208.6695,10000,10000,0,10000,1e+06,"CRM r_fixed (alpha_true = 0, r_carry = 0)",10000
"random_scenarios_ndose5_nscenario10000_target0p3_tdiffbelow0p05_tdiffabove0p05","CRM","r_fixed",NA,NA,"r_fixed",NA,0.6,0,0.0179,28,30,3,2,1,1,1,3,1,0,"Average MTD selection %",NA,NA,NA,NA,NA,32.9182,NA,10000,10000,0,10000,1e+06,"CRM r_fixed (alpha_true = 0, r_carry = 0)",10000
"random_scenarios_ndose5_nscenario10000_target0p3_tdiffbelow0p05_tdiffabove0p05","CRM","r_fixed",NA,NA,"r_fixed",NA,0.6,0,0.0179,28,30,3,2,1,1,1,3,1,0,"MCSE of MTD selection %",NA,NA,NA,NA,NA,0.0444,NA,10000,10000,0,10000,1e+06,"CRM r_fixed (alpha_true = 0, r_carry = 0)",10000
"random_scenarios_ndose5_nscenario10000_target0p3_tdiffbelow0p05_tdiffabove0p05","CRM","r_fixed",NA,NA,"r_fixed",NA,0.6,0,0.0179,28,30,3,2,1,1,1,3,1,0,"Average MTD allocation",NA,NA,NA,NA,NA,8.3216,NA,10000,10000,0,10000,1e+06,"CRM r_fixed (alpha_true = 0, r_carry = 0)",10000
"random_scenarios_ndose5_nscenario10000_target0p3_tdiffbelow0p05_tdiffabove0p05","CRM","r_fixed",NA,NA,"r_fixed",NA,0.6,0,0.0179,28,30,3,2,1,1,1,3,1,0,"Average overdose selection %",NA,NA,NA,NA,NA,13.375,NA,10000,10000,0,10000,1e+06,"CRM r_fixed (alpha_true = 0, r_carry = 0)",10000
"random_scenarios_ndose5_nscenario10000_target0p3_tdiffbelow0p05_tdiffabove0p05","CRM","r_fixed",NA,NA,"r_fixed",NA,0.6,0,0.0179,28,30,3,2,1,1,1,3,1,0,"Average overdose allocation",NA,NA,NA,NA,NA,3.9358,NA,10000,10000,0,10000,1e+06,"CRM r_fixed (alpha_true = 0, r_carry = 0)",10000
"random_scenarios_ndose5_nscenario10000_target0p3_tdiffbelow0p05_tdiffabove0p05","CRM","r_fixed",NA,NA,"r_fixed",NA,0.6,0,0.0179,28,30,3,2,1,1,1,3,1,0,"Average underdose allocation",NA,NA,NA,NA,NA,16.5898,NA,10000,10000,0,10000,1e+06,"CRM r_fixed (alpha_true = 0, r_carry = 0)",10000
"random_scenarios_ndose5_nscenario10000_target0p3_tdiffbelow0p05_tdiffabove0p05","CRM","r_fixed",NA,NA,"r_fixed",NA,0.6,0,0.0179,28,30,3,2,1,1,1,3,1,0,"Mean paired MTD selection difference vs oracle %",NA,NA,NA,NA,NA,-1.6009,NA,10000,10000,0,10000,1e+06,"CRM r_fixed (alpha_true = 0, r_carry = 0)",10000
"random_scenarios_ndose5_nscenario10000_target0p3_tdiffbelow0p05_tdiffabove0p05","CRM","r_fixed",NA,NA,"r_fixed",NA,0.6,0,0.0179,28,30,3,2,1,1,1,3,1,0,"SD paired MTD selection difference vs oracle %",NA,NA,NA,NA,NA,11.0922,NA,10000,10000,0,10000,1e+06,"CRM r_fixed (alpha_true = 0, r_carry = 0)",10000
"random_scenarios_ndose5_nscenario10000_target0p3_tdiffbelow0p05_tdiffabove0p05","CRM","random",NA,NA,"random",NA,0.6,0,0.0179,28,30,3,2,1,1,1,3,1,0,"Average dose selection %",24.2233,24.2329,19.586,14.0235,12.166,NA,NA,10000,10000,0,10000,1e+06,"CRM r_fixed (alpha_true = 0, r_carry = 0)",10000
"random_scenarios_ndose5_nscenario10000_target0p3_tdiffbelow0p05_tdiffabove0p05","CRM","random",NA,NA,"random",NA,0.6,0,0.0179,28,30,3,2,1,1,1,3,1,0,"Average dose allocation",10.9559,7.1282,5.1531,3.1805,2.4649,NA,NA,10000,10000,0,10000,1e+06,"CRM r_fixed (alpha_true = 0, r_carry = 0)",10000
"random_scenarios_ndose5_nscenario10000_target0p3_tdiffbelow0p05_tdiffabove0p05","CRM","random",NA,NA,"random",NA,0.6,0,0.0179,28,30,3,2,1,1,1,3,1,0,"Average total unique patients",NA,NA,NA,NA,NA,21.7947,NA,10000,10000,0,10000,1e+06,"CRM r_fixed (alpha_true = 0, r_carry = 0)",10000
"random_scenarios_ndose5_nscenario10000_target0p3_tdiffbelow0p05_tdiffabove0p05","CRM","random",NA,NA,"random",NA,0.6,0,0.0179,28,30,3,2,1,1,1,3,1,0,"Average trial duration",NA,NA,NA,NA,NA,NA,1194.9924,10000,10000,0,10000,1e+06,"CRM r_fixed (alpha_true = 0, r_carry = 0)",10000
"random_scenarios_ndose5_nscenario10000_target0p3_tdiffbelow0p05_tdiffabove0p05","CRM","random",NA,NA,"random",NA,0.6,0,0.0179,28,30,3,2,1,1,1,3,1,0,"Average MTD selection %",NA,NA,NA,NA,NA,33.9491,NA,10000,10000,0,10000,1e+06,"CRM r_fixed (alpha_true = 0, r_carry = 0)",10000
"random_scenarios_ndose5_nscenario10000_target0p3_tdiffbelow0p05_tdiffabove0p05","CRM","random",NA,NA,"random",NA,0.6,0,0.0179,28,30,3,2,1,1,1,3,1,0,"MCSE of MTD selection %",NA,NA,NA,NA,NA,0.0456,NA,10000,10000,0,10000,1e+06,"CRM r_fixed (alpha_true = 0, r_carry = 0)",10000
"random_scenarios_ndose5_nscenario10000_target0p3_tdiffbelow0p05_tdiffabove0p05","CRM","random",NA,NA,"random",NA,0.6,0,0.0179,28,30,3,2,1,1,1,3,1,0,"Average MTD allocation",NA,NA,NA,NA,NA,8.4045,NA,10000,10000,0,10000,1e+06,"CRM r_fixed (alpha_true = 0, r_carry = 0)",10000
"random_scenarios_ndose5_nscenario10000_target0p3_tdiffbelow0p05_tdiffabove0p05","CRM","random",NA,NA,"random",NA,0.6,0,0.0179,28,30,3,2,1,1,1,3,1,0,"Average overdose selection %",NA,NA,NA,NA,NA,18.2063,NA,10000,10000,0,10000,1e+06,"CRM r_fixed (alpha_true = 0, r_carry = 0)",10000
"random_scenarios_ndose5_nscenario10000_target0p3_tdiffbelow0p05_tdiffabove0p05","CRM","random",NA,NA,"random",NA,0.6,0,0.0179,28,30,3,2,1,1,1,3,1,0,"Average overdose allocation",NA,NA,NA,NA,NA,5.0838,NA,10000,10000,0,10000,1e+06,"CRM r_fixed (alpha_true = 0, r_carry = 0)",10000
"random_scenarios_ndose5_nscenario10000_target0p3_tdiffbelow0p05_tdiffabove0p05","CRM","random",NA,NA,"random",NA,0.6,0,0.0179,28,30,3,2,1,1,1,3,1,0,"Average underdose allocation",NA,NA,NA,NA,NA,15.3943,NA,10000,10000,0,10000,1e+06,"CRM r_fixed (alpha_true = 0, r_carry = 0)",10000
"random_scenarios_ndose5_nscenario10000_target0p3_tdiffbelow0p05_tdiffabove0p05","CRM","random",NA,NA,"random",NA,0.6,0,0.0179,28,30,3,2,1,1,1,3,1,0,"Mean paired MTD selection difference vs oracle %",NA,NA,NA,NA,NA,-0.57,NA,10000,10000,0,10000,1e+06,"CRM r_fixed (alpha_true = 0, r_carry = 0)",10000
"random_scenarios_ndose5_nscenario10000_target0p3_tdiffbelow0p05_tdiffabove0p05","CRM","random",NA,NA,"random",NA,0.6,0,0.0179,28,30,3,2,1,1,1,3,1,0,"SD paired MTD selection difference vs oracle %",NA,NA,NA,NA,NA,7.4932,NA,10000,10000,0,10000,1e+06,"CRM r_fixed (alpha_true = 0, r_carry = 0)",10000
"random_scenarios_ndose5_nscenario10000_target0p3_tdiffbelow0p05_tdiffabove0p05","CRM","alpha_crm",NA,NA,"alpha_crm",NA,0.6,0,0.0179,28,30,3,2,1,1,1,3,1,0,"Average dose selection %",24.284,22.9786,18.2235,13.7894,13.8798,NA,NA,10000,10000,0,10000,1e+06,"CRM r_fixed (alpha_true = 0, r_carry = 0)",10000
"random_scenarios_ndose5_nscenario10000_target0p3_tdiffbelow0p05_tdiffabove0p05","CRM","alpha_crm",NA,NA,"alpha_crm",NA,0.6,0,0.0179,28,30,3,2,1,1,1,3,1,0,"Average dose allocation",11.2055,7.0917,4.7898,3.0553,2.662,NA,NA,10000,10000,0,10000,1e+06,"CRM r_fixed (alpha_true = 0, r_carry = 0)",10000
"random_scenarios_ndose5_nscenario10000_target0p3_tdiffbelow0p05_tdiffabove0p05","CRM","alpha_crm",NA,NA,"alpha_crm",NA,0.6,0,0.0179,28,30,3,2,1,1,1,3,1,0,"Average total unique patients",NA,NA,NA,NA,NA,21.9479,NA,10000,10000,0,10000,1e+06,"CRM r_fixed (alpha_true = 0, r_carry = 0)",10000
"random_scenarios_ndose5_nscenario10000_target0p3_tdiffbelow0p05_tdiffabove0p05","CRM","alpha_crm",NA,NA,"alpha_crm",NA,0.6,0,0.0179,28,30,3,2,1,1,1,3,1,0,"Average trial duration",NA,NA,NA,NA,NA,NA,1203.643,10000,10000,0,10000,1e+06,"CRM r_fixed (alpha_true = 0, r_carry = 0)",10000
"random_scenarios_ndose5_nscenario10000_target0p3_tdiffbelow0p05_tdiffabove0p05","CRM","alpha_crm",NA,NA,"alpha_crm",NA,0.6,0,0.0179,28,30,3,2,1,1,1,3,1,0,"Average MTD selection %",NA,NA,NA,NA,NA,34.201,NA,10000,10000,0,10000,1e+06,"CRM r_fixed (alpha_true = 0, r_carry = 0)",10000
"random_scenarios_ndose5_nscenario10000_target0p3_tdiffbelow0p05_tdiffabove0p05","CRM","alpha_crm",NA,NA,"alpha_crm",NA,0.6,0,0.0179,28,30,3,2,1,1,1,3,1,0,"MCSE of MTD selection %",NA,NA,NA,NA,NA,0.0457,NA,10000,10000,0,10000,1e+06,"CRM r_fixed (alpha_true = 0, r_carry = 0)",10000
"random_scenarios_ndose5_nscenario10000_target0p3_tdiffbelow0p05_tdiffabove0p05","CRM","alpha_crm",NA,NA,"alpha_crm",NA,0.6,0,0.0179,28,30,3,2,1,1,1,3,1,0,"Average MTD allocation",NA,NA,NA,NA,NA,8.5205,NA,10000,10000,0,10000,1e+06,"CRM r_fixed (alpha_true = 0, r_carry = 0)",10000
"random_scenarios_ndose5_nscenario10000_target0p3_tdiffbelow0p05_tdiffabove0p05","CRM","alpha_crm",NA,NA,"alpha_crm",NA,0.6,0,0.0179,28,30,3,2,1,1,1,3,1,0,"Average overdose selection %",NA,NA,NA,NA,NA,18.5457,NA,10000,10000,0,10000,1e+06,"CRM r_fixed (alpha_true = 0, r_carry = 0)",10000
"random_scenarios_ndose5_nscenario10000_target0p3_tdiffbelow0p05_tdiffabove0p05","CRM","alpha_crm",NA,NA,"alpha_crm",NA,0.6,0,0.0179,28,30,3,2,1,1,1,3,1,0,"Average overdose allocation",NA,NA,NA,NA,NA,4.9463,NA,10000,10000,0,10000,1e+06,"CRM r_fixed (alpha_true = 0, r_carry = 0)",10000
"random_scenarios_ndose5_nscenario10000_target0p3_tdiffbelow0p05_tdiffabove0p05","CRM","alpha_crm",NA,NA,"alpha_crm",NA,0.6,0,0.0179,28,30,3,2,1,1,1,3,1,0,"Average underdose allocation",NA,NA,NA,NA,NA,15.3374,NA,10000,10000,0,10000,1e+06,"CRM r_fixed (alpha_true = 0, r_carry = 0)",10000
"random_scenarios_ndose5_nscenario10000_target0p3_tdiffbelow0p05_tdiffabove0p05","CRM","alpha_crm",NA,NA,"alpha_crm",NA,0.6,0,0.0179,28,30,3,2,1,1,1,3,1,0,"Mean paired MTD selection difference vs oracle %",NA,NA,NA,NA,NA,-0.3181,NA,10000,10000,0,10000,1e+06,"CRM r_fixed (alpha_true = 0, r_carry = 0)",10000
"random_scenarios_ndose5_nscenario10000_target0p3_tdiffbelow0p05_tdiffabove0p05","CRM","alpha_crm",NA,NA,"alpha_crm",NA,0.6,0,0.0179,28,30,3,2,1,1,1,3,1,0,"SD paired MTD selection difference vs oracle %",NA,NA,NA,NA,NA,6.5314,NA,10000,10000,0,10000,1e+06,"CRM r_fixed (alpha_true = 0, r_carry = 0)",10000
"random_scenarios_ndose5_nscenario10000_target0p3_tdiffbelow0p05_tdiffabove0p05","CRM","cumu_crm",NA,NA,"cumu_crm",NA,0.6,0,0.0179,28,30,3,2,1,1,1,3,1,0,"Average dose selection %",16.2456,24.6282,18.8245,17.644,20.1441,NA,NA,10000,10000,0,10000,1e+06,"CRM r_fixed (alpha_true = 0, r_carry = 0)",10000
"random_scenarios_ndose5_nscenario10000_target0p3_tdiffbelow0p05_tdiffabove0p05","CRM","cumu_crm",NA,NA,"cumu_crm",NA,0.6,0,0.0179,28,30,3,2,1,1,1,3,1,0,"Average dose allocation",7.5842,8.707,5.5082,3.9337,3.7669,NA,NA,10000,10000,0,10000,1e+06,"CRM r_fixed (alpha_true = 0, r_carry = 0)",10000
"random_scenarios_ndose5_nscenario10000_target0p3_tdiffbelow0p05_tdiffabove0p05","CRM","cumu_crm",NA,NA,"cumu_crm",NA,0.6,0,0.0179,28,30,3,2,1,1,1,3,1,0,"Average total unique patients",NA,NA,NA,NA,NA,22.4474,NA,10000,10000,0,10000,1e+06,"CRM r_fixed (alpha_true = 0, r_carry = 0)",10000
"random_scenarios_ndose5_nscenario10000_target0p3_tdiffbelow0p05_tdiffabove0p05","CRM","cumu_crm",NA,NA,"cumu_crm",NA,0.6,0,0.0179,28,30,3,2,1,1,1,3,1,0,"Average trial duration",NA,NA,NA,NA,NA,NA,1231.4458,10000,10000,0,10000,1e+06,"CRM r_fixed (alpha_true = 0, r_carry = 0)",10000
"random_scenarios_ndose5_nscenario10000_target0p3_tdiffbelow0p05_tdiffabove0p05","CRM","cumu_crm",NA,NA,"cumu_crm",NA,0.6,0,0.0179,28,30,3,2,1,1,1,3,1,0,"Average MTD selection %",NA,NA,NA,NA,NA,37.6517,NA,10000,10000,0,10000,1e+06,"CRM r_fixed (alpha_true = 0, r_carry = 0)",10000
"random_scenarios_ndose5_nscenario10000_target0p3_tdiffbelow0p05_tdiffabove0p05","CRM","cumu_crm",NA,NA,"cumu_crm",NA,0.6,0,0.0179,28,30,3,2,1,1,1,3,1,0,"MCSE of MTD selection %",NA,NA,NA,NA,NA,0.0469,NA,10000,10000,0,10000,1e+06,"CRM r_fixed (alpha_true = 0, r_carry = 0)",10000
"random_scenarios_ndose5_nscenario10000_target0p3_tdiffbelow0p05_tdiffabove0p05","CRM","cumu_crm",NA,NA,"cumu_crm",NA,0.6,0,0.0179,28,30,3,2,1,1,1,3,1,0,"Average MTD allocation",NA,NA,NA,NA,NA,9.01,NA,10000,10000,0,10000,1e+06,"CRM r_fixed (alpha_true = 0, r_carry = 0)",10000
"random_scenarios_ndose5_nscenario10000_target0p3_tdiffbelow0p05_tdiffabove0p05","CRM","cumu_crm",NA,NA,"cumu_crm",NA,0.6,0,0.0179,28,30,3,2,1,1,1,3,1,0,"Average overdose selection %",NA,NA,NA,NA,NA,29.8567,NA,10000,10000,0,10000,1e+06,"CRM r_fixed (alpha_true = 0, r_carry = 0)",10000
"random_scenarios_ndose5_nscenario10000_target0p3_tdiffbelow0p05_tdiffabove0p05","CRM","cumu_crm",NA,NA,"cumu_crm",NA,0.6,0,0.0179,28,30,3,2,1,1,1,3,1,0,"Average overdose allocation",NA,NA,NA,NA,NA,7.5295,NA,10000,10000,0,10000,1e+06,"CRM r_fixed (alpha_true = 0, r_carry = 0)",10000
"random_scenarios_ndose5_nscenario10000_target0p3_tdiffbelow0p05_tdiffabove0p05","CRM","cumu_crm",NA,NA,"cumu_crm",NA,0.6,0,0.0179,28,30,3,2,1,1,1,3,1,0,"Average underdose allocation",NA,NA,NA,NA,NA,12.9606,NA,10000,10000,0,10000,1e+06,"CRM r_fixed (alpha_true = 0, r_carry = 0)",10000
"random_scenarios_ndose5_nscenario10000_target0p3_tdiffbelow0p05_tdiffabove0p05","CRM","cumu_crm",NA,NA,"cumu_crm",NA,0.6,0,0.0179,28,30,3,2,1,1,1,3,1,0,"Mean paired MTD selection difference vs oracle %",NA,NA,NA,NA,NA,3.1326,NA,10000,10000,0,10000,1e+06,"CRM r_fixed (alpha_true = 0, r_carry = 0)",10000
"random_scenarios_ndose5_nscenario10000_target0p3_tdiffbelow0p05_tdiffabove0p05","CRM","cumu_crm",NA,NA,"cumu_crm",NA,0.6,0,0.0179,28,30,3,2,1,1,1,3,1,0,"SD paired MTD selection difference vs oracle %",NA,NA,NA,NA,NA,6.8217,NA,10000,10000,0,10000,1e+06,"CRM r_fixed (alpha_true = 0, r_carry = 0)",10000
"random_scenarios_ndose5_nscenario10000_target0p3_tdiffbelow0p05_tdiffabove0p05","CRM","r_fixed",NA,NA,"r_fixed",NA,0.9,0,0.0179,28,30,3,2,1,1,1,3,1,0,"Average dose selection %",33.328,25.9343,17.8616,10.296,6.2322,NA,NA,10000,10000,0,10000,1e+06,"CRM r_fixed (alpha_true = 0, r_carry = 0)",10000
"random_scenarios_ndose5_nscenario10000_target0p3_tdiffbelow0p05_tdiffabove0p05","CRM","r_fixed",NA,NA,"r_fixed",NA,0.9,0,0.0179,28,30,3,2,1,1,1,3,1,0,"Average dose allocation",13.2063,7.3899,4.5745,2.3955,1.2455,NA,NA,10000,10000,0,10000,1e+06,"CRM r_fixed (alpha_true = 0, r_carry = 0)",10000
"random_scenarios_ndose5_nscenario10000_target0p3_tdiffbelow0p05_tdiffabove0p05","CRM","r_fixed",NA,NA,"r_fixed",NA,0.9,0,0.0179,28,30,3,2,1,1,1,3,1,0,"Average total unique patients",NA,NA,NA,NA,NA,22.1535,NA,10000,10000,0,10000,1e+06,"CRM r_fixed (alpha_true = 0, r_carry = 0)",10000
"random_scenarios_ndose5_nscenario10000_target0p3_tdiffbelow0p05_tdiffabove0p05","CRM","r_fixed",NA,NA,"r_fixed",NA,0.9,0,0.0179,28,30,3,2,1,1,1,3,1,0,"Average trial duration",NA,NA,NA,NA,NA,NA,1215.0402,10000,10000,0,10000,1e+06,"CRM r_fixed (alpha_true = 0, r_carry = 0)",10000
"random_scenarios_ndose5_nscenario10000_target0p3_tdiffbelow0p05_tdiffabove0p05","CRM","r_fixed",NA,NA,"r_fixed",NA,0.9,0,0.0179,28,30,3,2,1,1,1,3,1,0,"Average MTD selection %",NA,NA,NA,NA,NA,30.9659,NA,10000,10000,0,10000,1e+06,"CRM r_fixed (alpha_true = 0, r_carry = 0)",10000
"random_scenarios_ndose5_nscenario10000_target0p3_tdiffbelow0p05_tdiffabove0p05","CRM","r_fixed",NA,NA,"r_fixed",NA,0.9,0,0.0179,28,30,3,2,1,1,1,3,1,0,"MCSE of MTD selection %",NA,NA,NA,NA,NA,0.0422,NA,10000,10000,0,10000,1e+06,"CRM r_fixed (alpha_true = 0, r_carry = 0)",10000
"random_scenarios_ndose5_nscenario10000_target0p3_tdiffbelow0p05_tdiffabove0p05","CRM","r_fixed",NA,NA,"r_fixed",NA,0.9,0,0.0179,28,30,3,2,1,1,1,3,1,0,"Average MTD allocation",NA,NA,NA,NA,NA,8.1357,NA,10000,10000,0,10000,1e+06,"CRM r_fixed (alpha_true = 0, r_carry = 0)",10000
"random_scenarios_ndose5_nscenario10000_target0p3_tdiffbelow0p05_tdiffabove0p05","CRM","r_fixed",NA,NA,"r_fixed",NA,0.9,0,0.0179,28,30,3,2,1,1,1,3,1,0,"Average overdose selection %",NA,NA,NA,NA,NA,8.9031,NA,10000,10000,0,10000,1e+06,"CRM r_fixed (alpha_true = 0, r_carry = 0)",10000
"random_scenarios_ndose5_nscenario10000_target0p3_tdiffbelow0p05_tdiffabove0p05","CRM","r_fixed",NA,NA,"r_fixed",NA,0.9,0,0.0179,28,30,3,2,1,1,1,3,1,0,"Average overdose allocation",NA,NA,NA,NA,NA,3.0317,NA,10000,10000,0,10000,1e+06,"CRM r_fixed (alpha_true = 0, r_carry = 0)",10000
"random_scenarios_ndose5_nscenario10000_target0p3_tdiffbelow0p05_tdiffabove0p05","CRM","r_fixed",NA,NA,"r_fixed",NA,0.9,0,0.0179,28,30,3,2,1,1,1,3,1,0,"Average underdose allocation",NA,NA,NA,NA,NA,17.6443,NA,10000,10000,0,10000,1e+06,"CRM r_fixed (alpha_true = 0, r_carry = 0)",10000
"random_scenarios_ndose5_nscenario10000_target0p3_tdiffbelow0p05_tdiffabove0p05","CRM","r_fixed",NA,NA,"r_fixed",NA,0.9,0,0.0179,28,30,3,2,1,1,1,3,1,0,"Mean paired MTD selection difference vs oracle %",NA,NA,NA,NA,NA,-3.5532,NA,10000,10000,0,10000,1e+06,"CRM r_fixed (alpha_true = 0, r_carry = 0)",10000
"random_scenarios_ndose5_nscenario10000_target0p3_tdiffbelow0p05_tdiffabove0p05","CRM","r_fixed",NA,NA,"r_fixed",NA,0.9,0,0.0179,28,30,3,2,1,1,1,3,1,0,"SD paired MTD selection difference vs oracle %",NA,NA,NA,NA,NA,14.9905,NA,10000,10000,0,10000,1e+06,"CRM r_fixed (alpha_true = 0, r_carry = 0)",10000
"random_scenarios_ndose5_nscenario10000_target0p3_tdiffbelow0p05_tdiffabove0p05","CRM","random",NA,NA,"random",NA,0.9,0,0.0179,28,30,3,2,1,1,1,3,1,0,"Average dose selection %",27.2645,25.2775,18.8109,12.7159,9.9313,NA,NA,10000,10000,0,10000,1e+06,"CRM r_fixed (alpha_true = 0, r_carry = 0)",10000
"random_scenarios_ndose5_nscenario10000_target0p3_tdiffbelow0p05_tdiffabove0p05","CRM","random",NA,NA,"random",NA,0.9,0,0.0179,28,30,3,2,1,1,1,3,1,0,"Average dose allocation",11.5612,7.3758,4.9541,2.9215,2.0475,NA,NA,10000,10000,0,10000,1e+06,"CRM r_fixed (alpha_true = 0, r_carry = 0)",10000
"random_scenarios_ndose5_nscenario10000_target0p3_tdiffbelow0p05_tdiffabove0p05","CRM","random",NA,NA,"random",NA,0.9,0,0.0179,28,30,3,2,1,1,1,3,1,0,"Average total unique patients",NA,NA,NA,NA,NA,21.7749,NA,10000,10000,0,10000,1e+06,"CRM r_fixed (alpha_true = 0, r_carry = 0)",10000
"random_scenarios_ndose5_nscenario10000_target0p3_tdiffbelow0p05_tdiffabove0p05","CRM","random",NA,NA,"random",NA,0.9,0,0.0179,28,30,3,2,1,1,1,3,1,0,"Average trial duration",NA,NA,NA,NA,NA,NA,1193.8857,10000,10000,0,10000,1e+06,"CRM r_fixed (alpha_true = 0, r_carry = 0)",10000
"random_scenarios_ndose5_nscenario10000_target0p3_tdiffbelow0p05_tdiffabove0p05","CRM","random",NA,NA,"random",NA,0.9,0,0.0179,28,30,3,2,1,1,1,3,1,0,"Average MTD selection %",NA,NA,NA,NA,NA,32.7298,NA,10000,10000,0,10000,1e+06,"CRM r_fixed (alpha_true = 0, r_carry = 0)",10000
"random_scenarios_ndose5_nscenario10000_target0p3_tdiffbelow0p05_tdiffabove0p05","CRM","random",NA,NA,"random",NA,0.9,0,0.0179,28,30,3,2,1,1,1,3,1,0,"MCSE of MTD selection %",NA,NA,NA,NA,NA,0.0446,NA,10000,10000,0,10000,1e+06,"CRM r_fixed (alpha_true = 0, r_carry = 0)",10000
"random_scenarios_ndose5_nscenario10000_target0p3_tdiffbelow0p05_tdiffabove0p05","CRM","random",NA,NA,"random",NA,0.9,0,0.0179,28,30,3,2,1,1,1,3,1,0,"Average MTD allocation",NA,NA,NA,NA,NA,8.302,NA,10000,10000,0,10000,1e+06,"CRM r_fixed (alpha_true = 0, r_carry = 0)",10000
"random_scenarios_ndose5_nscenario10000_target0p3_tdiffbelow0p05_tdiffabove0p05","CRM","random",NA,NA,"random",NA,0.9,0,0.0179,28,30,3,2,1,1,1,3,1,0,"Average overdose selection %",NA,NA,NA,NA,NA,14.8028,NA,10000,10000,0,10000,1e+06,"CRM r_fixed (alpha_true = 0, r_carry = 0)",10000
"random_scenarios_ndose5_nscenario10000_target0p3_tdiffbelow0p05_tdiffabove0p05","CRM","random",NA,NA,"random",NA,0.9,0,0.0179,28,30,3,2,1,1,1,3,1,0,"Average overdose allocation",NA,NA,NA,NA,NA,4.4259,NA,10000,10000,0,10000,1e+06,"CRM r_fixed (alpha_true = 0, r_carry = 0)",10000
"random_scenarios_ndose5_nscenario10000_target0p3_tdiffbelow0p05_tdiffabove0p05","CRM","random",NA,NA,"random",NA,0.9,0,0.0179,28,30,3,2,1,1,1,3,1,0,"Average underdose allocation",NA,NA,NA,NA,NA,16.132,NA,10000,10000,0,10000,1e+06,"CRM r_fixed (alpha_true = 0, r_carry = 0)",10000
"random_scenarios_ndose5_nscenario10000_target0p3_tdiffbelow0p05_tdiffabove0p05","CRM","random",NA,NA,"random",NA,0.9,0,0.0179,28,30,3,2,1,1,1,3,1,0,"Mean paired MTD selection difference vs oracle %",NA,NA,NA,NA,NA,-1.7893,NA,10000,10000,0,10000,1e+06,"CRM r_fixed (alpha_true = 0, r_carry = 0)",10000
"random_scenarios_ndose5_nscenario10000_target0p3_tdiffbelow0p05_tdiffabove0p05","CRM","random",NA,NA,"random",NA,0.9,0,0.0179,28,30,3,2,1,1,1,3,1,0,"SD paired MTD selection difference vs oracle %",NA,NA,NA,NA,NA,10.1031,NA,10000,10000,0,10000,1e+06,"CRM r_fixed (alpha_true = 0, r_carry = 0)",10000
"random_scenarios_ndose5_nscenario10000_target0p3_tdiffbelow0p05_tdiffabove0p05","CRM","alpha_crm",NA,NA,"alpha_crm",NA,0.9,0,0.0179,28,30,3,2,1,1,1,3,1,0,"Average dose selection %",28.5857,23.9157,17.3059,12.1172,10.937,NA,NA,10000,10000,0,10000,1e+06,"CRM r_fixed (alpha_true = 0, r_carry = 0)",10000
"random_scenarios_ndose5_nscenario10000_target0p3_tdiffbelow0p05_tdiffabove0p05","CRM","alpha_crm",NA,NA,"alpha_crm",NA,0.9,0,0.0179,28,30,3,2,1,1,1,3,1,0,"Average dose allocation",12.04,7.389,4.532,2.716,2.0979,NA,NA,10000,10000,0,10000,1e+06,"CRM r_fixed (alpha_true = 0, r_carry = 0)",10000
"random_scenarios_ndose5_nscenario10000_target0p3_tdiffbelow0p05_tdiffabove0p05","CRM","alpha_crm",NA,NA,"alpha_crm",NA,0.9,0,0.0179,28,30,3,2,1,1,1,3,1,0,"Average total unique patients",NA,NA,NA,NA,NA,22.0121,NA,10000,10000,0,10000,1e+06,"CRM r_fixed (alpha_true = 0, r_carry = 0)",10000
"random_scenarios_ndose5_nscenario10000_target0p3_tdiffbelow0p05_tdiffabove0p05","CRM","alpha_crm",NA,NA,"alpha_crm",NA,0.9,0,0.0179,28,30,3,2,1,1,1,3,1,0,"Average trial duration",NA,NA,NA,NA,NA,NA,1207.1968,10000,10000,0,10000,1e+06,"CRM r_fixed (alpha_true = 0, r_carry = 0)",10000
"random_scenarios_ndose5_nscenario10000_target0p3_tdiffbelow0p05_tdiffabove0p05","CRM","alpha_crm",NA,NA,"alpha_crm",NA,0.9,0,0.0179,28,30,3,2,1,1,1,3,1,0,"Average MTD selection %",NA,NA,NA,NA,NA,33.2368,NA,10000,10000,0,10000,1e+06,"CRM r_fixed (alpha_true = 0, r_carry = 0)",10000
"random_scenarios_ndose5_nscenario10000_target0p3_tdiffbelow0p05_tdiffabove0p05","CRM","alpha_crm",NA,NA,"alpha_crm",NA,0.9,0,0.0179,28,30,3,2,1,1,1,3,1,0,"MCSE of MTD selection %",NA,NA,NA,NA,NA,0.0446,NA,10000,10000,0,10000,1e+06,"CRM r_fixed (alpha_true = 0, r_carry = 0)",10000
"random_scenarios_ndose5_nscenario10000_target0p3_tdiffbelow0p05_tdiffabove0p05","CRM","alpha_crm",NA,NA,"alpha_crm",NA,0.9,0,0.0179,28,30,3,2,1,1,1,3,1,0,"Average MTD allocation",NA,NA,NA,NA,NA,8.4516,NA,10000,10000,0,10000,1e+06,"CRM r_fixed (alpha_true = 0, r_carry = 0)",10000
"random_scenarios_ndose5_nscenario10000_target0p3_tdiffbelow0p05_tdiffabove0p05","CRM","alpha_crm",NA,NA,"alpha_crm",NA,0.9,0,0.0179,28,30,3,2,1,1,1,3,1,0,"Average overdose selection %",NA,NA,NA,NA,NA,13.7115,NA,10000,10000,0,10000,1e+06,"CRM r_fixed (alpha_true = 0, r_carry = 0)",10000
"random_scenarios_ndose5_nscenario10000_target0p3_tdiffbelow0p05_tdiffabove0p05","CRM","alpha_crm",NA,NA,"alpha_crm",NA,0.9,0,0.0179,28,30,3,2,1,1,1,3,1,0,"Average overdose allocation",NA,NA,NA,NA,NA,4.0246,NA,10000,10000,0,10000,1e+06,"CRM r_fixed (alpha_true = 0, r_carry = 0)",10000
"random_scenarios_ndose5_nscenario10000_target0p3_tdiffbelow0p05_tdiffabove0p05","CRM","alpha_crm",NA,NA,"alpha_crm",NA,0.9,0,0.0179,28,30,3,2,1,1,1,3,1,0,"Average underdose allocation",NA,NA,NA,NA,NA,16.2988,NA,10000,10000,0,10000,1e+06,"CRM r_fixed (alpha_true = 0, r_carry = 0)",10000
"random_scenarios_ndose5_nscenario10000_target0p3_tdiffbelow0p05_tdiffabove0p05","CRM","alpha_crm",NA,NA,"alpha_crm",NA,0.9,0,0.0179,28,30,3,2,1,1,1,3,1,0,"Mean paired MTD selection difference vs oracle %",NA,NA,NA,NA,NA,-1.2823,NA,10000,10000,0,10000,1e+06,"CRM r_fixed (alpha_true = 0, r_carry = 0)",10000
"random_scenarios_ndose5_nscenario10000_target0p3_tdiffbelow0p05_tdiffabove0p05","CRM","alpha_crm",NA,NA,"alpha_crm",NA,0.9,0,0.0179,28,30,3,2,1,1,1,3,1,0,"SD paired MTD selection difference vs oracle %",NA,NA,NA,NA,NA,9.79,NA,10000,10000,0,10000,1e+06,"CRM r_fixed (alpha_true = 0, r_carry = 0)",10000
"random_scenarios_ndose5_nscenario10000_target0p3_tdiffbelow0p05_tdiffabove0p05","CRM","cumu_crm",NA,NA,"cumu_crm",NA,0.9,0,0.0179,28,30,3,2,1,1,1,3,1,0,"Average dose selection %",18.7614,26.1649,18.8706,16.4915,17.0553,NA,NA,10000,10000,0,10000,1e+06,"CRM r_fixed (alpha_true = 0, r_carry = 0)",10000
"random_scenarios_ndose5_nscenario10000_target0p3_tdiffbelow0p05_tdiffabove0p05","CRM","cumu_crm",NA,NA,"cumu_crm",NA,0.9,0,0.0179,28,30,3,2,1,1,1,3,1,0,"Average dose allocation",8.1922,9.1405,5.3788,3.6356,3.1369,NA,NA,10000,10000,0,10000,1e+06,"CRM r_fixed (alpha_true = 0, r_carry = 0)",10000
"random_scenarios_ndose5_nscenario10000_target0p3_tdiffbelow0p05_tdiffabove0p05","CRM","cumu_crm",NA,NA,"cumu_crm",NA,0.9,0,0.0179,28,30,3,2,1,1,1,3,1,0,"Average total unique patients",NA,NA,NA,NA,NA,22.4061,NA,10000,10000,0,10000,1e+06,"CRM r_fixed (alpha_true = 0, r_carry = 0)",10000
"random_scenarios_ndose5_nscenario10000_target0p3_tdiffbelow0p05_tdiffabove0p05","CRM","cumu_crm",NA,NA,"cumu_crm",NA,0.9,0,0.0179,28,30,3,2,1,1,1,3,1,0,"Average trial duration",NA,NA,NA,NA,NA,NA,1229.0204,10000,10000,0,10000,1e+06,"CRM r_fixed (alpha_true = 0, r_carry = 0)",10000
"random_scenarios_ndose5_nscenario10000_target0p3_tdiffbelow0p05_tdiffabove0p05","CRM","cumu_crm",NA,NA,"cumu_crm",NA,0.9,0,0.0179,28,30,3,2,1,1,1,3,1,0,"Average MTD selection %",NA,NA,NA,NA,NA,37.906,NA,10000,10000,0,10000,1e+06,"CRM r_fixed (alpha_true = 0, r_carry = 0)",10000
"random_scenarios_ndose5_nscenario10000_target0p3_tdiffbelow0p05_tdiffabove0p05","CRM","cumu_crm",NA,NA,"cumu_crm",NA,0.9,0,0.0179,28,30,3,2,1,1,1,3,1,0,"MCSE of MTD selection %",NA,NA,NA,NA,NA,0.047,NA,10000,10000,0,10000,1e+06,"CRM r_fixed (alpha_true = 0, r_carry = 0)",10000
"random_scenarios_ndose5_nscenario10000_target0p3_tdiffbelow0p05_tdiffabove0p05","CRM","cumu_crm",NA,NA,"cumu_crm",NA,0.9,0,0.0179,28,30,3,2,1,1,1,3,1,0,"Average MTD allocation",NA,NA,NA,NA,NA,9.1029,NA,10000,10000,0,10000,1e+06,"CRM r_fixed (alpha_true = 0, r_carry = 0)",10000
"random_scenarios_ndose5_nscenario10000_target0p3_tdiffbelow0p05_tdiffabove0p05","CRM","cumu_crm",NA,NA,"cumu_crm",NA,0.9,0,0.0179,28,30,3,2,1,1,1,3,1,0,"Average overdose selection %",NA,NA,NA,NA,NA,25.333,NA,10000,10000,0,10000,1e+06,"CRM r_fixed (alpha_true = 0, r_carry = 0)",10000
"random_scenarios_ndose5_nscenario10000_target0p3_tdiffbelow0p05_tdiffabove0p05","CRM","cumu_crm",NA,NA,"cumu_crm",NA,0.9,0,0.0179,28,30,3,2,1,1,1,3,1,0,"Average overdose allocation",NA,NA,NA,NA,NA,6.5908,NA,10000,10000,0,10000,1e+06,"CRM r_fixed (alpha_true = 0, r_carry = 0)",10000
"random_scenarios_ndose5_nscenario10000_target0p3_tdiffbelow0p05_tdiffabove0p05","CRM","cumu_crm",NA,NA,"cumu_crm",NA,0.9,0,0.0179,28,30,3,2,1,1,1,3,1,0,"Average underdose allocation",NA,NA,NA,NA,NA,13.7904,NA,10000,10000,0,10000,1e+06,"CRM r_fixed (alpha_true = 0, r_carry = 0)",10000
"random_scenarios_ndose5_nscenario10000_target0p3_tdiffbelow0p05_tdiffabove0p05","CRM","cumu_crm",NA,NA,"cumu_crm",NA,0.9,0,0.0179,28,30,3,2,1,1,1,3,1,0,"Mean paired MTD selection difference vs oracle %",NA,NA,NA,NA,NA,3.3869,NA,10000,10000,0,10000,1e+06,"CRM r_fixed (alpha_true = 0, r_carry = 0)",10000
"random_scenarios_ndose5_nscenario10000_target0p3_tdiffbelow0p05_tdiffabove0p05","CRM","cumu_crm",NA,NA,"cumu_crm",NA,0.9,0,0.0179,28,30,3,2,1,1,1,3,1,0,"SD paired MTD selection difference vs oracle %",NA,NA,NA,NA,NA,6.4062,NA,10000,10000,0,10000,1e+06,"CRM r_fixed (alpha_true = 0, r_carry = 0)",10000
