"Scenario","True_MTD","Model","Method","Nmax_eff","Cycle_Max","Alpha_low","Alpha_high","MTD_sel_low","MTD_sel_high","Drop_pp"
2,4,"CFO","cfo_pride",30,2,0.6,0.9,14.5485,6.466,8.0825
2,4,"CFO","cfo_pride",30,3,0.6,0.9,21.6276,10.3122,11.3154
2,4,"CFO","cfo_pride",30,3,1.2,1.5,6.0758,0,6.0758
4,5,"CFO","cfo_pride",30,2,0.3,0.6,29.9498,22.8109,7.1389
4,5,"CFO","cfo_pride",30,2,0.6,0.9,22.8109,8.7563,14.0546
4,5,"CFO","cfo_pride",30,2,0.9,1.2,8.7563,0.3904,8.3659
4,5,"CFO","cfo_pride",30,3,0.3,0.6,29.894,22.4763,7.4177
4,5,"CFO","cfo_pride",30,3,0.6,0.9,22.4763,1.8963,20.58
5,2,"CFO","cfo_pride",30,2,0.9,1.2,19.2973,12.1584,7.1389
5,2,"CFO","cfo_pride",30,3,0.9,1.2,26.5477,13.1065,13.4412
6,2,"CFO","cfo_pride",30,2,0.6,0.9,23.2013,17.6241,5.5772
6,2,"CFO","cfo_pride",30,3,0.6,0.9,30.3402,17.8472,12.493
7,4,"CFO","cfo_pride",30,3,1.2,1.5,37.4233,31.9576,5.4657
8,3,"CFO","cfo_pride",30,2,0.6,0.9,16.1182,9.2582,6.86
8,3,"CFO","cfo_pride",30,2,0.9,1.2,9.2582,2.454,6.8042
8,3,"CFO","cfo_pride",30,3,0.6,0.9,14.4451,2.1751,12.27
9,4,"CFO","cfo_pride",30,2,0.9,1.2,18.8511,8.7563,10.0948
9,4,"CFO","cfo_pride",30,3,0.9,1.2,27.8305,16.7875,11.043
9,4,"CFO","cfo_pride",30,3,1.2,1.5,16.7875,10.4852,6.3023
10,3,"CFO","cfo_pride",30,2,0.9,1.2,30.3452,25.167,5.1782
10,3,"CFO","cfo_pride",30,2,1.2,1.5,25.167,19.6548,5.5122
10,3,"CFO","cfo_pride",30,3,0.9,1.2,21.8263,8.2405,13.5858
11,5,"CFO","cfo_pride",30,3,0.9,1.2,47.6323,41.4485,6.1838
11,5,"CFO","cfo_pride",30,3,1.2,1.5,41.4485,35.9889,5.4596
13,5,"CFO","cfo_pride",30,2,0.9,1.2,34.0947,28.6908,5.4039
13,5,"CFO","cfo_pride",30,2,1.2,1.5,28.6908,22.3955,6.2953
13,5,"CFO","cfo_pride",30,3,0.6,0.9,33.8162,14.4847,19.3315
15,3,"CFO","cfo_pride",30,3,1.2,1.5,28.2451,21.7827,6.4624
20,3,"CFO","cfo_pride",30,3,0,0.3,43.4783,38.2943,5.184
20,3,"CFO","cfo_pride",30,3,0.6,0.9,33.3891,14.6042,18.7849
2,4,"CRM","crm_fixed",30,2,0.3,0.6,23.5786,17.5028,6.0758
2,4,"CRM","crm_fixed",30,2,0.9,1.2,13.3779,8.3612,5.0167
2,4,"CRM","crm_random",30,2,0.3,0.6,24.9721,19.4537,5.5184
2,4,"CRM","crm_fixed",30,3,0.3,0.6,22.5753,15.7748,6.8005
2,4,"CRM","crm_level",30,3,0.6,0.9,21.0145,15.942,5.0725
2,4,"CRM","crm_level",30,3,0.9,1.2,15.942,10.8696,5.0724
4,5,"CRM","crm_fixed",30,2,0,0.3,35.1924,26.5477,8.6447
4,5,"CRM","crm_fixed",30,2,0.3,0.6,26.5477,19.5204,7.0273
4,5,"CRM","crm_fixed",30,2,0.6,0.9,19.5204,14.0547,5.4657
4,5,"CRM","crm_fixed",30,2,0.9,1.2,14.0547,9.0351,5.0196
4,5,"CRM","crm_random",30,2,0,0.3,39.6542,31.9018,7.7524
4,5,"CRM","crm_random",30,2,0.6,0.9,26.9381,21.6397,5.2984
4,5,"CRM","crm_random",30,2,1.2,1.5,16.9548,11.6007,5.3541
4,5,"CRM","crm_level",30,2,0,0.3,40.1562,32.6827,7.4735
4,5,"CRM","crm_level",30,2,0.3,0.6,32.6827,26.3246,6.3581
4,5,"CRM","crm_level",30,2,0.6,0.9,26.3246,20.0781,6.2465
4,5,"CRM","crm_alpha_crm",30,2,0,0.3,46.2354,38.8176,7.4178
4,5,"CRM","crm_alpha_crm",30,2,0.3,0.6,38.8176,32.5153,6.3023
4,5,"CRM","crm_alpha_crm",30,2,0.6,0.9,32.5153,24.9861,7.5292
4,5,"CRM","crm_alpha_crm",30,2,0.9,1.2,24.9861,19.7992,5.1869
4,5,"CRM","crm_alpha_crm",30,2,1.2,1.5,19.7992,14.5008,5.2984
4,5,"CRM","crm_cumu_crm",30,2,0,0.3,56.7764,50.1952,6.5812
4,5,"CRM","crm_cumu_crm",30,2,0.3,0.6,50.1952,43.7814,6.4138
4,5,"CRM","crm_cumu_crm",30,2,0.6,0.9,43.7814,36.4194,7.36199999999999
4,5,"CRM","crm_cumu_crm",30,2,1.2,1.5,31.5114,25.3207,6.1907
4,5,"CRM","crm_fixed",30,3,0,0.3,35.0809,24.8187,10.2622
4,5,"CRM","crm_fixed",30,3,0.3,0.6,24.8187,16.0067,8.812
4,5,"CRM","crm_fixed",30,3,0.6,0.9,16.0067,10.2064,5.8003
4,5,"CRM","crm_random",30,3,0,0.3,40.3235,32.0692,8.2543
4,5,"CRM","crm_random",30,3,0.3,0.6,32.0692,23.5917,8.4775
4,5,"CRM","crm_random",30,3,0.9,1.2,18.7395,12.7161,6.0234
4,5,"CRM","crm_level",30,3,0,0.3,41.662,31.7345,9.9275
4,5,"CRM","crm_level",30,3,0.3,0.6,31.7345,22.4205,9.314
4,5,"CRM","crm_level",30,3,0.6,0.9,22.4205,15.5047,6.9158
4,5,"CRM","crm_alpha_crm",30,3,0,0.3,49.5259,40.937,8.5889
4,5,"CRM","crm_alpha_crm",30,3,0.3,0.6,40.937,32.1807,8.7563
4,5,"CRM","crm_alpha_crm",30,3,0.6,0.9,32.1807,25.99,6.1907
4,5,"CRM","crm_alpha_crm",30,3,0.9,1.2,25.99,19.2415,6.7485
4,5,"CRM","crm_alpha_crm",30,3,1.2,1.5,19.2415,13.1623,6.0792
4,5,"CRM","crm_cumu_crm",30,3,0,0.3,61.4055,53.9877,7.41780000000001
4,5,"CRM","crm_cumu_crm",30,3,0.3,0.6,53.9877,44.5622,9.4255
4,5,"CRM","crm_cumu_crm",30,3,0.6,0.9,44.5622,35.9175,8.6447
4,5,"CRM","crm_cumu_crm",30,3,0.9,1.2,35.9175,30.3402,5.5773
4,5,"CRM","crm_cumu_crm",30,3,1.2,1.5,30.3402,22.6436,7.6966
5,2,"CRM","crm_fixed",30,2,0.6,0.9,32.2365,27.1054,5.1311
5,2,"CRM","crm_fixed",30,2,1.2,1.5,23.034,17.6241,5.4099
5,2,"CRM","crm_random",30,2,1.2,1.5,26.0457,20.8589,5.1868
5,2,"CRM","crm_level",30,2,0.9,1.2,29.894,24.7072,5.1868
5,2,"CRM","crm_fixed",30,3,0.6,0.9,33.8539,27.8862,5.9677
5,2,"CRM","crm_fixed",30,3,1.2,1.5,23.4244,18.0145,5.4099
5,2,"CRM","crm_level",30,3,1.2,1.5,27.6631,21.9743,5.6888
6,2,"CRM","crm_fixed",30,2,0.3,0.6,40.5466,35.2482,5.2984
6,2,"CRM","crm_fixed",30,2,0.6,0.9,35.2482,29.4479,5.8003
6,2,"CRM","crm_fixed",30,2,0.9,1.2,29.4479,21.9743,7.4736
6,2,"CRM","crm_fixed",30,2,1.2,1.5,21.9743,15.1143,6.86
6,2,"CRM","crm_random",30,2,0.6,0.9,37.7579,32.6827,5.0752
6,2,"CRM","crm_random",30,2,0.9,1.2,32.6827,25.5438,7.1389
6,2,"CRM","crm_random",30,2,1.2,1.5,25.5438,20.1339,5.4099
6,2,"CRM","crm_level",30,2,0.9,1.2,33.1846,25.1534,8.0312
6,2,"CRM","crm_level",30,2,1.2,1.5,25.1534,19.855,5.2984
6,2,"CRM","crm_alpha_crm",30,2,0.9,1.2,33.6308,26.7708,6.86
6,2,"CRM","crm_alpha_crm",30,2,1.2,1.5,26.7708,20.7474,6.0234
6,2,"CRM","crm_fixed",30,3,0.3,0.6,40.6581,34.2443,6.41379999999999
6,2,"CRM","crm_fixed",30,3,0.6,0.9,34.2443,27.6074,6.6369
6,2,"CRM","crm_fixed",30,3,0.9,1.2,27.6074,21.1378,6.4696
6,2,"CRM","crm_fixed",30,3,1.2,1.5,21.1378,13.7758,7.362
6,2,"CRM","crm_random",30,3,0.6,0.9,37.7022,31.0095,6.6927
6,2,"CRM","crm_random",30,3,1.2,1.5,26.0457,19.9108,6.1349
6,2,"CRM","crm_level",30,3,0,0.3,46.0123,39.8215,6.1908
6,2,"CRM","crm_level",30,3,0.9,1.2,33.6866,25.6553,8.0313
6,2,"CRM","crm_level",30,3,1.2,1.5,25.6553,19.4088,6.2465
6,2,"CRM","crm_alpha_crm",30,3,0.9,1.2,34.077,27.217,6.86
6,2,"CRM","crm_alpha_crm",30,3,1.2,1.5,27.217,21.2493,5.9677
7,4,"CRM","crm_fixed",30,2,1.2,1.5,40.4908,35.4713,5.0195
7,4,"CRM","crm_fixed",30,3,0.9,1.2,48.2432,42.6659,5.5773
7,4,"CRM","crm_fixed",30,3,1.2,1.5,42.6659,37.0887,5.5772
7,4,"CRM","crm_random",30,3,1.2,1.5,46.3469,41.3274,5.0195
7,4,"CRM","crm_level",30,3,1.2,1.5,47.3508,42.2197,5.1311
8,3,"CRM","crm_fixed",30,2,0.3,0.6,24.0379,18.4607,5.5772
8,3,"CRM","crm_random",30,2,0.3,0.6,26.3246,20.58,5.7446
8,3,"CRM","crm_fixed",30,3,0,0.3,26.4361,21.4166,5.0195
8,3,"CRM","crm_fixed",30,3,0.3,0.6,21.4166,14.4451,6.9715
8,3,"CRM","crm_fixed",30,3,0.9,1.2,11.5449,6.4138,5.1311
8,3,"CRM","crm_random",30,3,0.3,0.6,24.4841,17.1221,7.362
8,3,"CRM","crm_level",30,3,0.3,0.6,25.4322,18.3491,7.0831
8,3,"CRM","crm_level",30,3,0.9,1.2,15.3374,10.0948,5.2426
8,3,"CRM","crm_cumu_crm",30,3,0.9,1.2,26.3804,20.9704,5.41
9,4,"CRM","crm_fixed",30,2,1.2,1.5,25.279,18.9174,6.3616
9,4,"CRM","crm_fixed",30,3,1.2,1.5,25.0558,19.308,5.7478
9,4,"CRM","crm_random",30,3,1.2,1.5,30.0781,24.9442,5.1339
9,4,"CRM","crm_level",30,3,1.2,1.5,30.1339,23.8281,6.3058
10,3,"CRM","crm_fixed",30,2,1.2,1.5,31.5702,25.8352,5.735
10,3,"CRM","crm_random",30,2,0.9,1.2,37.7159,32.6462,5.0697
10,3,"CRM","crm_fixed",30,3,0.3,0.6,39.0312,33.7973,5.2339
10,3,"CRM","crm_fixed",30,3,1.2,1.5,24.8886,18.8753,6.0133
10,3,"CRM","crm_random",30,3,1.2,1.5,31.0306,25.0696,5.961
10,3,"CRM","crm_alpha_crm",30,3,1.2,1.5,32.6837,26.9488,5.7349
11,5,"CRM","crm_fixed",30,3,0.6,0.9,81.5599,76.3788,5.1811
11,5,"CRM","crm_fixed",30,3,0.9,1.2,76.3788,71.3649,5.01389999999999
11,5,"CRM","crm_fixed",30,3,1.2,1.5,71.3649,65.0139,6.351
13,5,"CRM","crm_fixed",30,3,0,0.3,66.0724,60.3343,5.7381
13,5,"CRM","crm_fixed",30,3,0.3,0.6,60.3343,53.649,6.6853
13,5,"CRM","crm_fixed",30,3,0.6,0.9,53.649,48.3565,5.2925
13,5,"CRM","crm_fixed",30,3,0.9,1.2,48.3565,43.0084,5.3481
13,5,"CRM","crm_fixed",30,3,1.2,1.5,43.0084,36.7688,6.2396
13,5,"CRM","crm_random",30,3,0,0.3,68.2451,62.4513,5.79379999999999
13,5,"CRM","crm_random",30,3,0.3,0.6,62.4513,57.3259,5.12540000000001
13,5,"CRM","crm_random",30,3,0.9,1.2,53.9833,48.2451,5.7382
13,5,"CRM","crm_random",30,3,1.2,1.5,48.2451,42.2841,5.961
13,5,"CRM","crm_level",30,3,0,0.3,69.415,63.844,5.57100000000001
13,5,"CRM","crm_level",30,3,0.9,1.2,55.2646,49.5265,5.7381
13,5,"CRM","crm_level",30,3,1.2,1.5,49.5265,42.8969,6.6296
13,5,"CRM","crm_alpha_crm",30,3,1.2,1.5,58.9415,53.8162,5.1253
20,3,"CRM","crm_fixed",30,2,0.6,0.9,40.3235,34.4116,5.9119
20,3,"CRM","crm_fixed",30,2,0.9,1.2,34.4116,29.169,5.2426
20,3,"CRM","crm_random",30,2,0.3,0.6,44.9526,39.2638,5.68879999999999
20,3,"CRM","crm_level",30,2,0.6,0.9,40.8812,35.2482,5.633
20,3,"CRM","crm_alpha_crm",30,2,0.9,1.2,44.7046,39.5764,5.1282
20,3,"CRM","crm_fixed",30,3,0,0.3,49.0524,42.5864,6.466
20,3,"CRM","crm_fixed",30,3,0.3,0.6,42.5864,35.527,7.0594
20,3,"CRM","crm_fixed",30,3,0.6,0.9,35.527,29.1132,6.4138
20,3,"CRM","crm_fixed",30,3,1.2,1.5,24.8745,19.2973,5.5772
20,3,"CRM","crm_random",30,3,0.3,0.6,43.5025,35.3597,8.1428
20,3,"CRM","crm_random",30,3,0.9,1.2,32.1807,26.1015,6.0792
20,3,"CRM","crm_level",30,3,0.3,0.6,43.391,36.5867,6.8043
20,3,"CRM","crm_level",30,3,0.9,1.2,32.85,25.9342,6.9158
20,3,"CRM","crm_alpha_crm",30,3,0,0.3,50.5017,44.9275,5.5742
20,3,"CRM","crm_alpha_crm",30,3,0.9,1.2,39.9108,33.5563,6.3545
20,3,"CRM","crm_cumu_crm",30,3,0.3,0.6,51.8952,46.8227,5.07250000000001
20,3,"CRM","crm_cumu_crm",30,3,0.9,1.2,44.6488,38.3501,6.2987
20,3,"CRM","crm_cumu_crm",30,3,1.2,1.5,38.3501,32.8317,5.5184
2,4,"CFO","cfo_pride",45,2,0.6,0.9,15.1059,5.6299,9.476
2,4,"CFO","cfo_pride",45,3,0.6,0.9,21.5719,10.0892,11.4827
2,4,"CFO","cfo_pride",45,3,1.2,1.5,6.1873,0,6.1873
4,5,"CFO","cfo_pride",45,2,0.3,0.6,31.2326,25.488,5.7446
4,5,"CFO","cfo_pride",45,2,0.6,0.9,25.488,9.314,16.174
4,5,"CFO","cfo_pride",45,2,0.9,1.2,9.314,0.5577,8.7563
4,5,"CFO","cfo_pride",45,3,0.3,0.6,30.8979,22.7552,8.1427
4,5,"CFO","cfo_pride",45,3,0.6,0.9,22.7552,1.6732,21.082
5,2,"CFO","cfo_pride",45,2,0.9,1.2,20.58,12.6046,7.9754
5,2,"CFO","cfo_pride",45,3,0.9,1.2,27.1612,13.0508,14.1104
6,2,"CFO","cfo_pride",45,2,0.6,0.9,22.8667,16.2856,6.5811
6,2,"CFO","cfo_pride",45,3,0.6,0.9,30.4518,16.2298,14.222
7,4,"CFO","cfo_pride",45,3,1.2,1.5,38.7061,33.1288,5.5773
8,3,"CFO","cfo_pride",45,2,0.6,0.9,16.8433,9.9833,6.86
8,3,"CFO","cfo_pride",45,2,0.9,1.2,9.9833,2.3982,7.5851
8,3,"CFO","cfo_pride",45,3,0.6,0.9,14.3335,1.7289,12.6046
9,4,"CFO","cfo_pride",45,2,0.9,1.2,19.7434,9.9833,9.7601
9,4,"CFO","cfo_pride",45,2,1.2,1.5,9.9833,4.6849,5.2984
9,4,"CFO","cfo_pride",45,3,0.9,1.2,29.2805,16.8991,12.3814
9,4,"CFO","cfo_pride",45,3,1.2,1.5,16.8991,10.4852,6.4139
10,3,"CFO","cfo_pride",45,2,0.9,1.2,31.1247,24.833,6.2917
10,3,"CFO","cfo_pride",45,3,0.9,1.2,22.049,8.0178,14.0312
11,5,"CFO","cfo_pride",45,3,0.9,1.2,47.3538,41.1699,6.1839
11,5,"CFO","cfo_pride",45,3,1.2,1.5,41.1699,35.766,5.4039
13,5,"CFO","cfo_pride",45,2,0.9,1.2,35.9331,29.8607,6.0724
13,5,"CFO","cfo_pride",45,2,1.2,1.5,29.8607,22.0613,7.7994
13,5,"CFO","cfo_pride",45,3,0.6,0.9,33.8719,15.3203,18.5516
15,3,"CFO","cfo_pride",45,3,1.2,1.5,28.078,20.8357,7.2423
20,3,"CFO","cfo_pride",45,2,0.6,0.9,38.4058,32.4415,5.9643
20,3,"CFO","cfo_pride",45,3,0,0.3,43.311,38.1271,5.1839
20,3,"CFO","cfo_pride",45,3,0.6,0.9,33.2219,14.1583,19.0636
2,4,"CRM","crm_fixed",45,2,0.3,0.6,24.4147,18.6734,5.7413
2,4,"CRM","crm_fixed",45,2,0.6,0.9,18.6734,12.1516,6.5218
2,4,"CRM","crm_random",45,2,0.9,1.2,17.7815,12.2631,5.5184
2,4,"CRM","crm_level",45,2,0.6,0.9,21.9064,15.8863,6.0201
2,4,"CRM","crm_alpha_crm",45,2,0.6,0.9,24.5819,19.398,5.1839
2,4,"CRM","crm_alpha_crm",45,2,0.9,1.2,19.398,14.2698,5.1282
2,4,"CRM","crm_cumu_crm",45,2,1.2,1.5,23.9688,17.9487,6.0201
2,4,"CRM","crm_fixed",45,3,0.3,0.6,24.5819,17.2241,7.3578
2,4,"CRM","crm_fixed",45,3,0.6,0.9,17.2241,9.8662,7.3579
2,4,"CRM","crm_random",45,3,0.6,0.9,20.903,15.1059,5.7971
2,4,"CRM","crm_level",45,3,0.6,0.9,22.0736,14.8829,7.1907
2,4,"CRM","crm_level",45,3,0.9,1.2,14.8829,9.8662,5.0167
2,4,"CRM","crm_cumu_crm",45,3,1.2,1.5,24.2475,18.0045,6.243
4,5,"CRM","crm_fixed",45,2,0,0.3,39.2638,28.3324,10.9314
4,5,"CRM","crm_fixed",45,2,0.3,0.6,28.3324,20.1339,8.1985
4,5,"CRM","crm_fixed",45,2,0.6,0.9,20.1339,13.9989,6.135
4,5,"CRM","crm_random",45,2,0,0.3,42.9448,34.077,8.8678
4,5,"CRM","crm_random",45,2,0.3,0.6,34.077,27.1054,6.9716
4,5,"CRM","crm_random",45,2,0.6,0.9,27.1054,20.5243,6.5811
4,5,"CRM","crm_level",45,2,0,0.3,43.4467,34.4674,8.9793
4,5,"CRM","crm_level",45,2,0.3,0.6,34.4674,25.9342,8.5332
4,5,"CRM","crm_level",45,2,0.6,0.9,25.9342,19.4646,6.4696
4,5,"CRM","crm_alpha_crm",45,2,0,0.3,49.1355,39.9888,9.1467
4,5,"CRM","crm_alpha_crm",45,2,0.3,0.6,39.9888,31.3441,8.6447
4,5,"CRM","crm_alpha_crm",45,2,0.6,0.9,31.3441,24.8187,6.5254
4,5,"CRM","crm_alpha_crm",45,2,0.9,1.2,24.8187,19.5761,5.2426
4,5,"CRM","crm_alpha_crm",45,2,1.2,1.5,19.5761,13.5527,6.0234
4,5,"CRM","crm_cumu_crm",45,2,0,0.3,60.4573,52.9281,7.5292
4,5,"CRM","crm_cumu_crm",45,2,0.3,0.6,52.9281,44.5064,8.4217
4,5,"CRM","crm_cumu_crm",45,2,0.6,0.9,44.5064,38.5388,5.9676
4,5,"CRM","crm_cumu_crm",45,2,0.9,1.2,38.5388,32.0134,6.5254
4,5,"CRM","crm_cumu_crm",45,2,1.2,1.5,32.0134,25.7669,6.2465
4,5,"CRM","crm_fixed",45,3,0,0.3,39.5427,26.5477,12.995
4,5,"CRM","crm_fixed",45,3,0.3,0.6,26.5477,17.3452,9.2025
4,5,"CRM","crm_fixed",45,3,0.6,0.9,17.3452,10.0948,7.2504
4,5,"CRM","crm_random",45,3,0,0.3,43.8929,33.2404,10.6525
4,5,"CRM","crm_random",45,3,0.3,0.6,33.2404,25.0976,8.1428
4,5,"CRM","crm_random",45,3,0.6,0.9,25.0976,16.7317,8.3659
4,5,"CRM","crm_level",45,3,0,0.3,45.7892,34.077,11.7122
4,5,"CRM","crm_level",45,3,0.3,0.6,34.077,23.5917,10.4853
4,5,"CRM","crm_level",45,3,0.6,0.9,23.5917,16.2298,7.3619
4,5,"CRM","crm_level",45,3,0.9,1.2,16.2298,9.4813,6.7485
4,5,"CRM","crm_alpha_crm",45,3,0,0.3,52.5376,43.1121,9.4255
4,5,"CRM","crm_alpha_crm",45,3,0.3,0.6,43.1121,33.2962,9.8159
4,5,"CRM","crm_alpha_crm",45,3,0.6,0.9,33.2962,25.4322,7.864
4,5,"CRM","crm_alpha_crm",45,3,0.9,1.2,25.4322,18.7395,6.6927
4,5,"CRM","crm_alpha_crm",45,3,1.2,1.5,18.7395,12.7161,6.0234
4,5,"CRM","crm_cumu_crm",45,3,0,0.3,64.1383,55.7167,8.4216
4,5,"CRM","crm_cumu_crm",45,3,0.3,0.6,55.7167,45.343,10.3737
4,5,"CRM","crm_cumu_crm",45,3,0.6,0.9,45.343,36.754,8.58900000000001
4,5,"CRM","crm_cumu_crm",45,3,0.9,1.2,36.754,28.3882,8.3658
4,5,"CRM","crm_cumu_crm",45,3,1.2,1.5,28.3882,20.4685,7.9197
5,2,"CRM","crm_fixed",45,2,0.9,1.2,30.2844,22.6994,7.585
5,2,"CRM","crm_fixed",45,2,1.2,1.5,22.6994,15.5605,7.1389
5,2,"CRM","crm_random",45,2,0.9,1.2,30.1729,24.1495,6.0234
5,2,"CRM","crm_level",45,2,0.9,1.2,32.5153,26.6592,5.8561
5,2,"CRM","crm_level",45,2,1.2,1.5,26.6592,20.6358,6.0234
5,2,"CRM","crm_alpha_crm",45,2,1.2,1.5,25.7669,19.855,5.9119
5,2,"CRM","crm_fixed",45,3,0.9,1.2,30.7306,23.3129,7.4177
5,2,"CRM","crm_fixed",45,3,1.2,1.5,23.3129,14.8912,8.4217
5,2,"CRM","crm_random",45,3,0.9,1.2,31.5672,25.7111,5.8561
5,2,"CRM","crm_random",45,3,1.2,1.5,25.7111,20.4685,5.2426
5,2,"CRM","crm_level",45,3,1.2,1.5,27.9978,21.0262,6.9716
5,2,"CRM","crm_alpha_crm",45,3,1.2,1.5,27.3285,21.7513,5.5772
6,2,"CRM","crm_fixed",45,2,0,0.3,50.4741,45.0641,5.41
6,2,"CRM","crm_fixed",45,2,0.3,0.6,45.0641,36.1963,8.8678
6,2,"CRM","crm_fixed",45,2,0.6,0.9,36.1963,26.8265,9.3698
6,2,"CRM","crm_fixed",45,2,0.9,1.2,26.8265,19.4646,7.3619
6,2,"CRM","crm_fixed",45,2,1.2,1.5,19.4646,11.4891,7.9755
6,2,"CRM","crm_random",45,2,0,0.3,51.5895,45.343,6.2465
6,2,"CRM","crm_random",45,2,0.3,0.6,45.343,38.0368,7.3062
6,2,"CRM","crm_random",45,2,0.6,0.9,38.0368,29.894,8.1428
6,2,"CRM","crm_random",45,2,0.9,1.2,29.894,24.5399,5.3541
6,2,"CRM","crm_random",45,2,1.2,1.5,24.5399,15.9509,8.589
6,2,"CRM","crm_level",45,2,0,0.3,51.0318,44.7295,6.3023
6,2,"CRM","crm_level",45,2,0.3,0.6,44.7295,38.5388,6.1907
6,2,"CRM","crm_level",45,2,0.6,0.9,38.5388,30.4518,8.087
6,2,"CRM","crm_level",45,2,0.9,1.2,30.4518,22.6436,7.8082
6,2,"CRM","crm_level",45,2,1.2,1.5,22.6436,16.5086,6.135
6,2,"CRM","crm_alpha_crm",45,2,0.3,0.6,47.9085,40.435,7.47349999999999
6,2,"CRM","crm_alpha_crm",45,2,0.6,0.9,40.435,32.348,8.087
6,2,"CRM","crm_alpha_crm",45,2,0.9,1.2,32.348,24.763,7.585
6,2,"CRM","crm_alpha_crm",45,2,1.2,1.5,24.763,17.0106,7.7524
6,2,"CRM","crm_cumu_crm",45,2,0.6,0.9,54.3781,48.9682,5.4099
6,2,"CRM","crm_cumu_crm",45,2,1.2,1.5,44.0045,38.7061,5.2984
6,2,"CRM","crm_fixed",45,3,0,0.3,50.976,43.2794,7.6966
6,2,"CRM","crm_fixed",45,3,0.3,0.6,43.2794,34.077,9.2024
6,2,"CRM","crm_fixed",45,3,0.6,0.9,34.077,26.3246,7.7524
6,2,"CRM","crm_fixed",45,3,0.9,1.2,26.3246,18.126,8.1986
6,2,"CRM","crm_fixed",45,3,1.2,1.5,18.126,9.5371,8.5889
6,2,"CRM","crm_random",45,3,0,0.3,51.1991,44.7853,6.4138
6,2,"CRM","crm_random",45,3,0.3,0.6,44.7853,37.1445,7.6408
6,2,"CRM","crm_random",45,3,0.6,0.9,37.1445,29.8383,7.3062
6,2,"CRM","crm_random",45,3,0.9,1.2,29.8383,21.9186,7.9197
6,2,"CRM","crm_random",45,3,1.2,1.5,21.9186,14.7239,7.1947
6,2,"CRM","crm_level",45,3,0,0.3,50.8087,44.3949,6.4138
6,2,"CRM","crm_level",45,3,0.3,0.6,44.3949,36.6983,7.6966
6,2,"CRM","crm_level",45,3,0.6,0.9,36.6983,29.9498,6.7485
6,2,"CRM","crm_level",45,3,0.9,1.2,29.9498,19.9108,10.039
6,2,"CRM","crm_level",45,3,1.2,1.5,19.9108,14.6682,5.2426
6,2,"CRM","crm_alpha_crm",45,3,0,0.3,52.0357,46.8489,5.1868
6,2,"CRM","crm_alpha_crm",45,3,0.3,0.6,46.8489,38.6503,8.1986
6,2,"CRM","crm_alpha_crm",45,3,0.6,0.9,38.6503,32.7384,5.9119
6,2,"CRM","crm_alpha_crm",45,3,0.9,1.2,32.7384,23.9264,8.812
6,2,"CRM","crm_alpha_crm",45,3,1.2,1.5,23.9264,16.7875,7.1389
6,2,"CRM","crm_cumu_crm",45,3,0.6,0.9,54.6012,49.5817,5.0195
6,2,"CRM","crm_cumu_crm",45,3,0.9,1.2,49.5817,44.3949,5.1868
6,2,"CRM","crm_cumu_crm",45,3,1.2,1.5,44.3949,38.0926,6.3023
7,4,"CRM","crm_fixed",45,2,0.6,0.9,54.3224,46.4584,7.864
7,4,"CRM","crm_fixed",45,2,1.2,1.5,41.9409,36.1963,5.7446
7,4,"CRM","crm_random",45,2,0.9,1.2,51.478,46.2354,5.2426
7,4,"CRM","crm_random",45,2,1.2,1.5,46.2354,39.5984,6.637
7,4,"CRM","crm_level",45,2,0.9,1.2,52.9281,47.0719,5.8562
7,4,"CRM","crm_fixed",45,3,0.6,0.9,56.7764,50.0837,6.6927
7,4,"CRM","crm_fixed",45,3,0.9,1.2,50.0837,43.4467,6.637
7,4,"CRM","crm_fixed",45,3,1.2,1.5,43.4467,35.1924,8.2543
7,4,"CRM","crm_random",45,3,1.2,1.5,50.251,41.0485,9.2025
7,4,"CRM","crm_level",45,3,0.9,1.2,56.1629,49.6933,6.4696
7,4,"CRM","crm_level",45,3,1.2,1.5,49.6933,42.5544,7.1389
8,3,"CRM","crm_fixed",45,2,0,0.3,29.169,23.4802,5.6888
8,3,"CRM","crm_fixed",45,2,0.3,0.6,23.4802,18.3491,5.1311
8,3,"CRM","crm_fixed",45,2,0.6,0.9,18.3491,12.493,5.8561
8,3,"CRM","crm_random",45,2,0.6,0.9,23.3129,16.1182,7.1947
8,3,"CRM","crm_level",45,2,0.6,0.9,22.8667,17.1779,5.6888
8,3,"CRM","crm_alpha_crm",45,2,0.6,0.9,24.5399,18.6838,5.8561
8,3,"CRM","crm_fixed",45,3,0,0.3,29.3921,21.6397,7.7524
8,3,"CRM","crm_fixed",45,3,0.3,0.6,21.6397,15.6163,6.0234
8,3,"CRM","crm_fixed",45,3,0.6,0.9,15.6163,9.7044,5.9119
8,3,"CRM","crm_random",45,3,0,0.3,30.5075,24.3726,6.1349
8,3,"CRM","crm_random",45,3,0.6,0.9,19.4646,13.72,5.7446
8,3,"CRM","crm_level",45,3,0.3,0.6,25.99,19.0742,6.9158
8,3,"CRM","crm_level",45,3,0.6,0.9,19.0742,13.6085,5.4657
8,3,"CRM","crm_alpha_crm",45,3,0.6,0.9,22.6994,15.449,7.2504
8,3,"CRM","crm_cumu_crm",45,3,1.2,1.5,22.5321,17.1221,5.41
9,4,"CRM","crm_fixed",45,2,0.6,0.9,36.8098,30.692,6.1178
9,4,"CRM","crm_fixed",45,2,0.9,1.2,30.692,23.6607,7.0313
9,4,"CRM","crm_fixed",45,2,1.2,1.5,23.6607,17.8013,5.8594
9,4,"CRM","crm_random",45,2,0.9,1.2,34.654,27.9018,6.7522
9,4,"CRM","crm_level",45,2,0.9,1.2,35.9375,29.6875,6.25
9,4,"CRM","crm_fixed",45,3,0.3,0.6,42.2197,36.9214,5.2983
9,4,"CRM","crm_fixed",45,3,0.6,0.9,36.9214,30.8594,6.062
9,4,"CRM","crm_fixed",45,3,0.9,1.2,30.8594,21.9866,8.8728
9,4,"CRM","crm_fixed",45,3,1.2,1.5,21.9866,15.4018,6.5848
9,4,"CRM","crm_random",45,3,0.6,0.9,41.0156,34.4866,6.529
9,4,"CRM","crm_random",45,3,0.9,1.2,34.4866,29.4643,5.0223
9,4,"CRM","crm_level",45,3,0.6,0.9,41.7969,36.6071,5.1898
9,4,"CRM","crm_level",45,3,0.9,1.2,36.6071,29.6317,6.9754
9,4,"CRM","crm_level",45,3,1.2,1.5,29.6317,24.3862,5.2455
9,4,"CRM","crm_alpha_crm",45,3,1.2,1.5,38.7061,32.7942,5.9119
10,3,"CRM","crm_fixed",45,2,0.9,1.2,37.5835,30.2895,7.294
10,3,"CRM","crm_fixed",45,2,1.2,1.5,30.2895,21.4922,8.7973
10,3,"CRM","crm_random",45,2,1.2,1.5,35.4318,29.5822,5.8496
10,3,"CRM","crm_level",45,2,0.9,1.2,42.1727,37.1031,5.0696
10,3,"CRM","crm_level",45,2,1.2,1.5,37.1031,29.0808,8.0223
10,3,"CRM","crm_alpha_crm",45,2,0.9,1.2,43.7082,37.4165,6.2917
10,3,"CRM","crm_alpha_crm",45,2,1.2,1.5,37.4165,31.5702,5.8463
10,3,"CRM","crm_fixed",45,3,0.3,0.6,43.931,38.6971,5.2339
10,3,"CRM","crm_fixed",45,3,0.6,0.9,38.6971,31.2361,7.461
10,3,"CRM","crm_fixed",45,3,0.9,1.2,31.2361,24.1091,7.127
10,3,"CRM","crm_fixed",45,3,1.2,1.5,24.1091,16.8151,7.294
10,3,"CRM","crm_random",45,3,0.6,0.9,41.5042,35.9889,5.5153
10,3,"CRM","crm_random",45,3,0.9,1.2,35.9889,29.805,6.1839
10,3,"CRM","crm_random",45,3,1.2,1.5,29.805,23.5655,6.2395
10,3,"CRM","crm_level",45,3,0.6,0.9,41.1142,35.4875,5.6267
10,3,"CRM","crm_level",45,3,0.9,1.2,35.4875,28.9694,6.5181
10,3,"CRM","crm_level",45,3,1.2,1.5,28.9694,22.7855,6.1839
10,3,"CRM","crm_alpha_crm",45,3,0.6,0.9,42.2049,36.971,5.23390000000001
10,3,"CRM","crm_alpha_crm",45,3,1.2,1.5,32.5724,27.5612,5.0112
10,3,"CRM","crm_cumu_crm",45,3,1.2,1.5,42.706,37.0267,5.6793
11,5,"CRM","crm_fixed",45,2,0.9,1.2,84.2897,78.6072,5.68249999999999
11,5,"CRM","crm_fixed",45,3,0.6,0.9,85.6267,80.2228,5.40389999999999
11,5,"CRM","crm_fixed",45,3,0.9,1.2,80.2228,73.8719,6.35090000000001
11,5,"CRM","crm_fixed",45,3,1.2,1.5,73.8719,68.6351,5.2368
13,5,"CRM","crm_fixed",45,2,0,0.3,66.0724,60.8914,5.181
13,5,"CRM","crm_fixed",45,2,0.6,0.9,56.1003,48.3008,7.79949999999999
13,5,"CRM","crm_fixed",45,2,0.9,1.2,48.3008,41.8384,6.4624
13,5,"CRM","crm_fixed",45,2,1.2,1.5,41.8384,36.6017,5.2367
13,5,"CRM","crm_random",45,2,0.6,0.9,57.1031,51.532,5.5711
13,5,"CRM","crm_random",45,2,0.9,1.2,51.532,45.961,5.571
13,5,"CRM","crm_level",45,2,0.6,0.9,57.9944,51.9777,6.0167
13,5,"CRM","crm_level",45,2,0.9,1.2,51.9777,46.1281,5.8496
13,5,"CRM","crm_fixed",45,3,0,0.3,65.7939,59.2201,6.57379999999999
13,5,"CRM","crm_fixed",45,3,0.3,0.6,59.2201,50.4178,8.8023
13,5,"CRM","crm_fixed",45,3,0.6,0.9,50.4178,42.2284,8.1894
13,5,"CRM","crm_fixed",45,3,0.9,1.2,42.2284,34.429,7.7994
13,5,"CRM","crm_fixed",45,3,1.2,1.5,34.429,28.3565,6.0725
13,5,"CRM","crm_random",45,3,0,0.3,66.0167,60.7799,5.2368
13,5,"CRM","crm_random",45,3,0.3,0.6,60.7799,53.2591,7.5208
13,5,"CRM","crm_random",45,3,0.6,0.9,53.2591,43.7326,9.5265
13,5,"CRM","crm_random",45,3,0.9,1.2,43.7326,37.5487,6.1839
13,5,"CRM","crm_random",45,3,1.2,1.5,37.5487,31.6435,5.9052
13,5,"CRM","crm_level",45,3,0,0.3,66.9638,60.8357,6.1281
13,5,"CRM","crm_level",45,3,0.3,0.6,60.8357,53.9833,6.8524
13,5,"CRM","crm_level",45,3,0.6,0.9,53.9833,44.5682,9.4151
13,5,"CRM","crm_level",45,3,0.9,1.2,44.5682,39.1643,5.4039
13,5,"CRM","crm_level",45,3,1.2,1.5,39.1643,33.0919,6.07239999999999
13,5,"CRM","crm_alpha_crm",45,3,0.9,1.2,58.5515,52.9248,5.6267
13,5,"CRM","crm_cumu_crm",45,3,0.3,0.6,64.0669,58.1616,5.9053
13,5,"CRM","crm_cumu_crm",45,3,0.9,1.2,53.5933,47.7437,5.8496
13,5,"CRM","crm_cumu_crm",45,3,1.2,1.5,47.7437,42.0613,5.68239999999999
15,3,"CRM","crm_fixed",45,2,1.2,1.5,53.8719,47.9666,5.9053
15,3,"CRM","crm_fixed",45,3,0.9,1.2,54.1504,48.0223,6.1281
15,3,"CRM","crm_fixed",45,3,1.2,1.5,48.0223,42.6741,5.3482
15,3,"CRM","crm_level",45,3,1.2,1.5,53.2591,46.5181,6.741
17,2,"CRM","crm_random",45,3,1.2,1.5,76.9788,71.8506,5.12820000000001
20,3,"CRM","crm_fixed",45,2,0,0.3,51.6165,44.5373,7.0792
20,3,"CRM","crm_fixed",45,2,0.3,0.6,44.5373,36.8656,7.6717
20,3,"CRM","crm_fixed",45,2,0.6,0.9,36.8656,30.3402,6.5254
20,3,"CRM","crm_fixed",45,2,0.9,1.2,30.3402,24.2052,6.135
20,3,"CRM","crm_random",45,2,0,0.3,53.0954,46.6815,6.4139
20,3,"CRM","crm_random",45,2,0.3,0.6,46.6815,39.0965,7.585
20,3,"CRM","crm_random",45,2,0.6,0.9,39.0965,33.9096,5.1869
20,3,"CRM","crm_random",45,2,0.9,1.2,33.9096,27.1612,6.7484
20,3,"CRM","crm_level",45,2,0,0.3,53.0396,47.1277,5.9119
20,3,"CRM","crm_level",45,2,0.3,0.6,47.1277,40.8812,6.2465
20,3,"CRM","crm_level",45,2,0.6,0.9,40.8812,35.5828,5.2984
20,3,"CRM","crm_level",45,2,0.9,1.2,35.5828,28.5555,7.0273
20,3,"CRM","crm_level",45,2,1.2,1.5,28.5555,22.9225,5.633
20,3,"CRM","crm_alpha_crm",45,2,0.3,0.6,51.5608,45.9309,5.6299
20,3,"CRM","crm_alpha_crm",45,2,0.6,0.9,45.9309,38.1271,7.8038
20,3,"CRM","crm_alpha_crm",45,2,0.9,1.2,38.1271,32.9431,5.184
20,3,"CRM","crm_alpha_crm",45,2,1.2,1.5,32.9431,27.7592,5.1839
20,3,"CRM","crm_cumu_crm",45,2,0.3,0.6,53.2887,47.8818,5.4069
20,3,"CRM","crm_cumu_crm",45,2,0.6,0.9,47.8818,41.4158,6.466
20,3,"CRM","crm_fixed",45,3,0,0.3,51.3935,43.5025,7.89100000000001
20,3,"CRM","crm_fixed",45,3,0.3,0.6,43.5025,34.2443,9.2582
20,3,"CRM","crm_fixed",45,3,0.6,0.9,34.2443,26.5477,7.6966
20,3,"CRM","crm_fixed",45,3,0.9,1.2,26.5477,19.2415,7.3062
20,3,"CRM","crm_fixed",45,3,1.2,1.5,19.2415,13.9989,5.2426
20,3,"CRM","crm_random",45,3,0,0.3,52.4261,44.2833,8.1428
20,3,"CRM","crm_random",45,3,0.3,0.6,44.2833,35.9732,8.3101
20,3,"CRM","crm_random",45,3,0.6,0.9,35.9732,30.0613,5.9119
20,3,"CRM","crm_random",45,3,0.9,1.2,30.0613,22.5321,7.5292
20,3,"CRM","crm_level",45,3,0,0.3,51.3664,43.0006,8.3658
20,3,"CRM","crm_level",45,3,0.3,0.6,43.0006,36.029,6.9716
20,3,"CRM","crm_level",45,3,0.6,0.9,36.029,30.1729,5.8561
20,3,"CRM","crm_level",45,3,0.9,1.2,30.1729,22.9225,7.2504
20,3,"CRM","crm_level",45,3,1.2,1.5,22.9225,17.2337,5.6888
20,3,"CRM","crm_alpha_crm",45,3,0,0.3,54.5151,47.7703,6.7448
20,3,"CRM","crm_alpha_crm",45,3,0.3,0.6,47.7703,40.9142,6.8561
20,3,"CRM","crm_alpha_crm",45,3,0.9,1.2,37.1237,28.2609,8.8628
20,3,"CRM","crm_alpha_crm",45,3,1.2,1.5,28.2609,23.0769,5.184
20,3,"CRM","crm_cumu_crm",45,3,0,0.3,56.3545,50.7246,5.6299
20,3,"CRM","crm_cumu_crm",45,3,0.3,0.6,50.7246,44.5373,6.1873
20,3,"CRM","crm_cumu_crm",45,3,0.9,1.2,41.0814,36.0647,5.0167
20,3,"CRM","crm_cumu_crm",45,3,1.2,1.5,36.0647,30.1561,5.9086
